999
dxfrw 0.6.3
  0
SECTION
  2
HEADER
  9
$ACADVER
  1
AC1021
  9
$DWGCODEPAGE
  3
ANSI_932
  9
$INSBASE
 10
0
 20
0
 30
0
  9
$EXTMIN
 10
-83.81090500000001
 20
52.213178
 30
0
  9
$EXTMAX
 10
106.630528
 20
128.354095
 30
0
  9
$LIMMIN
 10
-83.85638
 20
52.169081
  9
$LIMMAX
 10
106.674626
 20
131.47828
  9
$ORTHOMODE
 70
    0
  9
$REGENMODE
 70
    1
  9
$FILLMODE
 70
    1
  9
$QTEXTMODE
 70
    0
  9
$MIRRTEXT
 70
    1
  9
$LTSCALE
 40
1
  9
$ATTMODE
 70
    1
  9
$TEXTSIZE
 40
0.2
  9
$TRACEWID
 40
0.05
  9
$TEXTSTYLE
  7
Standard
  9
$CLAYER
  8
0
  9
$CELTYPE
  6
Continuous
  9
$CECOLOR
 62
  256
  9
$CELTSCALE
 40
1
  9
$DISPSILH
 70
    0
  9
$DIMSCALE
 40
1
  9
$DIMASZ
 40
0.18
  9
$DIMEXO
 40
0.0625
  9
$DIMDLI
 40
0.38
  9
$DIMRND
 40
0
  9
$DIMDLE
 40
0
  9
$DIMEXE
 40
0.18
  9
$DIMTP
 40
0
  9
$DIMTM
 40
0
  9
$DIMTXT
 40
0.18
  9
$DIMCEN
 40
0.09
  9
$DIMTSZ
 40
0
  9
$DIMTOL
 70
    0
  9
$DIMLIM
 70
    0
  9
$DIMTIH
 70
    1
  9
$DIMTOH
 70
    1
  9
$DIMSE1
 70
    0
  9
$DIMSE2
 70
    0
  9
$DIMTAD
 70
    0
  9
$DIMZIN
 70
    0
  9
$DIMBLK
  1

  9
$DIMASO
 70
    1
  9
$DIMSHO
 70
    1
  9
$DIMPOST
  1

  9
$DIMAPOST
  1

  9
$DIMALT
 70
    0
  9
$DIMALTD
 70
    2
  9
$DIMALTF
 40
25.4
  9
$DIMLFAC
 40
1
  9
$DIMTOFL
 70
    0
  9
$DIMTVP
 40
0
  9
$DIMTIX
 70
    0
  9
$DIMSOXD
 70
    0
  9
$DIMSAH
 70
    0
  9
$DIMBLK1
  1

  9
$DIMBLK2
  1

  9
$DIMSTYLE
  2
Standard
  9
$DIMCLRD
 70
    0
  9
$DIMCLRE
 70
    0
  9
$DIMCLRT
 70
    0
  9
$DIMTFAC
 40
1
  9
$DIMGAP
 40
0.09
  9
$DIMJUST
 70
    0
  9
$DIMSD1
 70
    0
  9
$DIMSD2
 70
    0
  9
$DIMTOLJ
 70
    1
  9
$DIMTZIN
 70
    0
  9
$DIMALTZ
 70
    0
  9
$DIMALTTZ
 70
    0
  9
$DIMUPT
 70
    0
  9
$DIMDEC
 70
    4
  9
$DIMTDEC
 70
    4
  9
$DIMALTU
 70
    2
  9
$DIMALTTD
 70
    2
  9
$DIMTXSTY
  7
Standard
  9
$DIMAUNIT
 70
    0
  9
$DIMADEC
 70
    0
  9
$DIMALTRND
 40
0
  9
$DIMAZIN
 70
    0
  9
$DIMDSEP
 70
    0
  9
$DIMATFIT
 70
    3
  9
$DIMFRAC
 70
    0
  9
$DIMLDRBLK
  1

  9
$DIMLUNIT
 70
    2
  9
$DIMLWD
 70
    0
  9
$DIMLWE
 70
    0
  9
$DIMTMOVE
 70
    0
  9
$DIMFXL
 40
1
  9
$DIMFXLON
 70
    0
  9
$DIMJOGANG
 40
0.7854
  9
$DIMTFILL
 70
    0
  9
$DIMTFILLCLR
 70
    0
  9
$DIMARCSYM
 70
    0
  9
$DIMLTYPE
  6

  9
$DIMLTEX1
  6

  9
$DIMLTEX2
  6

  9
$LUNITS
 70
    2
  9
$LUPREC
 70
    4
  9
$SKETCHINC
 40
0.1
  9
$FILLETRAD
 40
0
  9
$AUNITS
 70
    0
  9
$AUPREC
 70
    0
  9
$MENU
  1
acad
  9
$ELEVATION
 40
0
  9
$PELEVATION
 40
0
  9
$THICKNESS
 40
0
  9
$LIMCHECK
 70
    0
  9
$CHAMFERA
 40
0
  9
$CHAMFERB
 40
0
  9
$CHAMFERC
 40
0
  9
$CHAMFERD
 40
0
  9
$SKPOLY
 70
    0
  9
$USRTIMER
 70
    1
  9
$ANGBASE
 50
0
  9
$ANGDIR
 70
    0
  9
$PDMODE
 70
    0
  9
$PDSIZE
 40
0
  9
$PLINEWID
 40
0
  9
$SPLFRAME
 70
    0
  9
$SPLINETYPE
 70
    6
  9
$SPLINESEGS
 70
    8
  9
$HANDSEED
  5
20000
  9
$SURFTAB1
 70
    6
  9
$SURFTAB2
 70
    6
  9
$SURFTYPE
 70
    6
  9
$SURFU
 70
    6
  9
$SURFV
 70
    6
  9
$UCSBASE
  2

  9
$UCSNAME
  2

  9
$UCSORG
 10
0
 20
0
 30
0
  9
$UCSXDIR
 10
1
 20
0
 30
0
  9
$UCSYDIR
 10
0
 20
1
 30
0
  9
$UCSORTHOREF
  2

  9
$UCSORTHOVIEW
 70
    0
  9
$UCSORGTOP
 10
0
 20
0
 30
0
  9
$UCSORGBOTTOM
 10
0
 20
0
 30
0
  9
$UCSORGLEFT
 10
0
 20
0
 30
0
  9
$UCSORGRIGHT
 10
0
 20
0
 30
0
  9
$UCSORGFRONT
 10
0
 20
0
 30
0
  9
$UCSORGBACK
 10
0
 20
0
 30
0
  9
$PUCSBASE
  2

  9
$PUCSNAME
  2

  9
$PUCSORG
 10
0
 20
0
 30
0
  9
$PUCSXDIR
 10
1
 20
0
 30
0
  9
$PUCSYDIR
 10
0
 20
1
 30
0
  9
$PUCSORTHOREF
  2

  9
$PUCSORTHOVIEW
 70
    0
  9
$PUCSORGTOP
 10
0
 20
0
 30
0
  9
$PUCSORGBOTTOM
 10
0
 20
0
 30
0
  9
$PUCSORGLEFT
 10
0
 20
0
 30
0
  9
$PUCSORGRIGHT
 10
0
 20
0
 30
0
  9
$PUCSORGFRONT
 10
0
 20
0
 30
0
  9
$PUCSORGBACK
 10
0
 20
0
 30
0
  9
$USERI1
 70
    0
  9
$USERI2
 70
    0
  9
$USERI3
 70
    0
  9
$USERI4
 70
    0
  9
$USERI5
 70
    0
  9
$USERR1
 40
0
  9
$USERR2
 40
0
  9
$USERR3
 40
0
  9
$USERR4
 40
0
  9
$USERR5
 40
0
  9
$WORLDVIEW
 70
    1
  9
$SHADEDGE
 70
    3
  9
$SHADEDIF
 70
   70
  9
$TILEMODE
 70
    1
  9
$MAXACTVP
 70
   16
  9
$PINSBASE
 10
0
 20
0
 30
0
  9
$PLIMCHECK
 70
    0
  9
$PEXTMIN
 10
1e+020
 20
1e+020
 30
1e+020
  9
$PEXTMAX
 10
-1e+020
 20
-1e+020
 30
-1e+020
  9
$GRIDMODE
 70
    0
  9
$SNAPSTYLE
 70
    0
  9
$PLIMMIN
 10
0
 20
0
  9
$PLIMMAX
 10
12
 20
9
  9
$UNITMODE
 70
    0
  9
$VISRETAIN
 70
    0
  9
$PLINEGEN
 70
    1
  9
$PSLTSCALE
 70
    0
  9
$TREEDEPTH
 70
 3020
  9
$CMLSTYLE
  2
Standard
  9
$CMLJUST
 70
    0
  9
$CMLSCALE
 40
1
  9
$PROXYGRAPHICS
 70
    0
  9
$MEASUREMENT
 70
    1
  9
$CELWEIGHT
370
    0
  9
$ENDCAPS
280
    0
  9
$JOINSTYLE
280
    0
  9
$LWDISPLAY
290
    0
  9
$INSUNITS
 70
    0
  9
$HYPERLINKBASE
  1

  9
$STYLESHEET
  1

  9
$XEDIT
290
    1
  9
$CEPSNTYPE
380
    0
  9
$PSTYLEMODE
290
    1
  9
$EXTNAMES
290
    1
  9
$PSVPSCALE
 40
0
  9
$OLESTARTUP
290
    0
  9
$SORTENTS
280
  127
  9
$INDEXCTL
280
    0
  9
$HIDETEXT
280
    1
  9
$XCLIPFRAME
290
    0
  9
$HALOGAP
280
    0
  9
$OBSCOLOR
 70
  257
  9
$OBSLTYPE
280
    0
  9
$INTERSECTIONDISPLAY
280
    0
  9
$INTERSECTIONCOLOR
 70
  257
  9
$DIMASSOC
280
    1
  9
$PROJECTNAME
  1

  9
$CAMERADISPLAY
290
    0
  9
$LENSLENGTH
 40
50
  9
$CAMERAHEIGHT
 40
0
  9
$STEPSPERSEC
 40
2
  9
$STEPSIZE
 40
50
  9
$3DDWFPREC
 40
2
  9
$PSOLWIDTH
 40
5
  9
$PSOLHEIGHT
 40
80
  9
$LOFTANG1
 40
1.570796326794897
  9
$LOFTANG2
 40
1.570796326794897
  9
$LOFTMAG1
 40
0
  9
$LOFTMAG2
 40
0
  9
$LOFTPARAM
 70
    7
  9
$LOFTNORMALS
280
    1
  9
$LATITUDE
 40
1
  9
$LONGITUDE
 40
1
  9
$NORTHDIRECTION
 40
0
  9
$TIMEZONE
 70
-8000
  9
$LIGHTGLYPHDISPLAY
280
    1
  9
$TILEMODELIGHTSYNCH
280
    1
  9
$SOLIDHIST
280
    1
  9
$SHOWHIST
280
    1
  9
$DWFFRAME
280
    2
  9
$DGNFRAME
280
    0
  9
$REALWORLDSCALE
290
    1
  9
$INTERFERECOLOR
 62
    1
  9
$CSHADOW
280
    0
  9
$SHADOWPLANELOCATION
 40
0
  0
ENDSEC
  0
SECTION
  2
CLASSES
  0
ENDSEC
  0
SECTION
  2
TABLES
  0
TABLE
  2
VPORT
  5
8
330
0
100
AcDbSymbolTable
 70
    1
  0
VPORT
  5
31
330
2
100
AcDbSymbolTableRecord
100
AcDbViewportTableRecord
  2
*ACTIVE
 70
    0
 10
0
 20
0
 11
1
 21
1
 12
89.76343175032825
 22
92.30790698104622
 13
0
 23
0
 14
10
 24
10
 15
10
 25
10
 16
0
 26
0
 36
1
 17
0
 27
0
 37
0
 40
154.3648306635566
 41
1.919413919413919
 42
50
 43
0
 44
0
 50
0
 51
0
 71
    0
 72
  100
 73
    1
 74
    3
 75
    0
 76
    0
 77
    0
 78
    0
281
    0
 65
    1
110
0
120
0
130
0
111
1
121
0
131
0
112
0
122
1
132
0
 79
    0
146
0
348
10020
 60
    7
 61
    5
292
1
282
    1
141
0
142
0
 63
  250
421
3358443
  0
ENDTAB
  0
TABLE
  2
LTYPE
  5
5
330
0
100
AcDbSymbolTable
 70
    4
  0
LTYPE
  5
14
330
5
100
AcDbSymbolTableRecord
100
AcDbLinetypeTableRecord
  2
ByBlock
 70
    0
  3

 72
   65
 73
    0
 40
0
  0
LTYPE
  5
15
330
5
100
AcDbSymbolTableRecord
100
AcDbLinetypeTableRecord
  2
ByLayer
 70
    0
  3

 72
   65
 73
    0
 40
0
  0
LTYPE
  5
16
330
5
100
AcDbSymbolTableRecord
100
AcDbLinetypeTableRecord
  2
Continuous
 70
    0
  3
Solid line
 72
   65
 73
    0
 40
0
  0
LTYPE
  5
32
330
5
100
AcDbSymbolTableRecord
100
AcDbLinetypeTableRecord
  2
DOT
 70
    0
  3
Dot . . . . . . . . . . . . . . . . . . . . . .
 72
   65
 73
    2
 40
6.35
 49
0
 74
    0
 49
-6.35
 74
    0
  0
LTYPE
  5
33
330
5
100
AcDbSymbolTableRecord
100
AcDbLinetypeTableRecord
  2
DOTTINY
 70
    0
  3
Dot (.15x) .....................................
 72
   65
 73
    2
 40
0.9525
 49
0
 74
    0
 49
-0.9525
 74
    0
  0
LTYPE
  5
34
330
5
100
AcDbSymbolTableRecord
100
AcDbLinetypeTableRecord
  2
DOT2
 70
    0
  3
Dot (.5x) .....................................
 72
   65
 73
    2
 40
3.175
 49
0
 74
    0
 49
-3.175
 74
    0
  0
LTYPE
  5
35
330
5
100
AcDbSymbolTableRecord
100
AcDbLinetypeTableRecord
  2
DOTX2
 70
    0
  3
Dot (2x) .  .  .  .  .  .  .  .  .  .  .  .  .
 72
   65
 73
    2
 40
12.7
 49
0
 74
    0
 49
-12.7
 74
    0
  0
LTYPE
  5
36
330
5
100
AcDbSymbolTableRecord
100
AcDbLinetypeTableRecord
  2
DASHED
 70
    0
  3
Dashed _ _ _ _ _ _ _ _ _ _ _ _ _ _ _ _ _
 72
   65
 73
    2
 40
19.05
 49
12.7
 74
    0
 49
-6.35
 74
    0
  0
LTYPE
  5
37
330
5
100
AcDbSymbolTableRecord
100
AcDbLinetypeTableRecord
  2
DASHEDTINY
 70
    0
  3
Dashed (.15x) _ _ _ _ _ _ _ _ _ _ _ _ _ _ _ _ _
 72
   65
 73
    2
 40
2.8575
 49
1.905
 74
    0
 49
-0.9525
 74
    0
  0
LTYPE
  5
38
330
5
100
AcDbSymbolTableRecord
100
AcDbLinetypeTableRecord
  2
DASHED2
 70
    0
  3
Dashed (.5x) _ _ _ _ _ _ _ _ _ _ _ _ _ _ _ _ _
 72
   65
 73
    2
 40
9.524999999999999
 49
6.35
 74
    0
 49
-3.175
 74
    0
  0
LTYPE
  5
39
330
5
100
AcDbSymbolTableRecord
100
AcDbLinetypeTableRecord
  2
DASHEDX2
 70
    0
  3
Dashed (2x) ____  ____  ____  ____  ____  ___
 72
   65
 73
    2
 40
38.09999999999999
 49
25.4
 74
    0
 49
-12.7
 74
    0
  0
LTYPE
  5
3A
330
5
100
AcDbSymbolTableRecord
100
AcDbLinetypeTableRecord
  2
DASHDOT
 70
    0
  3
Dash dot __ . __ . __ . __ . __ . __ . __ . __
 72
   65
 73
    4
 40
25.4
 49
12.7
 74
    0
 49
-6.35
 74
    0
 49
0
 74
    0
 49
-6.35
 74
    0
  0
LTYPE
  5
3B
330
5
100
AcDbSymbolTableRecord
100
AcDbLinetypeTableRecord
  2
DASHDOTTINY
 70
    0
  3
Dash dot (.15x) _._._._._._._._._._._._._._._.
 72
   65
 73
    4
 40
3.81
 49
1.905
 74
    0
 49
-0.9525
 74
    0
 49
0
 74
    0
 49
-0.9525
 74
    0
  0
LTYPE
  5
3C
330
5
100
AcDbSymbolTableRecord
100
AcDbLinetypeTableRecord
  2
DASHDOT2
 70
    0
  3
Dash dot (.5x) _._._._._._._._._._._._._._._.
 72
   65
 73
    4
 40
12.7
 49
6.35
 74
    0
 49
-3.175
 74
    0
 49
0
 74
    0
 49
-3.175
 74
    0
  0
LTYPE
  5
3D
330
5
100
AcDbSymbolTableRecord
100
AcDbLinetypeTableRecord
  2
DASHDOTX2
 70
    0
  3
Dash dot (2x) ____  .  ____  .  ____  .  ___
 72
   65
 73
    4
 40
50.8
 49
25.4
 74
    0
 49
-12.7
 74
    0
 49
0
 74
    0
 49
-12.7
 74
    0
  0
LTYPE
  5
3E
330
5
100
AcDbSymbolTableRecord
100
AcDbLinetypeTableRecord
  2
DIVIDE
 70
    0
  3
Divide ____ . . ____ . . ____ . . ____ . . ____
 72
   65
 73
    6
 40
31.75
 49
12.7
 74
    0
 49
-6.35
 74
    0
 49
0
 74
    0
 49
-6.35
 74
    0
 49
0
 74
    0
 49
-6.35
 74
    0
  0
LTYPE
  5
3F
330
5
100
AcDbSymbolTableRecord
100
AcDbLinetypeTableRecord
  2
DIVIDETINY
 70
    0
  3
Divide (.15x) __..__..__..__..__..__..__..__.._
 72
   65
 73
    6
 40
4.7625
 49
1.905
 74
    0
 49
-0.9525
 74
    0
 49
0
 74
    0
 49
-0.9525
 74
    0
 49
0
 74
    0
 49
-0.9525
 74
    0
  0
LTYPE
  5
40
330
5
100
AcDbSymbolTableRecord
100
AcDbLinetypeTableRecord
  2
DIVIDE2
 70
    0
  3
Divide (.5x) __..__..__..__..__..__..__..__.._
 72
   65
 73
    6
 40
15.875
 49
6.35
 74
    0
 49
-3.175
 74
    0
 49
0
 74
    0
 49
-3.175
 74
    0
 49
0
 74
    0
 49
-3.175
 74
    0
  0
LTYPE
  5
41
330
5
100
AcDbSymbolTableRecord
100
AcDbLinetypeTableRecord
  2
DIVIDEX2
 70
    0
  3
Divide (2x) ________  .  .  ________  .  .  _
 72
   65
 73
    6
 40
63.5
 49
25.4
 74
    0
 49
-12.7
 74
    0
 49
0
 74
    0
 49
-12.7
 74
    0
 49
0
 74
    0
 49
-12.7
 74
    0
  0
LTYPE
  5
42
330
5
100
AcDbSymbolTableRecord
100
AcDbLinetypeTableRecord
  2
BORDER
 70
    0
  3
Border __ __ . __ __ . __ __ . __ __ . __ __ .
 72
   65
 73
    6
 40
44.45
 49
12.7
 74
    0
 49
-6.35
 74
    0
 49
12.7
 74
    0
 49
-6.35
 74
    0
 49
0
 74
    0
 49
-6.35
 74
    0
  0
LTYPE
  5
43
330
5
100
AcDbSymbolTableRecord
100
AcDbLinetypeTableRecord
  2
BORDERTINY
 70
    0
  3
Border (.15x) __.__.__.__.__.__.__.__.__.__.__.
 72
   65
 73
    6
 40
6.6675
 49
1.905
 74
    0
 49
-0.9525
 74
    0
 49
1.905
 74
    0
 49
-0.9525
 74
    0
 49
0
 74
    0
 49
-0.9525
 74
    0
  0
LTYPE
  5
44
330
5
100
AcDbSymbolTableRecord
100
AcDbLinetypeTableRecord
  2
BORDER2
 70
    0
  3
Border (.5x) __.__.__.__.__.__.__.__.__.__.__.
 72
   65
 73
    6
 40
22.225
 49
6.35
 74
    0
 49
-3.175
 74
    0
 49
6.35
 74
    0
 49
-3.175
 74
    0
 49
0
 74
    0
 49
-3.175
 74
    0
  0
LTYPE
  5
45
330
5
100
AcDbSymbolTableRecord
100
AcDbLinetypeTableRecord
  2
BORDERX2
 70
    0
  3
Border (2x) ____  ____  .  ____  ____  .  ___
 72
   65
 73
    6
 40
88.89999999999999
 49
25.4
 74
    0
 49
-12.7
 74
    0
 49
25.4
 74
    0
 49
-12.7
 74
    0
 49
0
 74
    0
 49
-12.7
 74
    0
  0
LTYPE
  5
46
330
5
100
AcDbSymbolTableRecord
100
AcDbLinetypeTableRecord
  2
CENTER
 70
    0
  3
Center ____ _ ____ _ ____ _ ____ _ ____ _ ____
 72
   65
 73
    4
 40
50.8
 49
31.75
 74
    0
 49
-6.35
 74
    0
 49
6.35
 74
    0
 49
-6.35
 74
    0
  0
LTYPE
  5
47
330
5
100
AcDbSymbolTableRecord
100
AcDbLinetypeTableRecord
  2
CENTERTINY
 70
    0
  3
Center (.15x) ___ _ ___ _ ___ _ ___ _ ___ _ ___
 72
   65
 73
    4
 40
7.62
 49
4.7625
 74
    0
 49
-0.9525
 74
    0
 49
0.9525
 74
    0
 49
-0.9525
 74
    0
  0
LTYPE
  5
48
330
5
100
AcDbSymbolTableRecord
100
AcDbLinetypeTableRecord
  2
CENTER2
 70
    0
  3
Center (.5x) ___ _ ___ _ ___ _ ___ _ ___ _ ___
 72
   65
 73
    4
 40
28.575
 49
19.05
 74
    0
 49
-3.175
 74
    0
 49
3.175
 74
    0
 49
-3.175
 74
    0
  0
LTYPE
  5
49
330
5
100
AcDbSymbolTableRecord
100
AcDbLinetypeTableRecord
  2
CENTERX2
 70
    0
  3
Center (2x) ________  __  ________  __  _____
 72
   65
 73
    4
 40
101.6
 49
63.5
 74
    0
 49
-12.7
 74
    0
 49
12.7
 74
    0
 49
-12.7
 74
    0
  0
ENDTAB
  0
TABLE
  2
LAYER
  5
2
330
0
100
AcDbSymbolTable
 70
    1
  0
LAYER
  5
10
330
2
100
AcDbSymbolTableRecord
100
AcDbLayerTableRecord
  2
0
 70
    0
 62
    7
  6
CONTINUOUS
370
   -3
390
F
  0
LAYER
  5
4A
330
2
100
AcDbSymbolTableRecord
100
AcDbLayerTableRecord
  2
LAYER_1
 70
    0
 62
  160
  6
CONTINUOUS
370
   -3
390
F
  0
ENDTAB
  0
TABLE
  2
STYLE
  5
3
330
0
100
AcDbSymbolTable
 70
    3
  0
STYLE
  5
4B
330
2
100
AcDbSymbolTableRecord
100
AcDbTextStyleTableRecord
  2
Standard
 70
    0
 40
0
 41
1
 50
0
 71
    0
 42
1
  3
txt
  4

  0
ENDTAB
  0
TABLE
  2
VIEW
  5
6
330
0
100
AcDbSymbolTable
 70
    0
  0
ENDTAB
  0
TABLE
  2
UCS
  5
7
330
0
100
AcDbSymbolTable
 70
    0
  0
ENDTAB
  0
TABLE
  2
APPID
  5
9
330
0
100
AcDbSymbolTable
 70
    1
  0
APPID
  5
12
330
9
100
AcDbSymbolTableRecord
100
AcDbRegAppTableRecord
  2
ACAD
 70
    0
  0
APPID
  5
4C
330
9
100
AcDbSymbolTableRecord
100
AcDbRegAppTableRecord
  2
LibreCad
 70
    0
  0
ENDTAB
  0
TABLE
  2
DIMSTYLE
  5
A
330
0
100
AcDbSymbolTable
 70
    1
100
AcDbDimStyleTable
 71
    1
  0
DIMSTYLE
105
4D
330
A
100
AcDbSymbolTableRecord
100
AcDbDimStyleTableRecord
  2
Standard
 70
    0
 40
1
 41
0.18
 42
0.0625
 43
0.38
 44
0.18
 45
0
 46
0
 47
0
 48
0
 49
1
140
0.18
141
0.09
142
0
143
25.4
144
1
145
0
146
1
147
0.09
148
0
 71
    0
 72
    0
 73
    1
 74
    1
 75
    0
 76
    0
 77
    0
 78
    0
 79
    0
170
    0
171
    2
172
    0
173
    0
174
    0
175
    0
176
    0
177
    0
178
    0
179
    0
271
    4
272
    4
273
    2
274
    2
275
    0
276
    0
277
    2
278
    0
279
    0
280
    0
281
    0
282
    0
283
    1
284
    0
285
    0
286
    0
288
    0
289
    3
340
Standard
341

371
    0
372
    0
  0
ENDTAB
  0
TABLE
  2
BLOCK_RECORD
  5
1
330
0
100
AcDbSymbolTable
 70
    2
  0
BLOCK_RECORD
  5
1F
330
1
100
AcDbSymbolTableRecord
100
AcDbBlockTableRecord
  2
*Model_Space
 70
    0
280
    1
281
    0
  0
BLOCK_RECORD
  5
1E
330
1
100
AcDbSymbolTableRecord
100
AcDbBlockTableRecord
  2
*Paper_Space
 70
    0
280
    1
281
    0
  0
BLOCK_RECORD
  5
4E
330
1
100
AcDbSymbolTableRecord
100
AcDbBlockTableRecord
  2
AI9-BLK1
 70
    0
280
    1
281
    0
  0
BLOCK_RECORD
  5
51
330
1
100
AcDbSymbolTableRecord
100
AcDbBlockTableRecord
  2
AI9-BLK2
 70
    0
280
    1
281
    0
  0
BLOCK_RECORD
  5
54
330
1
100
AcDbSymbolTableRecord
100
AcDbBlockTableRecord
  2
AI9-BLK3
 70
    0
280
    1
281
    0
  0
BLOCK_RECORD
  5
57
330
1
100
AcDbSymbolTableRecord
100
AcDbBlockTableRecord
  2
AI9-BLK4
 70
    0
280
    1
281
    0
  0
BLOCK_RECORD
  5
5A
330
1
100
AcDbSymbolTableRecord
100
AcDbBlockTableRecord
  2
AI9-BLK5
 70
    0
280
    1
281
    0
  0
BLOCK_RECORD
  5
5D
330
1
100
AcDbSymbolTableRecord
100
AcDbBlockTableRecord
  2
AI9-BLK6
 70
    0
280
    1
281
    0
  0
BLOCK_RECORD
  5
60
330
1
100
AcDbSymbolTableRecord
100
AcDbBlockTableRecord
  2
AI9-BLK7
 70
    0
280
    1
281
    0
  0
BLOCK_RECORD
  5
63
330
1
100
AcDbSymbolTableRecord
100
AcDbBlockTableRecord
  2
AI9-BLK8
 70
    0
280
    1
281
    0
  0
BLOCK_RECORD
  5
66
330
1
100
AcDbSymbolTableRecord
100
AcDbBlockTableRecord
  2
AI9-BLK9
 70
    0
280
    1
281
    0
  0
BLOCK_RECORD
  5
69
330
1
100
AcDbSymbolTableRecord
100
AcDbBlockTableRecord
  2
AI9-BLK10
 70
    0
280
    1
281
    0
  0
BLOCK_RECORD
  5
6C
330
1
100
AcDbSymbolTableRecord
100
AcDbBlockTableRecord
  2
AI9-BLK11
 70
    0
280
    1
281
    0
  0
BLOCK_RECORD
  5
6F
330
1
100
AcDbSymbolTableRecord
100
AcDbBlockTableRecord
  2
AI9-BLK12
 70
    0
280
    1
281
    0
  0
BLOCK_RECORD
  5
72
330
1
100
AcDbSymbolTableRecord
100
AcDbBlockTableRecord
  2
AI9-BLK13
 70
    0
280
    1
281
    0
  0
BLOCK_RECORD
  5
75
330
1
100
AcDbSymbolTableRecord
100
AcDbBlockTableRecord
  2
AI9-BLK14
 70
    0
280
    1
281
    0
  0
BLOCK_RECORD
  5
78
330
1
100
AcDbSymbolTableRecord
100
AcDbBlockTableRecord
  2
AI9-BLK15
 70
    0
280
    1
281
    0
  0
BLOCK_RECORD
  5
7B
330
1
100
AcDbSymbolTableRecord
100
AcDbBlockTableRecord
  2
AI9-BLK16
 70
    0
280
    1
281
    0
  0
BLOCK_RECORD
  5
7E
330
1
100
AcDbSymbolTableRecord
100
AcDbBlockTableRecord
  2
AI9-BLK17
 70
    0
280
    1
281
    0
  0
BLOCK_RECORD
  5
81
330
1
100
AcDbSymbolTableRecord
100
AcDbBlockTableRecord
  2
AI9-BLK18
 70
    0
280
    1
281
    0
  0
BLOCK_RECORD
  5
84
330
1
100
AcDbSymbolTableRecord
100
AcDbBlockTableRecord
  2
AI9-BLK19
 70
    0
280
    1
281
    0
  0
BLOCK_RECORD
  5
87
330
1
100
AcDbSymbolTableRecord
100
AcDbBlockTableRecord
  2
AI9-BLK20
 70
    0
280
    1
281
    0
  0
BLOCK_RECORD
  5
8A
330
1
100
AcDbSymbolTableRecord
100
AcDbBlockTableRecord
  2
AI9-BLK21
 70
    0
280
    1
281
    0
  0
BLOCK_RECORD
  5
8D
330
1
100
AcDbSymbolTableRecord
100
AcDbBlockTableRecord
  2
AI9-BLK22
 70
    0
280
    1
281
    0
  0
BLOCK_RECORD
  5
90
330
1
100
AcDbSymbolTableRecord
100
AcDbBlockTableRecord
  2
AI9-BLK23
 70
    0
280
    1
281
    0
  0
BLOCK_RECORD
  5
93
330
1
100
AcDbSymbolTableRecord
100
AcDbBlockTableRecord
  2
AI9-BLK24
 70
    0
280
    1
281
    0
  0
BLOCK_RECORD
  5
96
330
1
100
AcDbSymbolTableRecord
100
AcDbBlockTableRecord
  2
AI9-BLK25
 70
    0
280
    1
281
    0
  0
BLOCK_RECORD
  5
99
330
1
100
AcDbSymbolTableRecord
100
AcDbBlockTableRecord
  2
AI9-BLK26
 70
    0
280
    1
281
    0
  0
BLOCK_RECORD
  5
9C
330
1
100
AcDbSymbolTableRecord
100
AcDbBlockTableRecord
  2
AI9-BLK27
 70
    0
280
    1
281
    0
  0
BLOCK_RECORD
  5
9F
330
1
100
AcDbSymbolTableRecord
100
AcDbBlockTableRecord
  2
AI9-BLK28
 70
    0
280
    1
281
    0
  0
BLOCK_RECORD
  5
A2
330
1
100
AcDbSymbolTableRecord
100
AcDbBlockTableRecord
  2
AI9-BLK29
 70
    0
280
    1
281
    0
  0
BLOCK_RECORD
  5
A5
330
1
100
AcDbSymbolTableRecord
100
AcDbBlockTableRecord
  2
AI9-BLK30
 70
    0
280
    1
281
    0
  0
BLOCK_RECORD
  5
A8
330
1
100
AcDbSymbolTableRecord
100
AcDbBlockTableRecord
  2
AI9-BLK31
 70
    0
280
    1
281
    0
  0
BLOCK_RECORD
  5
AB
330
1
100
AcDbSymbolTableRecord
100
AcDbBlockTableRecord
  2
AI9-BLK32
 70
    0
280
    1
281
    0
  0
BLOCK_RECORD
  5
AE
330
1
100
AcDbSymbolTableRecord
100
AcDbBlockTableRecord
  2
AI9-BLK33
 70
    0
280
    1
281
    0
  0
BLOCK_RECORD
  5
B1
330
1
100
AcDbSymbolTableRecord
100
AcDbBlockTableRecord
  2
AI9-BLK34
 70
    0
280
    1
281
    0
  0
BLOCK_RECORD
  5
B4
330
1
100
AcDbSymbolTableRecord
100
AcDbBlockTableRecord
  2
AI9-BLK35
 70
    0
280
    1
281
    0
  0
BLOCK_RECORD
  5
B7
330
1
100
AcDbSymbolTableRecord
100
AcDbBlockTableRecord
  2
AI9-BLK36
 70
    0
280
    1
281
    0
  0
BLOCK_RECORD
  5
BA
330
1
100
AcDbSymbolTableRecord
100
AcDbBlockTableRecord
  2
AI9-BLK37
 70
    0
280
    1
281
    0
  0
BLOCK_RECORD
  5
BD
330
1
100
AcDbSymbolTableRecord
100
AcDbBlockTableRecord
  2
AI9-BLK38
 70
    0
280
    1
281
    0
  0
BLOCK_RECORD
  5
C0
330
1
100
AcDbSymbolTableRecord
100
AcDbBlockTableRecord
  2
AI9-BLK39
 70
    0
280
    1
281
    0
  0
BLOCK_RECORD
  5
C3
330
1
100
AcDbSymbolTableRecord
100
AcDbBlockTableRecord
  2
AI9-BLK40
 70
    0
280
    1
281
    0
  0
BLOCK_RECORD
  5
C6
330
1
100
AcDbSymbolTableRecord
100
AcDbBlockTableRecord
  2
AI9-BLK41
 70
    0
280
    1
281
    0
  0
BLOCK_RECORD
  5
C9
330
1
100
AcDbSymbolTableRecord
100
AcDbBlockTableRecord
  2
AI9-BLK42
 70
    0
280
    1
281
    0
  0
BLOCK_RECORD
  5
CC
330
1
100
AcDbSymbolTableRecord
100
AcDbBlockTableRecord
  2
AI9-BLK43
 70
    0
280
    1
281
    0
  0
BLOCK_RECORD
  5
CF
330
1
100
AcDbSymbolTableRecord
100
AcDbBlockTableRecord
  2
AI9-BLK44
 70
    0
280
    1
281
    0
  0
BLOCK_RECORD
  5
D2
330
1
100
AcDbSymbolTableRecord
100
AcDbBlockTableRecord
  2
AI9-BLK45
 70
    0
280
    1
281
    0
  0
BLOCK_RECORD
  5
D5
330
1
100
AcDbSymbolTableRecord
100
AcDbBlockTableRecord
  2
AI9-BLK46
 70
    0
280
    1
281
    0
  0
BLOCK_RECORD
  5
D8
330
1
100
AcDbSymbolTableRecord
100
AcDbBlockTableRecord
  2
AI9-BLK47
 70
    0
280
    1
281
    0
  0
BLOCK_RECORD
  5
DB
330
1
100
AcDbSymbolTableRecord
100
AcDbBlockTableRecord
  2
AI9-BLK48
 70
    0
280
    1
281
    0
  0
BLOCK_RECORD
  5
DE
330
1
100
AcDbSymbolTableRecord
100
AcDbBlockTableRecord
  2
AI9-BLK49
 70
    0
280
    1
281
    0
  0
BLOCK_RECORD
  5
E1
330
1
100
AcDbSymbolTableRecord
100
AcDbBlockTableRecord
  2
AI9-BLK50
 70
    0
280
    1
281
    0
  0
BLOCK_RECORD
  5
E4
330
1
100
AcDbSymbolTableRecord
100
AcDbBlockTableRecord
  2
AI9-BLK51
 70
    0
280
    1
281
    0
  0
BLOCK_RECORD
  5
E7
330
1
100
AcDbSymbolTableRecord
100
AcDbBlockTableRecord
  2
AI9-BLK52
 70
    0
280
    1
281
    0
  0
BLOCK_RECORD
  5
EA
330
1
100
AcDbSymbolTableRecord
100
AcDbBlockTableRecord
  2
AI9-BLK53
 70
    0
280
    1
281
    0
  0
BLOCK_RECORD
  5
ED
330
1
100
AcDbSymbolTableRecord
100
AcDbBlockTableRecord
  2
AI9-BLK54
 70
    0
280
    1
281
    0
  0
BLOCK_RECORD
  5
F0
330
1
100
AcDbSymbolTableRecord
100
AcDbBlockTableRecord
  2
AI9-BLK55
 70
    0
280
    1
281
    0
  0
BLOCK_RECORD
  5
F3
330
1
100
AcDbSymbolTableRecord
100
AcDbBlockTableRecord
  2
AI9-BLK56
 70
    0
280
    1
281
    0
  0
BLOCK_RECORD
  5
F6
330
1
100
AcDbSymbolTableRecord
100
AcDbBlockTableRecord
  2
AI9-BLK57
 70
    0
280
    1
281
    0
  0
BLOCK_RECORD
  5
F9
330
1
100
AcDbSymbolTableRecord
100
AcDbBlockTableRecord
  2
AI9-BLK58
 70
    0
280
    1
281
    0
  0
BLOCK_RECORD
  5
FC
330
1
100
AcDbSymbolTableRecord
100
AcDbBlockTableRecord
  2
AI9-BLK59
 70
    0
280
    1
281
    0
  0
BLOCK_RECORD
  5
FF
330
1
100
AcDbSymbolTableRecord
100
AcDbBlockTableRecord
  2
AI9-BLK60
 70
    0
280
    1
281
    0
  0
BLOCK_RECORD
  5
102
330
1
100
AcDbSymbolTableRecord
100
AcDbBlockTableRecord
  2
AI9-BLK61
 70
    0
280
    1
281
    0
  0
BLOCK_RECORD
  5
105
330
1
100
AcDbSymbolTableRecord
100
AcDbBlockTableRecord
  2
AI9-BLK62
 70
    0
280
    1
281
    0
  0
BLOCK_RECORD
  5
108
330
1
100
AcDbSymbolTableRecord
100
AcDbBlockTableRecord
  2
AI9-BLK63
 70
    0
280
    1
281
    0
  0
BLOCK_RECORD
  5
10B
330
1
100
AcDbSymbolTableRecord
100
AcDbBlockTableRecord
  2
AI9-BLK64
 70
    0
280
    1
281
    0
  0
BLOCK_RECORD
  5
10E
330
1
100
AcDbSymbolTableRecord
100
AcDbBlockTableRecord
  2
AI9-BLK65
 70
    0
280
    1
281
    0
  0
BLOCK_RECORD
  5
111
330
1
100
AcDbSymbolTableRecord
100
AcDbBlockTableRecord
  2
AI9-BLK66
 70
    0
280
    1
281
    0
  0
BLOCK_RECORD
  5
114
330
1
100
AcDbSymbolTableRecord
100
AcDbBlockTableRecord
  2
AI9-BLK67
 70
    0
280
    1
281
    0
  0
BLOCK_RECORD
  5
117
330
1
100
AcDbSymbolTableRecord
100
AcDbBlockTableRecord
  2
AI9-BLK68
 70
    0
280
    1
281
    0
  0
BLOCK_RECORD
  5
11A
330
1
100
AcDbSymbolTableRecord
100
AcDbBlockTableRecord
  2
AI9-BLK69
 70
    0
280
    1
281
    0
  0
BLOCK_RECORD
  5
11D
330
1
100
AcDbSymbolTableRecord
100
AcDbBlockTableRecord
  2
AI9-BLK70
 70
    0
280
    1
281
    0
  0
BLOCK_RECORD
  5
120
330
1
100
AcDbSymbolTableRecord
100
AcDbBlockTableRecord
  2
AI9-BLK71
 70
    0
280
    1
281
    0
  0
BLOCK_RECORD
  5
123
330
1
100
AcDbSymbolTableRecord
100
AcDbBlockTableRecord
  2
AI9-BLK72
 70
    0
280
    1
281
    0
  0
BLOCK_RECORD
  5
126
330
1
100
AcDbSymbolTableRecord
100
AcDbBlockTableRecord
  2
AI9-BLK73
 70
    0
280
    1
281
    0
  0
BLOCK_RECORD
  5
129
330
1
100
AcDbSymbolTableRecord
100
AcDbBlockTableRecord
  2
AI9-BLK74
 70
    0
280
    1
281
    0
  0
BLOCK_RECORD
  5
12C
330
1
100
AcDbSymbolTableRecord
100
AcDbBlockTableRecord
  2
AI9-BLK75
 70
    0
280
    1
281
    0
  0
BLOCK_RECORD
  5
12F
330
1
100
AcDbSymbolTableRecord
100
AcDbBlockTableRecord
  2
AI9-BLK76
 70
    0
280
    1
281
    0
  0
BLOCK_RECORD
  5
132
330
1
100
AcDbSymbolTableRecord
100
AcDbBlockTableRecord
  2
AI9-BLK77
 70
    0
280
    1
281
    0
  0
BLOCK_RECORD
  5
135
330
1
100
AcDbSymbolTableRecord
100
AcDbBlockTableRecord
  2
AI9-BLK78
 70
    0
280
    1
281
    0
  0
BLOCK_RECORD
  5
138
330
1
100
AcDbSymbolTableRecord
100
AcDbBlockTableRecord
  2
AI9-BLK79
 70
    0
280
    1
281
    0
  0
BLOCK_RECORD
  5
13B
330
1
100
AcDbSymbolTableRecord
100
AcDbBlockTableRecord
  2
AI9-BLK80
 70
    0
280
    1
281
    0
  0
BLOCK_RECORD
  5
13E
330
1
100
AcDbSymbolTableRecord
100
AcDbBlockTableRecord
  2
AI9-BLK81
 70
    0
280
    1
281
    0
  0
BLOCK_RECORD
  5
141
330
1
100
AcDbSymbolTableRecord
100
AcDbBlockTableRecord
  2
AI9-BLK82
 70
    0
280
    1
281
    0
  0
BLOCK_RECORD
  5
144
330
1
100
AcDbSymbolTableRecord
100
AcDbBlockTableRecord
  2
AI9-BLK83
 70
    0
280
    1
281
    0
  0
BLOCK_RECORD
  5
147
330
1
100
AcDbSymbolTableRecord
100
AcDbBlockTableRecord
  2
AI9-BLK84
 70
    0
280
    1
281
    0
  0
BLOCK_RECORD
  5
14A
330
1
100
AcDbSymbolTableRecord
100
AcDbBlockTableRecord
  2
AI9-BLK85
 70
    0
280
    1
281
    0
  0
BLOCK_RECORD
  5
14D
330
1
100
AcDbSymbolTableRecord
100
AcDbBlockTableRecord
  2
AI9-BLK86
 70
    0
280
    1
281
    0
  0
BLOCK_RECORD
  5
150
330
1
100
AcDbSymbolTableRecord
100
AcDbBlockTableRecord
  2
AI9-BLK87
 70
    0
280
    1
281
    0
  0
BLOCK_RECORD
  5
153
330
1
100
AcDbSymbolTableRecord
100
AcDbBlockTableRecord
  2
AI9-BLK88
 70
    0
280
    1
281
    0
  0
BLOCK_RECORD
  5
156
330
1
100
AcDbSymbolTableRecord
100
AcDbBlockTableRecord
  2
AI9-BLK89
 70
    0
280
    1
281
    0
  0
BLOCK_RECORD
  5
159
330
1
100
AcDbSymbolTableRecord
100
AcDbBlockTableRecord
  2
AI9-BLK90
 70
    0
280
    1
281
    0
  0
BLOCK_RECORD
  5
15C
330
1
100
AcDbSymbolTableRecord
100
AcDbBlockTableRecord
  2
AI9-BLK91
 70
    0
280
    1
281
    0
  0
BLOCK_RECORD
  5
15F
330
1
100
AcDbSymbolTableRecord
100
AcDbBlockTableRecord
  2
AI9-BLK92
 70
    0
280
    1
281
    0
  0
BLOCK_RECORD
  5
162
330
1
100
AcDbSymbolTableRecord
100
AcDbBlockTableRecord
  2
AI9-BLK93
 70
    0
280
    1
281
    0
  0
BLOCK_RECORD
  5
165
330
1
100
AcDbSymbolTableRecord
100
AcDbBlockTableRecord
  2
AI9-BLK94
 70
    0
280
    1
281
    0
  0
BLOCK_RECORD
  5
168
330
1
100
AcDbSymbolTableRecord
100
AcDbBlockTableRecord
  2
AI9-BLK95
 70
    0
280
    1
281
    0
  0
BLOCK_RECORD
  5
16B
330
1
100
AcDbSymbolTableRecord
100
AcDbBlockTableRecord
  2
AI9-BLK96
 70
    0
280
    1
281
    0
  0
BLOCK_RECORD
  5
16E
330
1
100
AcDbSymbolTableRecord
100
AcDbBlockTableRecord
  2
AI9-BLK97
 70
    0
280
    1
281
    0
  0
BLOCK_RECORD
  5
171
330
1
100
AcDbSymbolTableRecord
100
AcDbBlockTableRecord
  2
AI9-BLK98
 70
    0
280
    1
281
    0
  0
BLOCK_RECORD
  5
174
330
1
100
AcDbSymbolTableRecord
100
AcDbBlockTableRecord
  2
AI9-BLK99
 70
    0
280
    1
281
    0
  0
BLOCK_RECORD
  5
177
330
1
100
AcDbSymbolTableRecord
100
AcDbBlockTableRecord
  2
AI9-BLK100
 70
    0
280
    1
281
    0
  0
BLOCK_RECORD
  5
17A
330
1
100
AcDbSymbolTableRecord
100
AcDbBlockTableRecord
  2
AI9-BLK101
 70
    0
280
    1
281
    0
  0
BLOCK_RECORD
  5
17D
330
1
100
AcDbSymbolTableRecord
100
AcDbBlockTableRecord
  2
AI9-BLK102
 70
    0
280
    1
281
    0
  0
BLOCK_RECORD
  5
180
330
1
100
AcDbSymbolTableRecord
100
AcDbBlockTableRecord
  2
AI9-BLK103
 70
    0
280
    1
281
    0
  0
BLOCK_RECORD
  5
183
330
1
100
AcDbSymbolTableRecord
100
AcDbBlockTableRecord
  2
AI9-BLK104
 70
    0
280
    1
281
    0
  0
BLOCK_RECORD
  5
186
330
1
100
AcDbSymbolTableRecord
100
AcDbBlockTableRecord
  2
AI9-BLK105
 70
    0
280
    1
281
    0
  0
BLOCK_RECORD
  5
189
330
1
100
AcDbSymbolTableRecord
100
AcDbBlockTableRecord
  2
AI9-BLK106
 70
    0
280
    1
281
    0
  0
BLOCK_RECORD
  5
18C
330
1
100
AcDbSymbolTableRecord
100
AcDbBlockTableRecord
  2
AI9-BLK107
 70
    0
280
    1
281
    0
  0
BLOCK_RECORD
  5
18F
330
1
100
AcDbSymbolTableRecord
100
AcDbBlockTableRecord
  2
AI9-BLK108
 70
    0
280
    1
281
    0
  0
BLOCK_RECORD
  5
192
330
1
100
AcDbSymbolTableRecord
100
AcDbBlockTableRecord
  2
AI9-BLK109
 70
    0
280
    1
281
    0
  0
BLOCK_RECORD
  5
195
330
1
100
AcDbSymbolTableRecord
100
AcDbBlockTableRecord
  2
AI9-BLK110
 70
    0
280
    1
281
    0
  0
BLOCK_RECORD
  5
198
330
1
100
AcDbSymbolTableRecord
100
AcDbBlockTableRecord
  2
AI9-BLK111
 70
    0
280
    1
281
    0
  0
BLOCK_RECORD
  5
19B
330
1
100
AcDbSymbolTableRecord
100
AcDbBlockTableRecord
  2
AI9-BLK112
 70
    0
280
    1
281
    0
  0
BLOCK_RECORD
  5
19E
330
1
100
AcDbSymbolTableRecord
100
AcDbBlockTableRecord
  2
AI9-BLK113
 70
    0
280
    1
281
    0
  0
BLOCK_RECORD
  5
1A1
330
1
100
AcDbSymbolTableRecord
100
AcDbBlockTableRecord
  2
AI9-BLK114
 70
    0
280
    1
281
    0
  0
BLOCK_RECORD
  5
1A4
330
1
100
AcDbSymbolTableRecord
100
AcDbBlockTableRecord
  2
AI9-BLK115
 70
    0
280
    1
281
    0
  0
BLOCK_RECORD
  5
1A7
330
1
100
AcDbSymbolTableRecord
100
AcDbBlockTableRecord
  2
AI9-BLK116
 70
    0
280
    1
281
    0
  0
BLOCK_RECORD
  5
1AA
330
1
100
AcDbSymbolTableRecord
100
AcDbBlockTableRecord
  2
AI9-BLK117
 70
    0
280
    1
281
    0
  0
BLOCK_RECORD
  5
1AD
330
1
100
AcDbSymbolTableRecord
100
AcDbBlockTableRecord
  2
AI9-BLK118
 70
    0
280
    1
281
    0
  0
BLOCK_RECORD
  5
1B0
330
1
100
AcDbSymbolTableRecord
100
AcDbBlockTableRecord
  2
AI9-BLK119
 70
    0
280
    1
281
    0
  0
BLOCK_RECORD
  5
1B3
330
1
100
AcDbSymbolTableRecord
100
AcDbBlockTableRecord
  2
AI9-BLK120
 70
    0
280
    1
281
    0
  0
BLOCK_RECORD
  5
1B6
330
1
100
AcDbSymbolTableRecord
100
AcDbBlockTableRecord
  2
AI9-BLK121
 70
    0
280
    1
281
    0
  0
BLOCK_RECORD
  5
1B9
330
1
100
AcDbSymbolTableRecord
100
AcDbBlockTableRecord
  2
AI9-BLK122
 70
    0
280
    1
281
    0
  0
BLOCK_RECORD
  5
1BC
330
1
100
AcDbSymbolTableRecord
100
AcDbBlockTableRecord
  2
AI9-BLK123
 70
    0
280
    1
281
    0
  0
BLOCK_RECORD
  5
1BF
330
1
100
AcDbSymbolTableRecord
100
AcDbBlockTableRecord
  2
AI9-BLK124
 70
    0
280
    1
281
    0
  0
BLOCK_RECORD
  5
1C2
330
1
100
AcDbSymbolTableRecord
100
AcDbBlockTableRecord
  2
AI9-BLK125
 70
    0
280
    1
281
    0
  0
BLOCK_RECORD
  5
1C5
330
1
100
AcDbSymbolTableRecord
100
AcDbBlockTableRecord
  2
AI9-BLK126
 70
    0
280
    1
281
    0
  0
BLOCK_RECORD
  5
1C8
330
1
100
AcDbSymbolTableRecord
100
AcDbBlockTableRecord
  2
AI9-BLK127
 70
    0
280
    1
281
    0
  0
BLOCK_RECORD
  5
1CB
330
1
100
AcDbSymbolTableRecord
100
AcDbBlockTableRecord
  2
AI9-BLK128
 70
    0
280
    1
281
    0
  0
BLOCK_RECORD
  5
1CE
330
1
100
AcDbSymbolTableRecord
100
AcDbBlockTableRecord
  2
AI9-BLK129
 70
    0
280
    1
281
    0
  0
BLOCK_RECORD
  5
1D1
330
1
100
AcDbSymbolTableRecord
100
AcDbBlockTableRecord
  2
AI9-BLK130
 70
    0
280
    1
281
    0
  0
BLOCK_RECORD
  5
1D4
330
1
100
AcDbSymbolTableRecord
100
AcDbBlockTableRecord
  2
AI9-BLK131
 70
    0
280
    1
281
    0
  0
BLOCK_RECORD
  5
1D7
330
1
100
AcDbSymbolTableRecord
100
AcDbBlockTableRecord
  2
AI9-BLK132
 70
    0
280
    1
281
    0
  0
BLOCK_RECORD
  5
1DA
330
1
100
AcDbSymbolTableRecord
100
AcDbBlockTableRecord
  2
AI9-BLK133
 70
    0
280
    1
281
    0
  0
BLOCK_RECORD
  5
1DD
330
1
100
AcDbSymbolTableRecord
100
AcDbBlockTableRecord
  2
AI9-BLK134
 70
    0
280
    1
281
    0
  0
BLOCK_RECORD
  5
1E0
330
1
100
AcDbSymbolTableRecord
100
AcDbBlockTableRecord
  2
AI9-BLK135
 70
    0
280
    1
281
    0
  0
BLOCK_RECORD
  5
1E3
330
1
100
AcDbSymbolTableRecord
100
AcDbBlockTableRecord
  2
AI9-BLK136
 70
    0
280
    1
281
    0
  0
BLOCK_RECORD
  5
1E6
330
1
100
AcDbSymbolTableRecord
100
AcDbBlockTableRecord
  2
AI9-BLK137
 70
    0
280
    1
281
    0
  0
BLOCK_RECORD
  5
1E9
330
1
100
AcDbSymbolTableRecord
100
AcDbBlockTableRecord
  2
AI9-BLK138
 70
    0
280
    1
281
    0
  0
BLOCK_RECORD
  5
1EC
330
1
100
AcDbSymbolTableRecord
100
AcDbBlockTableRecord
  2
AI9-BLK139
 70
    0
280
    1
281
    0
  0
BLOCK_RECORD
  5
1EF
330
1
100
AcDbSymbolTableRecord
100
AcDbBlockTableRecord
  2
AI9-BLK140
 70
    0
280
    1
281
    0
  0
BLOCK_RECORD
  5
1F2
330
1
100
AcDbSymbolTableRecord
100
AcDbBlockTableRecord
  2
AI9-BLK141
 70
    0
280
    1
281
    0
  0
BLOCK_RECORD
  5
1F5
330
1
100
AcDbSymbolTableRecord
100
AcDbBlockTableRecord
  2
AI9-BLK142
 70
    0
280
    1
281
    0
  0
BLOCK_RECORD
  5
1F8
330
1
100
AcDbSymbolTableRecord
100
AcDbBlockTableRecord
  2
AI9-BLK143
 70
    0
280
    1
281
    0
  0
BLOCK_RECORD
  5
1FB
330
1
100
AcDbSymbolTableRecord
100
AcDbBlockTableRecord
  2
AI9-BLK144
 70
    0
280
    1
281
    0
  0
BLOCK_RECORD
  5
1FE
330
1
100
AcDbSymbolTableRecord
100
AcDbBlockTableRecord
  2
AI9-BLK145
 70
    0
280
    1
281
    0
  0
BLOCK_RECORD
  5
201
330
1
100
AcDbSymbolTableRecord
100
AcDbBlockTableRecord
  2
AI9-BLK146
 70
    0
280
    1
281
    0
  0
BLOCK_RECORD
  5
204
330
1
100
AcDbSymbolTableRecord
100
AcDbBlockTableRecord
  2
AI9-BLK147
 70
    0
280
    1
281
    0
  0
BLOCK_RECORD
  5
207
330
1
100
AcDbSymbolTableRecord
100
AcDbBlockTableRecord
  2
AI9-BLK148
 70
    0
280
    1
281
    0
  0
BLOCK_RECORD
  5
20A
330
1
100
AcDbSymbolTableRecord
100
AcDbBlockTableRecord
  2
AI9-BLK149
 70
    0
280
    1
281
    0
  0
BLOCK_RECORD
  5
20D
330
1
100
AcDbSymbolTableRecord
100
AcDbBlockTableRecord
  2
AI9-BLK150
 70
    0
280
    1
281
    0
  0
BLOCK_RECORD
  5
210
330
1
100
AcDbSymbolTableRecord
100
AcDbBlockTableRecord
  2
AI9-BLK151
 70
    0
280
    1
281
    0
  0
BLOCK_RECORD
  5
213
330
1
100
AcDbSymbolTableRecord
100
AcDbBlockTableRecord
  2
AI9-BLK152
 70
    0
280
    1
281
    0
  0
BLOCK_RECORD
  5
216
330
1
100
AcDbSymbolTableRecord
100
AcDbBlockTableRecord
  2
AI9-BLK153
 70
    0
280
    1
281
    0
  0
BLOCK_RECORD
  5
219
330
1
100
AcDbSymbolTableRecord
100
AcDbBlockTableRecord
  2
AI9-BLK154
 70
    0
280
    1
281
    0
  0
BLOCK_RECORD
  5
21C
330
1
100
AcDbSymbolTableRecord
100
AcDbBlockTableRecord
  2
AI9-BLK155
 70
    0
280
    1
281
    0
  0
BLOCK_RECORD
  5
21F
330
1
100
AcDbSymbolTableRecord
100
AcDbBlockTableRecord
  2
AI9-BLK156
 70
    0
280
    1
281
    0
  0
BLOCK_RECORD
  5
222
330
1
100
AcDbSymbolTableRecord
100
AcDbBlockTableRecord
  2
AI9-BLK157
 70
    0
280
    1
281
    0
  0
BLOCK_RECORD
  5
225
330
1
100
AcDbSymbolTableRecord
100
AcDbBlockTableRecord
  2
AI9-BLK158
 70
    0
280
    1
281
    0
  0
BLOCK_RECORD
  5
228
330
1
100
AcDbSymbolTableRecord
100
AcDbBlockTableRecord
  2
AI9-BLK159
 70
    0
280
    1
281
    0
  0
BLOCK_RECORD
  5
22B
330
1
100
AcDbSymbolTableRecord
100
AcDbBlockTableRecord
  2
AI9-BLK160
 70
    0
280
    1
281
    0
  0
BLOCK_RECORD
  5
22E
330
1
100
AcDbSymbolTableRecord
100
AcDbBlockTableRecord
  2
AI9-BLK161
 70
    0
280
    1
281
    0
  0
BLOCK_RECORD
  5
231
330
1
100
AcDbSymbolTableRecord
100
AcDbBlockTableRecord
  2
AI9-BLK162
 70
    0
280
    1
281
    0
  0
BLOCK_RECORD
  5
234
330
1
100
AcDbSymbolTableRecord
100
AcDbBlockTableRecord
  2
AI9-BLK163
 70
    0
280
    1
281
    0
  0
BLOCK_RECORD
  5
237
330
1
100
AcDbSymbolTableRecord
100
AcDbBlockTableRecord
  2
AI9-BLK164
 70
    0
280
    1
281
    0
  0
BLOCK_RECORD
  5
23A
330
1
100
AcDbSymbolTableRecord
100
AcDbBlockTableRecord
  2
AI9-BLK165
 70
    0
280
    1
281
    0
  0
BLOCK_RECORD
  5
23D
330
1
100
AcDbSymbolTableRecord
100
AcDbBlockTableRecord
  2
AI9-BLK166
 70
    0
280
    1
281
    0
  0
BLOCK_RECORD
  5
240
330
1
100
AcDbSymbolTableRecord
100
AcDbBlockTableRecord
  2
AI9-BLK167
 70
    0
280
    1
281
    0
  0
BLOCK_RECORD
  5
243
330
1
100
AcDbSymbolTableRecord
100
AcDbBlockTableRecord
  2
AI9-BLK168
 70
    0
280
    1
281
    0
  0
BLOCK_RECORD
  5
246
330
1
100
AcDbSymbolTableRecord
100
AcDbBlockTableRecord
  2
AI9-BLK169
 70
    0
280
    1
281
    0
  0
BLOCK_RECORD
  5
249
330
1
100
AcDbSymbolTableRecord
100
AcDbBlockTableRecord
  2
AI9-BLK170
 70
    0
280
    1
281
    0
  0
BLOCK_RECORD
  5
24C
330
1
100
AcDbSymbolTableRecord
100
AcDbBlockTableRecord
  2
AI9-BLK171
 70
    0
280
    1
281
    0
  0
BLOCK_RECORD
  5
24F
330
1
100
AcDbSymbolTableRecord
100
AcDbBlockTableRecord
  2
AI9-BLK172
 70
    0
280
    1
281
    0
  0
BLOCK_RECORD
  5
252
330
1
100
AcDbSymbolTableRecord
100
AcDbBlockTableRecord
  2
AI9-BLK173
 70
    0
280
    1
281
    0
  0
BLOCK_RECORD
  5
255
330
1
100
AcDbSymbolTableRecord
100
AcDbBlockTableRecord
  2
AI9-BLK174
 70
    0
280
    1
281
    0
  0
BLOCK_RECORD
  5
258
330
1
100
AcDbSymbolTableRecord
100
AcDbBlockTableRecord
  2
AI9-BLK175
 70
    0
280
    1
281
    0
  0
BLOCK_RECORD
  5
25B
330
1
100
AcDbSymbolTableRecord
100
AcDbBlockTableRecord
  2
AI9-BLK176
 70
    0
280
    1
281
    0
  0
BLOCK_RECORD
  5
25E
330
1
100
AcDbSymbolTableRecord
100
AcDbBlockTableRecord
  2
AI9-BLK177
 70
    0
280
    1
281
    0
  0
BLOCK_RECORD
  5
261
330
1
100
AcDbSymbolTableRecord
100
AcDbBlockTableRecord
  2
AI9-BLK178
 70
    0
280
    1
281
    0
  0
BLOCK_RECORD
  5
264
330
1
100
AcDbSymbolTableRecord
100
AcDbBlockTableRecord
  2
AI9-BLK179
 70
    0
280
    1
281
    0
  0
BLOCK_RECORD
  5
267
330
1
100
AcDbSymbolTableRecord
100
AcDbBlockTableRecord
  2
AI9-BLK180
 70
    0
280
    1
281
    0
  0
BLOCK_RECORD
  5
26A
330
1
100
AcDbSymbolTableRecord
100
AcDbBlockTableRecord
  2
AI9-BLK181
 70
    0
280
    1
281
    0
  0
BLOCK_RECORD
  5
26D
330
1
100
AcDbSymbolTableRecord
100
AcDbBlockTableRecord
  2
AI9-BLK182
 70
    0
280
    1
281
    0
  0
BLOCK_RECORD
  5
270
330
1
100
AcDbSymbolTableRecord
100
AcDbBlockTableRecord
  2
AI9-BLK183
 70
    0
280
    1
281
    0
  0
BLOCK_RECORD
  5
273
330
1
100
AcDbSymbolTableRecord
100
AcDbBlockTableRecord
  2
AI9-BLK184
 70
    0
280
    1
281
    0
  0
BLOCK_RECORD
  5
276
330
1
100
AcDbSymbolTableRecord
100
AcDbBlockTableRecord
  2
AI9-BLK185
 70
    0
280
    1
281
    0
  0
BLOCK_RECORD
  5
279
330
1
100
AcDbSymbolTableRecord
100
AcDbBlockTableRecord
  2
AI9-BLK186
 70
    0
280
    1
281
    0
  0
BLOCK_RECORD
  5
27C
330
1
100
AcDbSymbolTableRecord
100
AcDbBlockTableRecord
  2
AI9-BLK187
 70
    0
280
    1
281
    0
  0
BLOCK_RECORD
  5
27F
330
1
100
AcDbSymbolTableRecord
100
AcDbBlockTableRecord
  2
AI9-BLK188
 70
    0
280
    1
281
    0
  0
BLOCK_RECORD
  5
282
330
1
100
AcDbSymbolTableRecord
100
AcDbBlockTableRecord
  2
AI9-BLK189
 70
    0
280
    1
281
    0
  0
BLOCK_RECORD
  5
285
330
1
100
AcDbSymbolTableRecord
100
AcDbBlockTableRecord
  2
AI9-BLK190
 70
    0
280
    1
281
    0
  0
BLOCK_RECORD
  5
288
330
1
100
AcDbSymbolTableRecord
100
AcDbBlockTableRecord
  2
AI9-BLK191
 70
    0
280
    1
281
    0
  0
BLOCK_RECORD
  5
28B
330
1
100
AcDbSymbolTableRecord
100
AcDbBlockTableRecord
  2
AI9-BLK192
 70
    0
280
    1
281
    0
  0
BLOCK_RECORD
  5
28E
330
1
100
AcDbSymbolTableRecord
100
AcDbBlockTableRecord
  2
AI9-BLK193
 70
    0
280
    1
281
    0
  0
BLOCK_RECORD
  5
291
330
1
100
AcDbSymbolTableRecord
100
AcDbBlockTableRecord
  2
AI9-BLK194
 70
    0
280
    1
281
    0
  0
BLOCK_RECORD
  5
294
330
1
100
AcDbSymbolTableRecord
100
AcDbBlockTableRecord
  2
AI9-BLK195
 70
    0
280
    1
281
    0
  0
BLOCK_RECORD
  5
297
330
1
100
AcDbSymbolTableRecord
100
AcDbBlockTableRecord
  2
AI9-BLK196
 70
    0
280
    1
281
    0
  0
BLOCK_RECORD
  5
29A
330
1
100
AcDbSymbolTableRecord
100
AcDbBlockTableRecord
  2
AI9-BLK197
 70
    0
280
    1
281
    0
  0
BLOCK_RECORD
  5
29D
330
1
100
AcDbSymbolTableRecord
100
AcDbBlockTableRecord
  2
AI9-BLK198
 70
    0
280
    1
281
    0
  0
BLOCK_RECORD
  5
2A0
330
1
100
AcDbSymbolTableRecord
100
AcDbBlockTableRecord
  2
AI9-BLK199
 70
    0
280
    1
281
    0
  0
BLOCK_RECORD
  5
2A3
330
1
100
AcDbSymbolTableRecord
100
AcDbBlockTableRecord
  2
AI9-BLK200
 70
    0
280
    1
281
    0
  0
BLOCK_RECORD
  5
2A6
330
1
100
AcDbSymbolTableRecord
100
AcDbBlockTableRecord
  2
AI9-BLK201
 70
    0
280
    1
281
    0
  0
BLOCK_RECORD
  5
2A9
330
1
100
AcDbSymbolTableRecord
100
AcDbBlockTableRecord
  2
AI9-BLK202
 70
    0
280
    1
281
    0
  0
BLOCK_RECORD
  5
2AC
330
1
100
AcDbSymbolTableRecord
100
AcDbBlockTableRecord
  2
AI9-BLK203
 70
    0
280
    1
281
    0
  0
BLOCK_RECORD
  5
2AF
330
1
100
AcDbSymbolTableRecord
100
AcDbBlockTableRecord
  2
AI9-BLK204
 70
    0
280
    1
281
    0
  0
BLOCK_RECORD
  5
2B2
330
1
100
AcDbSymbolTableRecord
100
AcDbBlockTableRecord
  2
AI9-BLK205
 70
    0
280
    1
281
    0
  0
BLOCK_RECORD
  5
2B5
330
1
100
AcDbSymbolTableRecord
100
AcDbBlockTableRecord
  2
AI9-BLK206
 70
    0
280
    1
281
    0
  0
BLOCK_RECORD
  5
2B8
330
1
100
AcDbSymbolTableRecord
100
AcDbBlockTableRecord
  2
AI9-BLK207
 70
    0
280
    1
281
    0
  0
BLOCK_RECORD
  5
2BB
330
1
100
AcDbSymbolTableRecord
100
AcDbBlockTableRecord
  2
AI9-BLK208
 70
    0
280
    1
281
    0
  0
BLOCK_RECORD
  5
2BE
330
1
100
AcDbSymbolTableRecord
100
AcDbBlockTableRecord
  2
AI9-BLK209
 70
    0
280
    1
281
    0
  0
BLOCK_RECORD
  5
2C1
330
1
100
AcDbSymbolTableRecord
100
AcDbBlockTableRecord
  2
AI9-BLK210
 70
    0
280
    1
281
    0
  0
BLOCK_RECORD
  5
2C4
330
1
100
AcDbSymbolTableRecord
100
AcDbBlockTableRecord
  2
AI9-BLK211
 70
    0
280
    1
281
    0
  0
BLOCK_RECORD
  5
2C7
330
1
100
AcDbSymbolTableRecord
100
AcDbBlockTableRecord
  2
AI9-BLK212
 70
    0
280
    1
281
    0
  0
BLOCK_RECORD
  5
2CA
330
1
100
AcDbSymbolTableRecord
100
AcDbBlockTableRecord
  2
AI9-BLK213
 70
    0
280
    1
281
    0
  0
BLOCK_RECORD
  5
2CD
330
1
100
AcDbSymbolTableRecord
100
AcDbBlockTableRecord
  2
AI9-BLK214
 70
    0
280
    1
281
    0
  0
BLOCK_RECORD
  5
2D0
330
1
100
AcDbSymbolTableRecord
100
AcDbBlockTableRecord
  2
AI9-BLK215
 70
    0
280
    1
281
    0
  0
BLOCK_RECORD
  5
2D3
330
1
100
AcDbSymbolTableRecord
100
AcDbBlockTableRecord
  2
AI9-BLK216
 70
    0
280
    1
281
    0
  0
BLOCK_RECORD
  5
2D6
330
1
100
AcDbSymbolTableRecord
100
AcDbBlockTableRecord
  2
AI9-BLK217
 70
    0
280
    1
281
    0
  0
BLOCK_RECORD
  5
2D9
330
1
100
AcDbSymbolTableRecord
100
AcDbBlockTableRecord
  2
AI9-BLK218
 70
    0
280
    1
281
    0
  0
BLOCK_RECORD
  5
2DC
330
1
100
AcDbSymbolTableRecord
100
AcDbBlockTableRecord
  2
AI9-BLK219
 70
    0
280
    1
281
    0
  0
BLOCK_RECORD
  5
2DF
330
1
100
AcDbSymbolTableRecord
100
AcDbBlockTableRecord
  2
AI9-BLK220
 70
    0
280
    1
281
    0
  0
BLOCK_RECORD
  5
2E2
330
1
100
AcDbSymbolTableRecord
100
AcDbBlockTableRecord
  2
AI9-BLK221
 70
    0
280
    1
281
    0
  0
BLOCK_RECORD
  5
2E5
330
1
100
AcDbSymbolTableRecord
100
AcDbBlockTableRecord
  2
AI9-BLK222
 70
    0
280
    1
281
    0
  0
BLOCK_RECORD
  5
2E8
330
1
100
AcDbSymbolTableRecord
100
AcDbBlockTableRecord
  2
AI9-BLK223
 70
    0
280
    1
281
    0
  0
BLOCK_RECORD
  5
2EB
330
1
100
AcDbSymbolTableRecord
100
AcDbBlockTableRecord
  2
AI9-BLK224
 70
    0
280
    1
281
    0
  0
BLOCK_RECORD
  5
2EE
330
1
100
AcDbSymbolTableRecord
100
AcDbBlockTableRecord
  2
AI9-BLK225
 70
    0
280
    1
281
    0
  0
BLOCK_RECORD
  5
2F1
330
1
100
AcDbSymbolTableRecord
100
AcDbBlockTableRecord
  2
AI9-BLK226
 70
    0
280
    1
281
    0
  0
BLOCK_RECORD
  5
2F4
330
1
100
AcDbSymbolTableRecord
100
AcDbBlockTableRecord
  2
AI9-BLK227
 70
    0
280
    1
281
    0
  0
BLOCK_RECORD
  5
2F7
330
1
100
AcDbSymbolTableRecord
100
AcDbBlockTableRecord
  2
AI9-BLK228
 70
    0
280
    1
281
    0
  0
BLOCK_RECORD
  5
2FA
330
1
100
AcDbSymbolTableRecord
100
AcDbBlockTableRecord
  2
AI9-BLK229
 70
    0
280
    1
281
    0
  0
BLOCK_RECORD
  5
2FD
330
1
100
AcDbSymbolTableRecord
100
AcDbBlockTableRecord
  2
AI9-BLK230
 70
    0
280
    1
281
    0
  0
BLOCK_RECORD
  5
300
330
1
100
AcDbSymbolTableRecord
100
AcDbBlockTableRecord
  2
AI9-BLK231
 70
    0
280
    1
281
    0
  0
BLOCK_RECORD
  5
303
330
1
100
AcDbSymbolTableRecord
100
AcDbBlockTableRecord
  2
AI9-BLK232
 70
    0
280
    1
281
    0
  0
BLOCK_RECORD
  5
306
330
1
100
AcDbSymbolTableRecord
100
AcDbBlockTableRecord
  2
AI9-BLK233
 70
    0
280
    1
281
    0
  0
BLOCK_RECORD
  5
309
330
1
100
AcDbSymbolTableRecord
100
AcDbBlockTableRecord
  2
AI9-BLK234
 70
    0
280
    1
281
    0
  0
BLOCK_RECORD
  5
30C
330
1
100
AcDbSymbolTableRecord
100
AcDbBlockTableRecord
  2
AI9-BLK235
 70
    0
280
    1
281
    0
  0
BLOCK_RECORD
  5
30F
330
1
100
AcDbSymbolTableRecord
100
AcDbBlockTableRecord
  2
AI9-BLK236
 70
    0
280
    1
281
    0
  0
BLOCK_RECORD
  5
312
330
1
100
AcDbSymbolTableRecord
100
AcDbBlockTableRecord
  2
AI9-BLK237
 70
    0
280
    1
281
    0
  0
BLOCK_RECORD
  5
315
330
1
100
AcDbSymbolTableRecord
100
AcDbBlockTableRecord
  2
AI9-BLK238
 70
    0
280
    1
281
    0
  0
BLOCK_RECORD
  5
318
330
1
100
AcDbSymbolTableRecord
100
AcDbBlockTableRecord
  2
AI9-BLK239
 70
    0
280
    1
281
    0
  0
BLOCK_RECORD
  5
31B
330
1
100
AcDbSymbolTableRecord
100
AcDbBlockTableRecord
  2
AI9-BLK240
 70
    0
280
    1
281
    0
  0
BLOCK_RECORD
  5
31E
330
1
100
AcDbSymbolTableRecord
100
AcDbBlockTableRecord
  2
AI9-BLK241
 70
    0
280
    1
281
    0
  0
BLOCK_RECORD
  5
321
330
1
100
AcDbSymbolTableRecord
100
AcDbBlockTableRecord
  2
AI9-BLK242
 70
    0
280
    1
281
    0
  0
BLOCK_RECORD
  5
324
330
1
100
AcDbSymbolTableRecord
100
AcDbBlockTableRecord
  2
AI9-BLK243
 70
    0
280
    1
281
    0
  0
BLOCK_RECORD
  5
327
330
1
100
AcDbSymbolTableRecord
100
AcDbBlockTableRecord
  2
AI9-BLK244
 70
    0
280
    1
281
    0
  0
BLOCK_RECORD
  5
32A
330
1
100
AcDbSymbolTableRecord
100
AcDbBlockTableRecord
  2
AI9-BLK245
 70
    0
280
    1
281
    0
  0
BLOCK_RECORD
  5
32D
330
1
100
AcDbSymbolTableRecord
100
AcDbBlockTableRecord
  2
AI9-BLK246
 70
    0
280
    1
281
    0
  0
BLOCK_RECORD
  5
330
330
1
100
AcDbSymbolTableRecord
100
AcDbBlockTableRecord
  2
AI9-BLK247
 70
    0
280
    1
281
    0
  0
BLOCK_RECORD
  5
333
330
1
100
AcDbSymbolTableRecord
100
AcDbBlockTableRecord
  2
AI9-BLK248
 70
    0
280
    1
281
    0
  0
BLOCK_RECORD
  5
336
330
1
100
AcDbSymbolTableRecord
100
AcDbBlockTableRecord
  2
AI9-BLK249
 70
    0
280
    1
281
    0
  0
BLOCK_RECORD
  5
339
330
1
100
AcDbSymbolTableRecord
100
AcDbBlockTableRecord
  2
AI9-BLK250
 70
    0
280
    1
281
    0
  0
BLOCK_RECORD
  5
33C
330
1
100
AcDbSymbolTableRecord
100
AcDbBlockTableRecord
  2
AI9-BLK251
 70
    0
280
    1
281
    0
  0
BLOCK_RECORD
  5
33F
330
1
100
AcDbSymbolTableRecord
100
AcDbBlockTableRecord
  2
AI9-BLK252
 70
    0
280
    1
281
    0
  0
BLOCK_RECORD
  5
342
330
1
100
AcDbSymbolTableRecord
100
AcDbBlockTableRecord
  2
AI9-BLK253
 70
    0
280
    1
281
    0
  0
BLOCK_RECORD
  5
345
330
1
100
AcDbSymbolTableRecord
100
AcDbBlockTableRecord
  2
AI9-BLK254
 70
    0
280
    1
281
    0
  0
BLOCK_RECORD
  5
348
330
1
100
AcDbSymbolTableRecord
100
AcDbBlockTableRecord
  2
AI9-BLK255
 70
    0
280
    1
281
    0
  0
BLOCK_RECORD
  5
34B
330
1
100
AcDbSymbolTableRecord
100
AcDbBlockTableRecord
  2
AI9-BLK256
 70
    0
280
    1
281
    0
  0
BLOCK_RECORD
  5
34E
330
1
100
AcDbSymbolTableRecord
100
AcDbBlockTableRecord
  2
AI9-BLK257
 70
    0
280
    1
281
    0
  0
BLOCK_RECORD
  5
351
330
1
100
AcDbSymbolTableRecord
100
AcDbBlockTableRecord
  2
AI9-BLK258
 70
    0
280
    1
281
    0
  0
BLOCK_RECORD
  5
354
330
1
100
AcDbSymbolTableRecord
100
AcDbBlockTableRecord
  2
AI9-BLK259
 70
    0
280
    1
281
    0
  0
BLOCK_RECORD
  5
357
330
1
100
AcDbSymbolTableRecord
100
AcDbBlockTableRecord
  2
AI9-BLK260
 70
    0
280
    1
281
    0
  0
BLOCK_RECORD
  5
35A
330
1
100
AcDbSymbolTableRecord
100
AcDbBlockTableRecord
  2
AI9-BLK261
 70
    0
280
    1
281
    0
  0
BLOCK_RECORD
  5
35D
330
1
100
AcDbSymbolTableRecord
100
AcDbBlockTableRecord
  2
AI9-BLK262
 70
    0
280
    1
281
    0
  0
BLOCK_RECORD
  5
360
330
1
100
AcDbSymbolTableRecord
100
AcDbBlockTableRecord
  2
AI9-BLK263
 70
    0
280
    1
281
    0
  0
BLOCK_RECORD
  5
363
330
1
100
AcDbSymbolTableRecord
100
AcDbBlockTableRecord
  2
AI9-BLK264
 70
    0
280
    1
281
    0
  0
BLOCK_RECORD
  5
366
330
1
100
AcDbSymbolTableRecord
100
AcDbBlockTableRecord
  2
AI9-BLK265
 70
    0
280
    1
281
    0
  0
BLOCK_RECORD
  5
369
330
1
100
AcDbSymbolTableRecord
100
AcDbBlockTableRecord
  2
AI9-BLK266
 70
    0
280
    1
281
    0
  0
BLOCK_RECORD
  5
36C
330
1
100
AcDbSymbolTableRecord
100
AcDbBlockTableRecord
  2
AI9-BLK267
 70
    0
280
    1
281
    0
  0
BLOCK_RECORD
  5
36F
330
1
100
AcDbSymbolTableRecord
100
AcDbBlockTableRecord
  2
AI9-BLK268
 70
    0
280
    1
281
    0
  0
BLOCK_RECORD
  5
372
330
1
100
AcDbSymbolTableRecord
100
AcDbBlockTableRecord
  2
AI9-BLK269
 70
    0
280
    1
281
    0
  0
BLOCK_RECORD
  5
375
330
1
100
AcDbSymbolTableRecord
100
AcDbBlockTableRecord
  2
AI9-BLK270
 70
    0
280
    1
281
    0
  0
BLOCK_RECORD
  5
378
330
1
100
AcDbSymbolTableRecord
100
AcDbBlockTableRecord
  2
AI9-BLK271
 70
    0
280
    1
281
    0
  0
BLOCK_RECORD
  5
37B
330
1
100
AcDbSymbolTableRecord
100
AcDbBlockTableRecord
  2
AI9-BLK272
 70
    0
280
    1
281
    0
  0
BLOCK_RECORD
  5
37E
330
1
100
AcDbSymbolTableRecord
100
AcDbBlockTableRecord
  2
AI9-BLK273
 70
    0
280
    1
281
    0
  0
BLOCK_RECORD
  5
381
330
1
100
AcDbSymbolTableRecord
100
AcDbBlockTableRecord
  2
AI9-BLK274
 70
    0
280
    1
281
    0
  0
BLOCK_RECORD
  5
384
330
1
100
AcDbSymbolTableRecord
100
AcDbBlockTableRecord
  2
AI9-BLK275
 70
    0
280
    1
281
    0
  0
BLOCK_RECORD
  5
387
330
1
100
AcDbSymbolTableRecord
100
AcDbBlockTableRecord
  2
AI9-BLK276
 70
    0
280
    1
281
    0
  0
BLOCK_RECORD
  5
38A
330
1
100
AcDbSymbolTableRecord
100
AcDbBlockTableRecord
  2
AI9-BLK277
 70
    0
280
    1
281
    0
  0
BLOCK_RECORD
  5
38D
330
1
100
AcDbSymbolTableRecord
100
AcDbBlockTableRecord
  2
AI9-BLK278
 70
    0
280
    1
281
    0
  0
BLOCK_RECORD
  5
390
330
1
100
AcDbSymbolTableRecord
100
AcDbBlockTableRecord
  2
AI9-BLK279
 70
    0
280
    1
281
    0
  0
BLOCK_RECORD
  5
393
330
1
100
AcDbSymbolTableRecord
100
AcDbBlockTableRecord
  2
AI9-BLK280
 70
    0
280
    1
281
    0
  0
BLOCK_RECORD
  5
396
330
1
100
AcDbSymbolTableRecord
100
AcDbBlockTableRecord
  2
AI9-BLK281
 70
    0
280
    1
281
    0
  0
BLOCK_RECORD
  5
399
330
1
100
AcDbSymbolTableRecord
100
AcDbBlockTableRecord
  2
AI9-BLK282
 70
    0
280
    1
281
    0
  0
BLOCK_RECORD
  5
39C
330
1
100
AcDbSymbolTableRecord
100
AcDbBlockTableRecord
  2
AI9-BLK283
 70
    0
280
    1
281
    0
  0
BLOCK_RECORD
  5
39F
330
1
100
AcDbSymbolTableRecord
100
AcDbBlockTableRecord
  2
AI9-BLK284
 70
    0
280
    1
281
    0
  0
BLOCK_RECORD
  5
3A2
330
1
100
AcDbSymbolTableRecord
100
AcDbBlockTableRecord
  2
AI9-BLK285
 70
    0
280
    1
281
    0
  0
BLOCK_RECORD
  5
3A5
330
1
100
AcDbSymbolTableRecord
100
AcDbBlockTableRecord
  2
AI9-BLK286
 70
    0
280
    1
281
    0
  0
BLOCK_RECORD
  5
3A8
330
1
100
AcDbSymbolTableRecord
100
AcDbBlockTableRecord
  2
AI9-BLK287
 70
    0
280
    1
281
    0
  0
BLOCK_RECORD
  5
3AB
330
1
100
AcDbSymbolTableRecord
100
AcDbBlockTableRecord
  2
AI9-BLK288
 70
    0
280
    1
281
    0
  0
BLOCK_RECORD
  5
3AE
330
1
100
AcDbSymbolTableRecord
100
AcDbBlockTableRecord
  2
AI9-BLK289
 70
    0
280
    1
281
    0
  0
BLOCK_RECORD
  5
3B1
330
1
100
AcDbSymbolTableRecord
100
AcDbBlockTableRecord
  2
AI9-BLK290
 70
    0
280
    1
281
    0
  0
BLOCK_RECORD
  5
3B4
330
1
100
AcDbSymbolTableRecord
100
AcDbBlockTableRecord
  2
AI9-BLK291
 70
    0
280
    1
281
    0
  0
BLOCK_RECORD
  5
3B7
330
1
100
AcDbSymbolTableRecord
100
AcDbBlockTableRecord
  2
AI9-BLK292
 70
    0
280
    1
281
    0
  0
BLOCK_RECORD
  5
3BA
330
1
100
AcDbSymbolTableRecord
100
AcDbBlockTableRecord
  2
AI9-BLK293
 70
    0
280
    1
281
    0
  0
BLOCK_RECORD
  5
3BD
330
1
100
AcDbSymbolTableRecord
100
AcDbBlockTableRecord
  2
AI9-BLK294
 70
    0
280
    1
281
    0
  0
BLOCK_RECORD
  5
3C0
330
1
100
AcDbSymbolTableRecord
100
AcDbBlockTableRecord
  2
AI9-BLK295
 70
    0
280
    1
281
    0
  0
BLOCK_RECORD
  5
3C3
330
1
100
AcDbSymbolTableRecord
100
AcDbBlockTableRecord
  2
AI9-BLK296
 70
    0
280
    1
281
    0
  0
BLOCK_RECORD
  5
3C6
330
1
100
AcDbSymbolTableRecord
100
AcDbBlockTableRecord
  2
AI9-BLK297
 70
    0
280
    1
281
    0
  0
BLOCK_RECORD
  5
3C9
330
1
100
AcDbSymbolTableRecord
100
AcDbBlockTableRecord
  2
AI9-BLK298
 70
    0
280
    1
281
    0
  0
BLOCK_RECORD
  5
3CC
330
1
100
AcDbSymbolTableRecord
100
AcDbBlockTableRecord
  2
AI9-BLK299
 70
    0
280
    1
281
    0
  0
BLOCK_RECORD
  5
3CF
330
1
100
AcDbSymbolTableRecord
100
AcDbBlockTableRecord
  2
AI9-BLK300
 70
    0
280
    1
281
    0
  0
BLOCK_RECORD
  5
3D2
330
1
100
AcDbSymbolTableRecord
100
AcDbBlockTableRecord
  2
AI9-BLK301
 70
    0
280
    1
281
    0
  0
BLOCK_RECORD
  5
3D5
330
1
100
AcDbSymbolTableRecord
100
AcDbBlockTableRecord
  2
AI9-BLK302
 70
    0
280
    1
281
    0
  0
BLOCK_RECORD
  5
3D8
330
1
100
AcDbSymbolTableRecord
100
AcDbBlockTableRecord
  2
AI9-BLK303
 70
    0
280
    1
281
    0
  0
BLOCK_RECORD
  5
3DB
330
1
100
AcDbSymbolTableRecord
100
AcDbBlockTableRecord
  2
AI9-BLK304
 70
    0
280
    1
281
    0
  0
BLOCK_RECORD
  5
3DE
330
1
100
AcDbSymbolTableRecord
100
AcDbBlockTableRecord
  2
AI9-BLK305
 70
    0
280
    1
281
    0
  0
BLOCK_RECORD
  5
3E1
330
1
100
AcDbSymbolTableRecord
100
AcDbBlockTableRecord
  2
AI9-BLK306
 70
    0
280
    1
281
    0
  0
BLOCK_RECORD
  5
3E4
330
1
100
AcDbSymbolTableRecord
100
AcDbBlockTableRecord
  2
AI9-BLK307
 70
    0
280
    1
281
    0
  0
BLOCK_RECORD
  5
3E7
330
1
100
AcDbSymbolTableRecord
100
AcDbBlockTableRecord
  2
AI9-BLK308
 70
    0
280
    1
281
    0
  0
BLOCK_RECORD
  5
3EA
330
1
100
AcDbSymbolTableRecord
100
AcDbBlockTableRecord
  2
AI9-BLK309
 70
    0
280
    1
281
    0
  0
BLOCK_RECORD
  5
3ED
330
1
100
AcDbSymbolTableRecord
100
AcDbBlockTableRecord
  2
AI9-BLK310
 70
    0
280
    1
281
    0
  0
BLOCK_RECORD
  5
3F0
330
1
100
AcDbSymbolTableRecord
100
AcDbBlockTableRecord
  2
AI9-BLK311
 70
    0
280
    1
281
    0
  0
BLOCK_RECORD
  5
3F3
330
1
100
AcDbSymbolTableRecord
100
AcDbBlockTableRecord
  2
AI9-BLK312
 70
    0
280
    1
281
    0
  0
BLOCK_RECORD
  5
3F6
330
1
100
AcDbSymbolTableRecord
100
AcDbBlockTableRecord
  2
AI9-BLK313
 70
    0
280
    1
281
    0
  0
BLOCK_RECORD
  5
3F9
330
1
100
AcDbSymbolTableRecord
100
AcDbBlockTableRecord
  2
AI9-BLK314
 70
    0
280
    1
281
    0
  0
BLOCK_RECORD
  5
3FC
330
1
100
AcDbSymbolTableRecord
100
AcDbBlockTableRecord
  2
AI9-BLK315
 70
    0
280
    1
281
    0
  0
BLOCK_RECORD
  5
3FF
330
1
100
AcDbSymbolTableRecord
100
AcDbBlockTableRecord
  2
AI9-BLK316
 70
    0
280
    1
281
    0
  0
BLOCK_RECORD
  5
402
330
1
100
AcDbSymbolTableRecord
100
AcDbBlockTableRecord
  2
AI9-BLK317
 70
    0
280
    1
281
    0
  0
BLOCK_RECORD
  5
405
330
1
100
AcDbSymbolTableRecord
100
AcDbBlockTableRecord
  2
AI9-BLK318
 70
    0
280
    1
281
    0
  0
BLOCK_RECORD
  5
408
330
1
100
AcDbSymbolTableRecord
100
AcDbBlockTableRecord
  2
AI9-BLK319
 70
    0
280
    1
281
    0
  0
BLOCK_RECORD
  5
40B
330
1
100
AcDbSymbolTableRecord
100
AcDbBlockTableRecord
  2
AI9-BLK320
 70
    0
280
    1
281
    0
  0
BLOCK_RECORD
  5
40E
330
1
100
AcDbSymbolTableRecord
100
AcDbBlockTableRecord
  2
AI9-BLK321
 70
    0
280
    1
281
    0
  0
BLOCK_RECORD
  5
411
330
1
100
AcDbSymbolTableRecord
100
AcDbBlockTableRecord
  2
AI9-BLK322
 70
    0
280
    1
281
    0
  0
BLOCK_RECORD
  5
414
330
1
100
AcDbSymbolTableRecord
100
AcDbBlockTableRecord
  2
AI9-BLK323
 70
    0
280
    1
281
    0
  0
BLOCK_RECORD
  5
417
330
1
100
AcDbSymbolTableRecord
100
AcDbBlockTableRecord
  2
AI9-BLK324
 70
    0
280
    1
281
    0
  0
BLOCK_RECORD
  5
41A
330
1
100
AcDbSymbolTableRecord
100
AcDbBlockTableRecord
  2
AI9-BLK325
 70
    0
280
    1
281
    0
  0
BLOCK_RECORD
  5
41D
330
1
100
AcDbSymbolTableRecord
100
AcDbBlockTableRecord
  2
AI9-BLK326
 70
    0
280
    1
281
    0
  0
BLOCK_RECORD
  5
420
330
1
100
AcDbSymbolTableRecord
100
AcDbBlockTableRecord
  2
AI9-BLK327
 70
    0
280
    1
281
    0
  0
BLOCK_RECORD
  5
423
330
1
100
AcDbSymbolTableRecord
100
AcDbBlockTableRecord
  2
AI9-BLK328
 70
    0
280
    1
281
    0
  0
BLOCK_RECORD
  5
426
330
1
100
AcDbSymbolTableRecord
100
AcDbBlockTableRecord
  2
AI9-BLK329
 70
    0
280
    1
281
    0
  0
BLOCK_RECORD
  5
429
330
1
100
AcDbSymbolTableRecord
100
AcDbBlockTableRecord
  2
AI9-BLK330
 70
    0
280
    1
281
    0
  0
BLOCK_RECORD
  5
42C
330
1
100
AcDbSymbolTableRecord
100
AcDbBlockTableRecord
  2
AI9-BLK331
 70
    0
280
    1
281
    0
  0
BLOCK_RECORD
  5
42F
330
1
100
AcDbSymbolTableRecord
100
AcDbBlockTableRecord
  2
AI9-BLK332
 70
    0
280
    1
281
    0
  0
BLOCK_RECORD
  5
432
330
1
100
AcDbSymbolTableRecord
100
AcDbBlockTableRecord
  2
AI9-BLK333
 70
    0
280
    1
281
    0
  0
BLOCK_RECORD
  5
435
330
1
100
AcDbSymbolTableRecord
100
AcDbBlockTableRecord
  2
AI9-BLK334
 70
    0
280
    1
281
    0
  0
BLOCK_RECORD
  5
438
330
1
100
AcDbSymbolTableRecord
100
AcDbBlockTableRecord
  2
AI9-BLK335
 70
    0
280
    1
281
    0
  0
BLOCK_RECORD
  5
43B
330
1
100
AcDbSymbolTableRecord
100
AcDbBlockTableRecord
  2
AI9-BLK336
 70
    0
280
    1
281
    0
  0
BLOCK_RECORD
  5
43E
330
1
100
AcDbSymbolTableRecord
100
AcDbBlockTableRecord
  2
AI9-BLK337
 70
    0
280
    1
281
    0
  0
BLOCK_RECORD
  5
441
330
1
100
AcDbSymbolTableRecord
100
AcDbBlockTableRecord
  2
AI9-BLK338
 70
    0
280
    1
281
    0
  0
BLOCK_RECORD
  5
444
330
1
100
AcDbSymbolTableRecord
100
AcDbBlockTableRecord
  2
AI9-BLK339
 70
    0
280
    1
281
    0
  0
BLOCK_RECORD
  5
447
330
1
100
AcDbSymbolTableRecord
100
AcDbBlockTableRecord
  2
AI9-BLK340
 70
    0
280
    1
281
    0
  0
BLOCK_RECORD
  5
44A
330
1
100
AcDbSymbolTableRecord
100
AcDbBlockTableRecord
  2
AI9-BLK341
 70
    0
280
    1
281
    0
  0
BLOCK_RECORD
  5
44D
330
1
100
AcDbSymbolTableRecord
100
AcDbBlockTableRecord
  2
AI9-BLK342
 70
    0
280
    1
281
    0
  0
BLOCK_RECORD
  5
450
330
1
100
AcDbSymbolTableRecord
100
AcDbBlockTableRecord
  2
AI9-BLK343
 70
    0
280
    1
281
    0
  0
BLOCK_RECORD
  5
453
330
1
100
AcDbSymbolTableRecord
100
AcDbBlockTableRecord
  2
AI9-BLK344
 70
    0
280
    1
281
    0
  0
BLOCK_RECORD
  5
456
330
1
100
AcDbSymbolTableRecord
100
AcDbBlockTableRecord
  2
AI9-BLK345
 70
    0
280
    1
281
    0
  0
BLOCK_RECORD
  5
459
330
1
100
AcDbSymbolTableRecord
100
AcDbBlockTableRecord
  2
AI9-BLK346
 70
    0
280
    1
281
    0
  0
BLOCK_RECORD
  5
45C
330
1
100
AcDbSymbolTableRecord
100
AcDbBlockTableRecord
  2
AI9-BLK347
 70
    0
280
    1
281
    0
  0
BLOCK_RECORD
  5
45F
330
1
100
AcDbSymbolTableRecord
100
AcDbBlockTableRecord
  2
AI9-BLK348
 70
    0
280
    1
281
    0
  0
BLOCK_RECORD
  5
462
330
1
100
AcDbSymbolTableRecord
100
AcDbBlockTableRecord
  2
AI9-BLK349
 70
    0
280
    1
281
    0
  0
BLOCK_RECORD
  5
465
330
1
100
AcDbSymbolTableRecord
100
AcDbBlockTableRecord
  2
AI9-BLK350
 70
    0
280
    1
281
    0
  0
BLOCK_RECORD
  5
468
330
1
100
AcDbSymbolTableRecord
100
AcDbBlockTableRecord
  2
AI9-BLK351
 70
    0
280
    1
281
    0
  0
BLOCK_RECORD
  5
46B
330
1
100
AcDbSymbolTableRecord
100
AcDbBlockTableRecord
  2
AI9-BLK352
 70
    0
280
    1
281
    0
  0
BLOCK_RECORD
  5
46E
330
1
100
AcDbSymbolTableRecord
100
AcDbBlockTableRecord
  2
AI9-BLK353
 70
    0
280
    1
281
    0
  0
BLOCK_RECORD
  5
471
330
1
100
AcDbSymbolTableRecord
100
AcDbBlockTableRecord
  2
AI9-BLK354
 70
    0
280
    1
281
    0
  0
BLOCK_RECORD
  5
474
330
1
100
AcDbSymbolTableRecord
100
AcDbBlockTableRecord
  2
AI9-BLK355
 70
    0
280
    1
281
    0
  0
BLOCK_RECORD
  5
477
330
1
100
AcDbSymbolTableRecord
100
AcDbBlockTableRecord
  2
AI9-BLK356
 70
    0
280
    1
281
    0
  0
BLOCK_RECORD
  5
47A
330
1
100
AcDbSymbolTableRecord
100
AcDbBlockTableRecord
  2
AI9-BLK357
 70
    0
280
    1
281
    0
  0
BLOCK_RECORD
  5
47D
330
1
100
AcDbSymbolTableRecord
100
AcDbBlockTableRecord
  2
AI9-BLK358
 70
    0
280
    1
281
    0
  0
BLOCK_RECORD
  5
480
330
1
100
AcDbSymbolTableRecord
100
AcDbBlockTableRecord
  2
AI9-BLK359
 70
    0
280
    1
281
    0
  0
BLOCK_RECORD
  5
483
330
1
100
AcDbSymbolTableRecord
100
AcDbBlockTableRecord
  2
AI9-BLK360
 70
    0
280
    1
281
    0
  0
BLOCK_RECORD
  5
486
330
1
100
AcDbSymbolTableRecord
100
AcDbBlockTableRecord
  2
AI9-BLK361
 70
    0
280
    1
281
    0
  0
BLOCK_RECORD
  5
489
330
1
100
AcDbSymbolTableRecord
100
AcDbBlockTableRecord
  2
AI9-BLK362
 70
    0
280
    1
281
    0
  0
BLOCK_RECORD
  5
48C
330
1
100
AcDbSymbolTableRecord
100
AcDbBlockTableRecord
  2
AI9-BLK363
 70
    0
280
    1
281
    0
  0
BLOCK_RECORD
  5
48F
330
1
100
AcDbSymbolTableRecord
100
AcDbBlockTableRecord
  2
AI9-BLK364
 70
    0
280
    1
281
    0
  0
BLOCK_RECORD
  5
492
330
1
100
AcDbSymbolTableRecord
100
AcDbBlockTableRecord
  2
AI9-BLK365
 70
    0
280
    1
281
    0
  0
BLOCK_RECORD
  5
495
330
1
100
AcDbSymbolTableRecord
100
AcDbBlockTableRecord
  2
AI9-BLK366
 70
    0
280
    1
281
    0
  0
BLOCK_RECORD
  5
498
330
1
100
AcDbSymbolTableRecord
100
AcDbBlockTableRecord
  2
AI9-BLK367
 70
    0
280
    1
281
    0
  0
BLOCK_RECORD
  5
49B
330
1
100
AcDbSymbolTableRecord
100
AcDbBlockTableRecord
  2
AI9-BLK368
 70
    0
280
    1
281
    0
  0
BLOCK_RECORD
  5
49E
330
1
100
AcDbSymbolTableRecord
100
AcDbBlockTableRecord
  2
AI9-BLK369
 70
    0
280
    1
281
    0
  0
BLOCK_RECORD
  5
4A1
330
1
100
AcDbSymbolTableRecord
100
AcDbBlockTableRecord
  2
AI9-BLK370
 70
    0
280
    1
281
    0
  0
BLOCK_RECORD
  5
4A4
330
1
100
AcDbSymbolTableRecord
100
AcDbBlockTableRecord
  2
AI9-BLK371
 70
    0
280
    1
281
    0
  0
BLOCK_RECORD
  5
4A7
330
1
100
AcDbSymbolTableRecord
100
AcDbBlockTableRecord
  2
AI9-BLK372
 70
    0
280
    1
281
    0
  0
BLOCK_RECORD
  5
4AA
330
1
100
AcDbSymbolTableRecord
100
AcDbBlockTableRecord
  2
AI9-BLK373
 70
    0
280
    1
281
    0
  0
BLOCK_RECORD
  5
4AD
330
1
100
AcDbSymbolTableRecord
100
AcDbBlockTableRecord
  2
AI9-BLK374
 70
    0
280
    1
281
    0
  0
BLOCK_RECORD
  5
4B0
330
1
100
AcDbSymbolTableRecord
100
AcDbBlockTableRecord
  2
AI9-BLK375
 70
    0
280
    1
281
    0
  0
BLOCK_RECORD
  5
4B3
330
1
100
AcDbSymbolTableRecord
100
AcDbBlockTableRecord
  2
AI9-BLK376
 70
    0
280
    1
281
    0
  0
BLOCK_RECORD
  5
4B6
330
1
100
AcDbSymbolTableRecord
100
AcDbBlockTableRecord
  2
AI9-BLK377
 70
    0
280
    1
281
    0
  0
BLOCK_RECORD
  5
4B9
330
1
100
AcDbSymbolTableRecord
100
AcDbBlockTableRecord
  2
AI9-BLK378
 70
    0
280
    1
281
    0
  0
BLOCK_RECORD
  5
4BC
330
1
100
AcDbSymbolTableRecord
100
AcDbBlockTableRecord
  2
AI9-BLK379
 70
    0
280
    1
281
    0
  0
BLOCK_RECORD
  5
4BF
330
1
100
AcDbSymbolTableRecord
100
AcDbBlockTableRecord
  2
AI9-BLK380
 70
    0
280
    1
281
    0
  0
BLOCK_RECORD
  5
4C2
330
1
100
AcDbSymbolTableRecord
100
AcDbBlockTableRecord
  2
AI9-BLK381
 70
    0
280
    1
281
    0
  0
BLOCK_RECORD
  5
4C5
330
1
100
AcDbSymbolTableRecord
100
AcDbBlockTableRecord
  2
AI9-BLK382
 70
    0
280
    1
281
    0
  0
BLOCK_RECORD
  5
4C8
330
1
100
AcDbSymbolTableRecord
100
AcDbBlockTableRecord
  2
AI9-BLK383
 70
    0
280
    1
281
    0
  0
BLOCK_RECORD
  5
4CB
330
1
100
AcDbSymbolTableRecord
100
AcDbBlockTableRecord
  2
AI9-BLK384
 70
    0
280
    1
281
    0
  0
BLOCK_RECORD
  5
4CE
330
1
100
AcDbSymbolTableRecord
100
AcDbBlockTableRecord
  2
AI9-BLK385
 70
    0
280
    1
281
    0
  0
BLOCK_RECORD
  5
4D1
330
1
100
AcDbSymbolTableRecord
100
AcDbBlockTableRecord
  2
AI9-BLK386
 70
    0
280
    1
281
    0
  0
BLOCK_RECORD
  5
4D4
330
1
100
AcDbSymbolTableRecord
100
AcDbBlockTableRecord
  2
AI9-BLK387
 70
    0
280
    1
281
    0
  0
BLOCK_RECORD
  5
4D7
330
1
100
AcDbSymbolTableRecord
100
AcDbBlockTableRecord
  2
AI9-BLK388
 70
    0
280
    1
281
    0
  0
BLOCK_RECORD
  5
4DA
330
1
100
AcDbSymbolTableRecord
100
AcDbBlockTableRecord
  2
AI9-BLK389
 70
    0
280
    1
281
    0
  0
BLOCK_RECORD
  5
4DD
330
1
100
AcDbSymbolTableRecord
100
AcDbBlockTableRecord
  2
AI9-BLK390
 70
    0
280
    1
281
    0
  0
BLOCK_RECORD
  5
4E0
330
1
100
AcDbSymbolTableRecord
100
AcDbBlockTableRecord
  2
AI9-BLK391
 70
    0
280
    1
281
    0
  0
BLOCK_RECORD
  5
4E3
330
1
100
AcDbSymbolTableRecord
100
AcDbBlockTableRecord
  2
AI9-BLK392
 70
    0
280
    1
281
    0
  0
BLOCK_RECORD
  5
4E6
330
1
100
AcDbSymbolTableRecord
100
AcDbBlockTableRecord
  2
AI9-BLK393
 70
    0
280
    1
281
    0
  0
BLOCK_RECORD
  5
4E9
330
1
100
AcDbSymbolTableRecord
100
AcDbBlockTableRecord
  2
AI9-BLK394
 70
    0
280
    1
281
    0
  0
BLOCK_RECORD
  5
4EC
330
1
100
AcDbSymbolTableRecord
100
AcDbBlockTableRecord
  2
AI9-BLK395
 70
    0
280
    1
281
    0
  0
BLOCK_RECORD
  5
4EF
330
1
100
AcDbSymbolTableRecord
100
AcDbBlockTableRecord
  2
AI9-BLK396
 70
    0
280
    1
281
    0
  0
BLOCK_RECORD
  5
4F2
330
1
100
AcDbSymbolTableRecord
100
AcDbBlockTableRecord
  2
AI9-BLK397
 70
    0
280
    1
281
    0
  0
BLOCK_RECORD
  5
4F5
330
1
100
AcDbSymbolTableRecord
100
AcDbBlockTableRecord
  2
AI9-BLK398
 70
    0
280
    1
281
    0
  0
BLOCK_RECORD
  5
4F8
330
1
100
AcDbSymbolTableRecord
100
AcDbBlockTableRecord
  2
AI9-BLK399
 70
    0
280
    1
281
    0
  0
BLOCK_RECORD
  5
4FB
330
1
100
AcDbSymbolTableRecord
100
AcDbBlockTableRecord
  2
AI9-BLK400
 70
    0
280
    1
281
    0
  0
BLOCK_RECORD
  5
4FE
330
1
100
AcDbSymbolTableRecord
100
AcDbBlockTableRecord
  2
AI9-BLK401
 70
    0
280
    1
281
    0
  0
BLOCK_RECORD
  5
501
330
1
100
AcDbSymbolTableRecord
100
AcDbBlockTableRecord
  2
AI9-BLK402
 70
    0
280
    1
281
    0
  0
BLOCK_RECORD
  5
504
330
1
100
AcDbSymbolTableRecord
100
AcDbBlockTableRecord
  2
AI9-BLK403
 70
    0
280
    1
281
    0
  0
BLOCK_RECORD
  5
507
330
1
100
AcDbSymbolTableRecord
100
AcDbBlockTableRecord
  2
AI9-BLK404
 70
    0
280
    1
281
    0
  0
BLOCK_RECORD
  5
50A
330
1
100
AcDbSymbolTableRecord
100
AcDbBlockTableRecord
  2
AI9-BLK405
 70
    0
280
    1
281
    0
  0
BLOCK_RECORD
  5
50D
330
1
100
AcDbSymbolTableRecord
100
AcDbBlockTableRecord
  2
AI9-BLK406
 70
    0
280
    1
281
    0
  0
BLOCK_RECORD
  5
510
330
1
100
AcDbSymbolTableRecord
100
AcDbBlockTableRecord
  2
AI9-BLK407
 70
    0
280
    1
281
    0
  0
BLOCK_RECORD
  5
513
330
1
100
AcDbSymbolTableRecord
100
AcDbBlockTableRecord
  2
AI9-BLK408
 70
    0
280
    1
281
    0
  0
BLOCK_RECORD
  5
516
330
1
100
AcDbSymbolTableRecord
100
AcDbBlockTableRecord
  2
AI9-BLK409
 70
    0
280
    1
281
    0
  0
BLOCK_RECORD
  5
519
330
1
100
AcDbSymbolTableRecord
100
AcDbBlockTableRecord
  2
AI9-BLK410
 70
    0
280
    1
281
    0
  0
BLOCK_RECORD
  5
51C
330
1
100
AcDbSymbolTableRecord
100
AcDbBlockTableRecord
  2
AI9-BLK411
 70
    0
280
    1
281
    0
  0
BLOCK_RECORD
  5
51F
330
1
100
AcDbSymbolTableRecord
100
AcDbBlockTableRecord
  2
AI9-BLK412
 70
    0
280
    1
281
    0
  0
BLOCK_RECORD
  5
522
330
1
100
AcDbSymbolTableRecord
100
AcDbBlockTableRecord
  2
AI9-BLK413
 70
    0
280
    1
281
    0
  0
BLOCK_RECORD
  5
525
330
1
100
AcDbSymbolTableRecord
100
AcDbBlockTableRecord
  2
AI9-BLK414
 70
    0
280
    1
281
    0
  0
BLOCK_RECORD
  5
528
330
1
100
AcDbSymbolTableRecord
100
AcDbBlockTableRecord
  2
AI9-BLK415
 70
    0
280
    1
281
    0
  0
BLOCK_RECORD
  5
52B
330
1
100
AcDbSymbolTableRecord
100
AcDbBlockTableRecord
  2
AI9-BLK416
 70
    0
280
    1
281
    0
  0
BLOCK_RECORD
  5
52E
330
1
100
AcDbSymbolTableRecord
100
AcDbBlockTableRecord
  2
AI9-BLK417
 70
    0
280
    1
281
    0
  0
BLOCK_RECORD
  5
531
330
1
100
AcDbSymbolTableRecord
100
AcDbBlockTableRecord
  2
AI9-BLK418
 70
    0
280
    1
281
    0
  0
BLOCK_RECORD
  5
534
330
1
100
AcDbSymbolTableRecord
100
AcDbBlockTableRecord
  2
AI9-BLK419
 70
    0
280
    1
281
    0
  0
BLOCK_RECORD
  5
537
330
1
100
AcDbSymbolTableRecord
100
AcDbBlockTableRecord
  2
AI9-BLK420
 70
    0
280
    1
281
    0
  0
BLOCK_RECORD
  5
53A
330
1
100
AcDbSymbolTableRecord
100
AcDbBlockTableRecord
  2
AI9-BLK421
 70
    0
280
    1
281
    0
  0
BLOCK_RECORD
  5
53D
330
1
100
AcDbSymbolTableRecord
100
AcDbBlockTableRecord
  2
AI9-BLK422
 70
    0
280
    1
281
    0
  0
BLOCK_RECORD
  5
540
330
1
100
AcDbSymbolTableRecord
100
AcDbBlockTableRecord
  2
AI9-BLK423
 70
    0
280
    1
281
    0
  0
BLOCK_RECORD
  5
543
330
1
100
AcDbSymbolTableRecord
100
AcDbBlockTableRecord
  2
AI9-BLK424
 70
    0
280
    1
281
    0
  0
BLOCK_RECORD
  5
546
330
1
100
AcDbSymbolTableRecord
100
AcDbBlockTableRecord
  2
AI9-BLK425
 70
    0
280
    1
281
    0
  0
BLOCK_RECORD
  5
549
330
1
100
AcDbSymbolTableRecord
100
AcDbBlockTableRecord
  2
AI9-BLK426
 70
    0
280
    1
281
    0
  0
BLOCK_RECORD
  5
54C
330
1
100
AcDbSymbolTableRecord
100
AcDbBlockTableRecord
  2
AI9-BLK427
 70
    0
280
    1
281
    0
  0
BLOCK_RECORD
  5
54F
330
1
100
AcDbSymbolTableRecord
100
AcDbBlockTableRecord
  2
AI9-BLK428
 70
    0
280
    1
281
    0
  0
BLOCK_RECORD
  5
552
330
1
100
AcDbSymbolTableRecord
100
AcDbBlockTableRecord
  2
AI9-BLK429
 70
    0
280
    1
281
    0
  0
BLOCK_RECORD
  5
555
330
1
100
AcDbSymbolTableRecord
100
AcDbBlockTableRecord
  2
AI9-BLK430
 70
    0
280
    1
281
    0
  0
BLOCK_RECORD
  5
558
330
1
100
AcDbSymbolTableRecord
100
AcDbBlockTableRecord
  2
AI9-BLK431
 70
    0
280
    1
281
    0
  0
BLOCK_RECORD
  5
55B
330
1
100
AcDbSymbolTableRecord
100
AcDbBlockTableRecord
  2
AI9-BLK432
 70
    0
280
    1
281
    0
  0
BLOCK_RECORD
  5
55E
330
1
100
AcDbSymbolTableRecord
100
AcDbBlockTableRecord
  2
AI9-BLK433
 70
    0
280
    1
281
    0
  0
ENDTAB
  0
ENDSEC
  0
SECTION
  2
BLOCKS
  0
BLOCK
  5
20
330
1F
100
AcDbEntity
  8
0
100
AcDbBlockBegin
  2
*Model_Space
 70
    0
 10
0
 20
0
 30
0
  3
*Model_Space
  1

  0
ENDBLK
  5
21
330
1F
100
AcDbEntity
  8
0
100
AcDbBlockEnd
  0
BLOCK
  5
1C
330
1B
100
AcDbEntity
  8
0
100
AcDbBlockBegin
  2
*Paper_Space
 70
    0
 10
0
 20
0
 30
0
  3
*Paper_Space
  1

  0
ENDBLK
  5
1D
330
1F
100
AcDbEntity
  8
0
100
AcDbBlockEnd
  0
BLOCK
  5
4F
330
4E
100
AcDbEntity
  8
0
100
AcDbBlockBegin
  2
AI9-BLK1
 70
    0
 10
0
 20
0
  3
AI9-BLK1
  1

  0
LINE
  5
561
100
AcDbEntity
  8
LAYER_1
  6
ByLayer
 62
    7
370
   -1
100
AcDbLine
 10
-0.467327
 20
0
 11
0.467327
 21
0
  0
ENDBLK
  5
50
330
4E
100
AcDbEntity
  8
0
100
AcDbBlockEnd
  0
BLOCK
  5
52
330
51
100
AcDbEntity
  8
0
100
AcDbBlockBegin
  2
AI9-BLK2
 70
    0
 10
0
 20
0
  3
AI9-BLK2
  1

  0
LINE
  5
562
100
AcDbEntity
  8
LAYER_1
  6
ByLayer
 62
    7
370
   -1
100
AcDbLine
 10
-3.36672
 20
0.546048
 11
-3.36672
 21
-0.546048
  0
LWPOLYLINE
  5
563
100
AcDbEntity
  8
LAYER_1
  6
ByLayer
 62
    7
370
   -1
100
AcDbPolyline
 90
    9
 70
    0
 43
0
 10
-3.36672
 20
0.546048
 10
-2.899565
 20
0.546048
 10
-2.744535
 20
0.492649
 10
-2.691136
 20
0.442006
 10
-2.640149
 20
0.337619
 10
-2.640149
 20
0.233577
 10
-2.691136
 20
0.129536
 10
-2.744535
 20
0.07854800000000001
 10
-2.899565
 20
0.025149
  0
LWPOLYLINE
  5
564
100
AcDbEntity
  8
LAYER_1
  6
ByLayer
 62
    7
370
   -1
100
AcDbPolyline
 90
   10
 70
    0
 43
0
 10
-3.36672
 20
0.025149
 10
-2.899565
 20
0.025149
 10
-2.744535
 20
-0.025494
 10
-2.691136
 20
-0.078893
 10
-2.640149
 20
-0.182935
 10
-2.640149
 20
-0.337964
 10
-2.691136
 20
-0.442006
 10
-2.744535
 20
-0.492993
 10
-2.899565
 20
-0.546048
 10
-3.36672
 20
-0.546048
  0
LWPOLYLINE
  5
565
100
AcDbEntity
  8
LAYER_1
  6
ByLayer
 62
    7
370
   -1
100
AcDbPolyline
 90
   21
 70
    0
 43
0
 10
-1.984892
 20
0.546048
 10
-2.089278
 20
0.492649
 10
-2.19332
 20
0.388262
 10
-2.243963
 20
0.28422
 10
-2.297706
 20
0.129536
 10
-2.297706
 20
-0.129536
 10
-2.243963
 20
-0.286976
 10
-2.19332
 20
-0.388607
 10
-2.089278
 20
-0.492993
 10
-1.984892
 20
-0.546048
 10
-1.776808
 20
-0.546048
 10
-1.672766
 20
-0.492993
 10
-1.568724
 20
-0.388607
 10
-1.517737
 20
-0.286976
 10
-1.464338
 20
-0.129536
 10
-1.464338
 20
0.129536
 10
-1.517737
 20
0.28422
 10
-1.568724
 20
0.388262
 10
-1.672766
 20
0.492649
 10
-1.776808
 20
0.546048
 10
-1.984892
 20
0.546048
  0
LINE
  5
566
100
AcDbEntity
  8
LAYER_1
  6
ByLayer
 62
    7
370
   -1
100
AcDbLine
 10
-1.121551
 20
0.546048
 11
-1.121551
 21
-0.546048
  0
LWPOLYLINE
  5
567
100
AcDbEntity
  8
LAYER_1
  6
ByLayer
 62
    7
370
   -1
100
AcDbPolyline
 90
   10
 70
    0
 43
0
 10
-1.121551
 20
0.546048
 10
-0.654396
 20
0.546048
 10
-0.499367
 20
0.492649
 10
-0.445623
 20
0.442006
 10
-0.395325
 20
0.337619
 10
-0.395325
 20
0.233577
 10
-0.445623
 20
0.129536
 10
-0.499367
 20
0.07854800000000001
 10
-0.654396
 20
0.025149
 10
-1.121551
 20
0.025149
  0
LINE
  5
568
100
AcDbEntity
  8
LAYER_1
  6
ByLayer
 62
    7
370
   -1
100
AcDbLine
 10
-0.7584379999999999
 20
0.025149
 11
-0.395325
 21
-0.546048
  0
LINE
  5
569
100
AcDbEntity
  8
LAYER_1
  6
ByLayer
 62
    7
370
   -1
100
AcDbLine
 10
-0.052193
 20
0.546048
 11
-0.052193
 21
-0.546048
  0
LWPOLYLINE
  5
56A
100
AcDbEntity
  8
LAYER_1
  6
ByLayer
 62
    7
370
   -1
100
AcDbPolyline
 90
   12
 70
    0
 43
0
 10
-0.052193
 20
0.546048
 10
0.31092
 20
0.546048
 10
0.468705
 20
0.492649
 10
0.569991
 20
0.388262
 10
0.623735
 20
0.28422
 10
0.674033
 20
0.129536
 10
0.674033
 20
-0.129536
 10
0.623735
 20
-0.286976
 10
0.569991
 20
-0.388607
 10
0.468705
 20
-0.492993
 10
0.31092
 20
-0.546048
 10
-0.052193
 20
-0.546048
  0
LINE
  5
56B
100
AcDbEntity
  8
LAYER_1
  6
ByLayer
 62
    7
370
   -1
100
AcDbLine
 10
1.017164
 20
0.546048
 11
1.017164
 21
-0.546048
  0
LINE
  5
56C
100
AcDbEntity
  8
LAYER_1
  6
ByLayer
 62
    7
370
   -1
100
AcDbLine
 10
1.017164
 20
0.546048
 11
1.693092
 21
0.546048
  0
LINE
  5
56D
100
AcDbEntity
  8
LAYER_1
  6
ByLayer
 62
    7
370
   -1
100
AcDbLine
 10
1.017164
 20
0.025149
 11
1.433676
 21
0.025149
  0
LINE
  5
56E
100
AcDbEntity
  8
LAYER_1
  6
ByLayer
 62
    7
370
   -1
100
AcDbLine
 10
1.017164
 20
-0.546048
 11
1.693092
 21
-0.546048
  0
LINE
  5
56F
100
AcDbEntity
  8
LAYER_1
  6
ByLayer
 62
    7
370
   -1
100
AcDbLine
 10
2.035535
 20
0.546048
 11
2.035535
 21
-0.546048
  0
LWPOLYLINE
  5
570
100
AcDbEntity
  8
LAYER_1
  6
ByLayer
 62
    7
370
   -1
100
AcDbPolyline
 90
   10
 70
    0
 43
0
 10
2.035535
 20
0.546048
 10
2.503034
 20
0.546048
 10
2.660475
 20
0.492649
 10
2.711462
 20
0.442006
 10
2.764517
 20
0.337619
 10
2.764517
 20
0.233577
 10
2.711462
 20
0.129536
 10
2.660475
 20
0.07854800000000001
 10
2.503034
 20
0.025149
 10
2.035535
 20
0.025149
  0
LINE
  5
571
100
AcDbEntity
  8
LAYER_1
  6
ByLayer
 62
    7
370
   -1
100
AcDbLine
 10
2.398648
 20
0.025149
 11
2.764517
 21
-0.546048
  0
LWPOLYLINE
  5
572
100
AcDbEntity
  8
LAYER_1
  6
ByLayer
 62
    7
370
   -1
100
AcDbPolyline
 90
    4
 70
    0
 43
0
 10
3.107648
 20
0.337619
 10
3.21169
 20
0.388262
 10
3.36672
 20
0.546048
 10
3.36672
 20
-0.546048
  0
ENDBLK
  5
53
330
51
100
AcDbEntity
  8
0
100
AcDbBlockEnd
  0
BLOCK
  5
55
330
54
100
AcDbEntity
  8
0
100
AcDbBlockBegin
  2
AI9-BLK3
 70
    0
 10
0
 20
0
  3
AI9-BLK3
  1

  0
INSERT
  5
573
100
AcDbEntity
  8
LAYER_1
  6
ByLayer
 62
    7
370
   -1
100
AcDbBlockReference
  2
AI9-BLK4
 10
0
 20
0
 30
0
 41
1
 42
1
 43
0
 50
0
 70
    1
 71
    1
 44
0
 45
0
  0
ENDBLK
  5
56
330
54
100
AcDbEntity
  8
0
100
AcDbBlockEnd
  0
BLOCK
  5
58
330
57
100
AcDbEntity
  8
0
100
AcDbBlockBegin
  2
AI9-BLK4
 70
    0
 10
0
 20
0
  3
AI9-BLK4
  1

  0
CIRCLE
  5
574
100
AcDbEntity
  8
LAYER_1
  6
ByLayer
 62
    7
370
   -1
100
AcDbCircle
 10
0.000172
 20
0
 40
1.523766
  0
ENDBLK
  5
59
330
57
100
AcDbEntity
  8
0
100
AcDbBlockEnd
  0
BLOCK
  5
5B
330
5A
100
AcDbEntity
  8
0
100
AcDbBlockBegin
  2
AI9-BLK5
 70
    0
 10
0
 20
0
  3
AI9-BLK5
  1

  0
INSERT
  5
575
100
AcDbEntity
  8
LAYER_1
  6
ByLayer
 62
    7
370
   -1
100
AcDbBlockReference
  2
AI9-BLK6
 10
0
 20
0
 30
0
 41
1
 42
1
 43
0
 50
0
 70
    1
 71
    1
 44
0
 45
0
  0
ENDBLK
  5
5C
330
5A
100
AcDbEntity
  8
0
100
AcDbBlockEnd
  0
BLOCK
  5
5E
330
5D
100
AcDbEntity
  8
0
100
AcDbBlockBegin
  2
AI9-BLK6
 70
    0
 10
0
 20
0
  3
AI9-BLK6
  1

  0
CIRCLE
  5
576
100
AcDbEntity
  8
LAYER_1
  6
ByLayer
 62
    7
370
   -1
100
AcDbCircle
 10
0
 20
0
 40
1.523766
  0
ENDBLK
  5
5F
330
5D
100
AcDbEntity
  8
0
100
AcDbBlockEnd
  0
BLOCK
  5
61
330
60
100
AcDbEntity
  8
0
100
AcDbBlockBegin
  2
AI9-BLK7
 70
    0
 10
0
 20
0
  3
AI9-BLK7
  1

  0
INSERT
  5
577
100
AcDbEntity
  8
LAYER_1
  6
ByLayer
 62
    7
370
   -1
100
AcDbBlockReference
  2
AI9-BLK8
 10
0
 20
0
 30
0
 41
1
 42
1
 43
0
 50
0
 70
    1
 71
    1
 44
0
 45
0
  0
ENDBLK
  5
62
330
60
100
AcDbEntity
  8
0
100
AcDbBlockEnd
  0
BLOCK
  5
64
330
63
100
AcDbEntity
  8
0
100
AcDbBlockBegin
  2
AI9-BLK8
 70
    0
 10
0
 20
0
  3
AI9-BLK8
  1

  0
CIRCLE
  5
578
100
AcDbEntity
  8
LAYER_1
  6
ByLayer
 62
    7
370
   -1
100
AcDbCircle
 10
0
 20
0
 40
2.031917
  0
ENDBLK
  5
65
330
63
100
AcDbEntity
  8
0
100
AcDbBlockEnd
  0
BLOCK
  5
67
330
66
100
AcDbEntity
  8
0
100
AcDbBlockBegin
  2
AI9-BLK9
 70
    0
 10
0
 20
0
  3
AI9-BLK9
  1

  0
INSERT
  5
579
100
AcDbEntity
  8
LAYER_1
  6
ByLayer
 62
    7
370
   -1
100
AcDbBlockReference
  2
AI9-BLK10
 10
0
 20
0
 30
0
 41
1
 42
1
 43
0
 50
0
 70
    1
 71
    1
 44
0
 45
0
  0
ENDBLK
  5
68
330
66
100
AcDbEntity
  8
0
100
AcDbBlockEnd
  0
BLOCK
  5
6A
330
69
100
AcDbEntity
  8
0
100
AcDbBlockBegin
  2
AI9-BLK10
 70
    0
 10
0
 20
0
  3
AI9-BLK10
  1

  0
CIRCLE
  5
57A
100
AcDbEntity
  8
LAYER_1
  6
ByLayer
 62
    7
370
   -1
100
AcDbCircle
 10
0.000172
 20
0
 40
2.031917
  0
ENDBLK
  5
6B
330
69
100
AcDbEntity
  8
0
100
AcDbBlockEnd
  0
BLOCK
  5
6D
330
6C
100
AcDbEntity
  8
0
100
AcDbBlockBegin
  2
AI9-BLK11
 70
    0
 10
0
 20
0
  3
AI9-BLK11
  1

  0
INSERT
  5
57B
100
AcDbEntity
  8
LAYER_1
  6
ByLayer
 62
    7
370
   -1
100
AcDbBlockReference
  2
AI9-BLK12
 10
0
 20
0
 30
0
 41
1
 42
1
 43
0
 50
0
 70
    1
 71
    1
 44
0
 45
0
  0
ENDBLK
  5
6E
330
6C
100
AcDbEntity
  8
0
100
AcDbBlockEnd
  0
BLOCK
  5
70
330
6F
100
AcDbEntity
  8
0
100
AcDbBlockBegin
  2
AI9-BLK12
 70
    0
 10
0
 20
0
  3
AI9-BLK12
  1

  0
CIRCLE
  5
57C
100
AcDbEntity
  8
LAYER_1
  6
ByLayer
 62
    7
370
   -1
100
AcDbCircle
 10
0
 20
0
 40
0.374999
  0
ENDBLK
  5
71
330
6F
100
AcDbEntity
  8
0
100
AcDbBlockEnd
  0
BLOCK
  5
73
330
72
100
AcDbEntity
  8
0
100
AcDbBlockBegin
  2
AI9-BLK13
 70
    0
 10
0
 20
0
  3
AI9-BLK13
  1

  0
INSERT
  5
57D
100
AcDbEntity
  8
LAYER_1
  6
ByLayer
 62
    7
370
   -1
100
AcDbBlockReference
  2
AI9-BLK14
 10
0
 20
0
 30
0
 41
1
 42
1
 43
0
 50
0
 70
    1
 71
    1
 44
0
 45
0
  0
ENDBLK
  5
74
330
72
100
AcDbEntity
  8
0
100
AcDbBlockEnd
  0
BLOCK
  5
76
330
75
100
AcDbEntity
  8
0
100
AcDbBlockBegin
  2
AI9-BLK14
 70
    0
 10
0
 20
0
  3
AI9-BLK14
  1

  0
CIRCLE
  5
57E
100
AcDbEntity
  8
LAYER_1
  6
ByLayer
 62
    7
370
   -1
100
AcDbCircle
 10
0.000172
 20
0
 40
0.374999
  0
ENDBLK
  5
77
330
75
100
AcDbEntity
  8
0
100
AcDbBlockEnd
  0
BLOCK
  5
79
330
78
100
AcDbEntity
  8
0
100
AcDbBlockBegin
  2
AI9-BLK15
 70
    0
 10
0
 20
0
  3
AI9-BLK15
  1

  0
INSERT
  5
57F
100
AcDbEntity
  8
LAYER_1
  6
ByLayer
 62
    7
370
   -1
100
AcDbBlockReference
  2
AI9-BLK16
 10
0
 20
0
 30
0
 41
1
 42
1
 43
0
 50
0
 70
    1
 71
    1
 44
0
 45
0
  0
ENDBLK
  5
7A
330
78
100
AcDbEntity
  8
0
100
AcDbBlockEnd
  0
BLOCK
  5
7C
330
7B
100
AcDbEntity
  8
0
100
AcDbBlockBegin
  2
AI9-BLK16
 70
    0
 10
0
 20
0
  3
AI9-BLK16
  1

  0
CIRCLE
  5
580
100
AcDbEntity
  8
LAYER_1
  6
ByLayer
 62
    7
370
   -1
100
AcDbCircle
 10
0
 20
0
 40
0.850939
  0
ENDBLK
  5
7D
330
7B
100
AcDbEntity
  8
0
100
AcDbBlockEnd
  0
BLOCK
  5
7F
330
7E
100
AcDbEntity
  8
0
100
AcDbBlockBegin
  2
AI9-BLK17
 70
    0
 10
0
 20
0
  3
AI9-BLK17
  1

  0
INSERT
  5
581
100
AcDbEntity
  8
LAYER_1
  6
ByLayer
 62
    7
370
   -1
100
AcDbBlockReference
  2
AI9-BLK18
 10
0
 20
0
 30
0
 41
1
 42
1
 43
0
 50
0
 70
    1
 71
    1
 44
0
 45
0
  0
ENDBLK
  5
80
330
7E
100
AcDbEntity
  8
0
100
AcDbBlockEnd
  0
BLOCK
  5
82
330
81
100
AcDbEntity
  8
0
100
AcDbBlockBegin
  2
AI9-BLK18
 70
    0
 10
0
 20
0
  3
AI9-BLK18
  1

  0
CIRCLE
  5
582
100
AcDbEntity
  8
LAYER_1
  6
ByLayer
 62
    7
370
   -1
100
AcDbCircle
 10
0
 20
0
 40
0.850939
  0
ENDBLK
  5
83
330
81
100
AcDbEntity
  8
0
100
AcDbBlockEnd
  0
BLOCK
  5
85
330
84
100
AcDbEntity
  8
0
100
AcDbBlockBegin
  2
AI9-BLK19
 70
    0
 10
0
 20
0
  3
AI9-BLK19
  1

  0
INSERT
  5
583
100
AcDbEntity
  8
LAYER_1
  6
ByLayer
 62
    7
370
   -1
100
AcDbBlockReference
  2
AI9-BLK20
 10
0
 20
0
 30
0
 41
1
 42
1
 43
0
 50
0
 70
    1
 71
    1
 44
0
 45
0
  0
ENDBLK
  5
86
330
84
100
AcDbEntity
  8
0
100
AcDbBlockEnd
  0
BLOCK
  5
88
330
87
100
AcDbEntity
  8
0
100
AcDbBlockBegin
  2
AI9-BLK20
 70
    0
 10
0
 20
0
  3
AI9-BLK20
  1

  0
CIRCLE
  5
584
100
AcDbEntity
  8
LAYER_1
  6
ByLayer
 62
    7
370
   -1
100
AcDbCircle
 10
0
 20
0
 40
1.474845
  0
ENDBLK
  5
89
330
87
100
AcDbEntity
  8
0
100
AcDbBlockEnd
  0
BLOCK
  5
8B
330
8A
100
AcDbEntity
  8
0
100
AcDbBlockBegin
  2
AI9-BLK21
 70
    0
 10
0
 20
0
  3
AI9-BLK21
  1

  0
INSERT
  5
585
100
AcDbEntity
  8
LAYER_1
  6
ByLayer
 62
    7
370
   -1
100
AcDbBlockReference
  2
AI9-BLK22
 10
0
 20
0
 30
0
 41
1
 42
1
 43
0
 50
0
 70
    1
 71
    1
 44
0
 45
0
  0
ENDBLK
  5
8C
330
8A
100
AcDbEntity
  8
0
100
AcDbBlockEnd
  0
BLOCK
  5
8E
330
8D
100
AcDbEntity
  8
0
100
AcDbBlockBegin
  2
AI9-BLK22
 70
    0
 10
0
 20
0
  3
AI9-BLK22
  1

  0
CIRCLE
  5
586
100
AcDbEntity
  8
LAYER_1
  6
ByLayer
 62
    7
370
   -1
100
AcDbCircle
 10
-0.000172
 20
0
 40
1.474845
  0
ENDBLK
  5
8F
330
8D
100
AcDbEntity
  8
0
100
AcDbBlockEnd
  0
BLOCK
  5
91
330
90
100
AcDbEntity
  8
0
100
AcDbBlockBegin
  2
AI9-BLK23
 70
    0
 10
0
 20
0
  3
AI9-BLK23
  1

  0
INSERT
  5
587
100
AcDbEntity
  8
LAYER_1
  6
ByLayer
 62
    7
370
   -1
100
AcDbBlockReference
  2
AI9-BLK24
 10
0
 20
0
 30
0
 41
1
 42
1
 43
0
 50
0
 70
    1
 71
    1
 44
0
 45
0
  0
ENDBLK
  5
92
330
90
100
AcDbEntity
  8
0
100
AcDbBlockEnd
  0
BLOCK
  5
94
330
93
100
AcDbEntity
  8
0
100
AcDbBlockBegin
  2
AI9-BLK24
 70
    0
 10
0
 20
0
  3
AI9-BLK24
  1

  0
CIRCLE
  5
588
100
AcDbEntity
  8
LAYER_1
  6
ByLayer
 62
    7
370
   -1
100
AcDbCircle
 10
0.000345
 20
0
 40
1.999878
  0
ENDBLK
  5
95
330
93
100
AcDbEntity
  8
0
100
AcDbBlockEnd
  0
BLOCK
  5
97
330
96
100
AcDbEntity
  8
0
100
AcDbBlockBegin
  2
AI9-BLK25
 70
    0
 10
0
 20
0
  3
AI9-BLK25
  1

  0
INSERT
  5
589
100
AcDbEntity
  8
LAYER_1
  6
ByLayer
 62
    7
370
   -1
100
AcDbBlockReference
  2
AI9-BLK26
 10
0
 20
0
 30
0
 41
1
 42
1
 43
0
 50
0
 70
    1
 71
    1
 44
0
 45
0
  0
ENDBLK
  5
98
330
96
100
AcDbEntity
  8
0
100
AcDbBlockEnd
  0
BLOCK
  5
9A
330
99
100
AcDbEntity
  8
0
100
AcDbBlockBegin
  2
AI9-BLK26
 70
    0
 10
0
 20
0
  3
AI9-BLK26
  1

  0
CIRCLE
  5
58A
100
AcDbEntity
  8
LAYER_1
  6
ByLayer
 62
    7
370
   -1
100
AcDbCircle
 10
0
 20
0
 40
0.850939
  0
ENDBLK
  5
9B
330
99
100
AcDbEntity
  8
0
100
AcDbBlockEnd
  0
BLOCK
  5
9D
330
9C
100
AcDbEntity
  8
0
100
AcDbBlockBegin
  2
AI9-BLK27
 70
    0
 10
0
 20
0
  3
AI9-BLK27
  1

  0
INSERT
  5
58B
100
AcDbEntity
  8
LAYER_1
  6
ByLayer
 62
    7
370
   -1
100
AcDbBlockReference
  2
AI9-BLK28
 10
0
 20
0
 30
0
 41
1
 42
1
 43
0
 50
0
 70
    1
 71
    1
 44
0
 45
0
  0
ENDBLK
  5
9E
330
9C
100
AcDbEntity
  8
0
100
AcDbBlockEnd
  0
BLOCK
  5
A0
330
9F
100
AcDbEntity
  8
0
100
AcDbBlockBegin
  2
AI9-BLK28
 70
    0
 10
0
 20
0
  3
AI9-BLK28
  1

  0
CIRCLE
  5
58C
100
AcDbEntity
  8
LAYER_1
  6
ByLayer
 62
    7
370
   -1
100
AcDbCircle
 10
0
 20
0
 40
0.850939
  0
ENDBLK
  5
A1
330
9F
100
AcDbEntity
  8
0
100
AcDbBlockEnd
  0
BLOCK
  5
A3
330
A2
100
AcDbEntity
  8
0
100
AcDbBlockBegin
  2
AI9-BLK29
 70
    0
 10
0
 20
0
  3
AI9-BLK29
  1

  0
INSERT
  5
58D
100
AcDbEntity
  8
LAYER_1
  6
ByLayer
 62
    7
370
   -1
100
AcDbBlockReference
  2
AI9-BLK30
 10
0
 20
0
 30
0
 41
1
 42
1
 43
0
 50
0
 70
    1
 71
    1
 44
0
 45
0
  0
ENDBLK
  5
A4
330
A2
100
AcDbEntity
  8
0
100
AcDbBlockEnd
  0
BLOCK
  5
A6
330
A5
100
AcDbEntity
  8
0
100
AcDbBlockBegin
  2
AI9-BLK30
 70
    0
 10
0
 20
0
  3
AI9-BLK30
  1

  0
CIRCLE
  5
58E
100
AcDbEntity
  8
LAYER_1
  6
ByLayer
 62
    7
370
   -1
100
AcDbCircle
 10
0.000172
 20
0
 40
1.474845
  0
ENDBLK
  5
A7
330
A5
100
AcDbEntity
  8
0
100
AcDbBlockEnd
  0
BLOCK
  5
A9
330
A8
100
AcDbEntity
  8
0
100
AcDbBlockBegin
  2
AI9-BLK31
 70
    0
 10
0
 20
0
  3
AI9-BLK31
  1

  0
INSERT
  5
58F
100
AcDbEntity
  8
LAYER_1
  6
ByLayer
 62
    7
370
   -1
100
AcDbBlockReference
  2
AI9-BLK32
 10
0
 20
0
 30
0
 41
1
 42
1
 43
0
 50
0
 70
    1
 71
    1
 44
0
 45
0
  0
ENDBLK
  5
AA
330
A8
100
AcDbEntity
  8
0
100
AcDbBlockEnd
  0
BLOCK
  5
AC
330
AB
100
AcDbEntity
  8
0
100
AcDbBlockBegin
  2
AI9-BLK32
 70
    0
 10
0
 20
0
  3
AI9-BLK32
  1

  0
CIRCLE
  5
590
100
AcDbEntity
  8
LAYER_1
  6
ByLayer
 62
    7
370
   -1
100
AcDbCircle
 10
-0.000172
 20
0
 40
1.474845
  0
ENDBLK
  5
AD
330
AB
100
AcDbEntity
  8
0
100
AcDbBlockEnd
  0
BLOCK
  5
AF
330
AE
100
AcDbEntity
  8
0
100
AcDbBlockBegin
  2
AI9-BLK33
 70
    0
 10
0
 20
0
  3
AI9-BLK33
  1

  0
INSERT
  5
591
100
AcDbEntity
  8
LAYER_1
  6
ByLayer
 62
    7
370
   -1
100
AcDbBlockReference
  2
AI9-BLK34
 10
0
 20
0
 30
0
 41
1
 42
1
 43
0
 50
0
 70
    1
 71
    1
 44
0
 45
0
  0
ENDBLK
  5
B0
330
AE
100
AcDbEntity
  8
0
100
AcDbBlockEnd
  0
BLOCK
  5
B2
330
B1
100
AcDbEntity
  8
0
100
AcDbBlockBegin
  2
AI9-BLK34
 70
    0
 10
0
 20
0
  3
AI9-BLK34
  1

  0
CIRCLE
  5
592
100
AcDbEntity
  8
LAYER_1
  6
ByLayer
 62
    7
370
   -1
100
AcDbCircle
 10
0.000345
 20
0
 40
1.999878
  0
ENDBLK
  5
B3
330
B1
100
AcDbEntity
  8
0
100
AcDbBlockEnd
  0
BLOCK
  5
B5
330
B4
100
AcDbEntity
  8
0
100
AcDbBlockBegin
  2
AI9-BLK35
 70
    0
 10
0
 20
0
  3
AI9-BLK35
  1

  0
INSERT
  5
593
100
AcDbEntity
  8
LAYER_1
  6
ByLayer
 62
    7
370
   -1
100
AcDbBlockReference
  2
AI9-BLK36
 10
0
 20
0
 30
0
 41
1
 42
1
 43
0
 50
0
 70
    1
 71
    1
 44
0
 45
0
  0
ENDBLK
  5
B6
330
B4
100
AcDbEntity
  8
0
100
AcDbBlockEnd
  0
BLOCK
  5
B8
330
B7
100
AcDbEntity
  8
0
100
AcDbBlockBegin
  2
AI9-BLK36
 70
    0
 10
0
 20
0
  3
AI9-BLK36
  1

  0
CIRCLE
  5
594
100
AcDbEntity
  8
LAYER_1
  6
ByLayer
 62
    7
370
   -1
100
AcDbCircle
 10
0
 20
0
 40
0.850939
  0
ENDBLK
  5
B9
330
B7
100
AcDbEntity
  8
0
100
AcDbBlockEnd
  0
BLOCK
  5
BB
330
BA
100
AcDbEntity
  8
0
100
AcDbBlockBegin
  2
AI9-BLK37
 70
    0
 10
0
 20
0
  3
AI9-BLK37
  1

  0
INSERT
  5
595
100
AcDbEntity
  8
LAYER_1
  6
ByLayer
 62
    7
370
   -1
100
AcDbBlockReference
  2
AI9-BLK38
 10
0
 20
0
 30
0
 41
1
 42
1
 43
0
 50
0
 70
    1
 71
    1
 44
0
 45
0
  0
ENDBLK
  5
BC
330
BA
100
AcDbEntity
  8
0
100
AcDbBlockEnd
  0
BLOCK
  5
BE
330
BD
100
AcDbEntity
  8
0
100
AcDbBlockBegin
  2
AI9-BLK38
 70
    0
 10
0
 20
0
  3
AI9-BLK38
  1

  0
CIRCLE
  5
596
100
AcDbEntity
  8
LAYER_1
  6
ByLayer
 62
    7
370
   -1
100
AcDbCircle
 10
0
 20
0
 40
0.850939
  0
ENDBLK
  5
BF
330
BD
100
AcDbEntity
  8
0
100
AcDbBlockEnd
  0
BLOCK
  5
C1
330
C0
100
AcDbEntity
  8
0
100
AcDbBlockBegin
  2
AI9-BLK39
 70
    0
 10
0
 20
0
  3
AI9-BLK39
  1

  0
INSERT
  5
597
100
AcDbEntity
  8
LAYER_1
  6
ByLayer
 62
    7
370
   -1
100
AcDbBlockReference
  2
AI9-BLK40
 10
0
 20
0
 30
0
 41
1
 42
1
 43
0
 50
0
 70
    1
 71
    1
 44
0
 45
0
  0
ENDBLK
  5
C2
330
C0
100
AcDbEntity
  8
0
100
AcDbBlockEnd
  0
BLOCK
  5
C4
330
C3
100
AcDbEntity
  8
0
100
AcDbBlockBegin
  2
AI9-BLK40
 70
    0
 10
0
 20
0
  3
AI9-BLK40
  1

  0
CIRCLE
  5
598
100
AcDbEntity
  8
LAYER_1
  6
ByLayer
 62
    7
370
   -1
100
AcDbCircle
 10
0
 20
0
 40
1.474845
  0
ENDBLK
  5
C5
330
C3
100
AcDbEntity
  8
0
100
AcDbBlockEnd
  0
BLOCK
  5
C7
330
C6
100
AcDbEntity
  8
0
100
AcDbBlockBegin
  2
AI9-BLK41
 70
    0
 10
0
 20
0
  3
AI9-BLK41
  1

  0
INSERT
  5
599
100
AcDbEntity
  8
LAYER_1
  6
ByLayer
 62
    7
370
   -1
100
AcDbBlockReference
  2
AI9-BLK42
 10
0
 20
0
 30
0
 41
1
 42
1
 43
0
 50
0
 70
    1
 71
    1
 44
0
 45
0
  0
ENDBLK
  5
C8
330
C6
100
AcDbEntity
  8
0
100
AcDbBlockEnd
  0
BLOCK
  5
CA
330
C9
100
AcDbEntity
  8
0
100
AcDbBlockBegin
  2
AI9-BLK42
 70
    0
 10
0
 20
0
  3
AI9-BLK42
  1

  0
CIRCLE
  5
59A
100
AcDbEntity
  8
LAYER_1
  6
ByLayer
 62
    7
370
   -1
100
AcDbCircle
 10
-0.000345
 20
0
 40
1.474845
  0
ENDBLK
  5
CB
330
C9
100
AcDbEntity
  8
0
100
AcDbBlockEnd
  0
BLOCK
  5
CD
330
CC
100
AcDbEntity
  8
0
100
AcDbBlockBegin
  2
AI9-BLK43
 70
    0
 10
0
 20
0
  3
AI9-BLK43
  1

  0
INSERT
  5
59B
100
AcDbEntity
  8
LAYER_1
  6
ByLayer
 62
    7
370
   -1
100
AcDbBlockReference
  2
AI9-BLK44
 10
0
 20
0
 30
0
 41
1
 42
1
 43
0
 50
0
 70
    1
 71
    1
 44
0
 45
0
  0
ENDBLK
  5
CE
330
CC
100
AcDbEntity
  8
0
100
AcDbBlockEnd
  0
BLOCK
  5
D0
330
CF
100
AcDbEntity
  8
0
100
AcDbBlockBegin
  2
AI9-BLK44
 70
    0
 10
0
 20
0
  3
AI9-BLK44
  1

  0
CIRCLE
  5
59C
100
AcDbEntity
  8
LAYER_1
  6
ByLayer
 62
    7
370
   -1
100
AcDbCircle
 10
0.000172
 20
0
 40
1.999878
  0
ENDBLK
  5
D1
330
CF
100
AcDbEntity
  8
0
100
AcDbBlockEnd
  0
BLOCK
  5
D3
330
D2
100
AcDbEntity
  8
0
100
AcDbBlockBegin
  2
AI9-BLK45
 70
    0
 10
0
 20
0
  3
AI9-BLK45
  1

  0
INSERT
  5
59D
100
AcDbEntity
  8
LAYER_1
  6
ByLayer
 62
    7
370
   -1
100
AcDbBlockReference
  2
AI9-BLK46
 10
0
 20
0
 30
0
 41
1
 42
1
 43
0
 50
0
 70
    1
 71
    1
 44
0
 45
0
  0
ENDBLK
  5
D4
330
D2
100
AcDbEntity
  8
0
100
AcDbBlockEnd
  0
BLOCK
  5
D6
330
D5
100
AcDbEntity
  8
0
100
AcDbBlockBegin
  2
AI9-BLK46
 70
    0
 10
0
 20
0
  3
AI9-BLK46
  1

  0
CIRCLE
  5
59E
100
AcDbEntity
  8
LAYER_1
  6
ByLayer
 62
    7
370
   -1
100
AcDbCircle
 10
0
 20
0
 40
0.850939
  0
ENDBLK
  5
D7
330
D5
100
AcDbEntity
  8
0
100
AcDbBlockEnd
  0
BLOCK
  5
D9
330
D8
100
AcDbEntity
  8
0
100
AcDbBlockBegin
  2
AI9-BLK47
 70
    0
 10
0
 20
0
  3
AI9-BLK47
  1

  0
INSERT
  5
59F
100
AcDbEntity
  8
LAYER_1
  6
ByLayer
 62
    7
370
   -1
100
AcDbBlockReference
  2
AI9-BLK48
 10
0
 20
0
 30
0
 41
1
 42
1
 43
0
 50
0
 70
    1
 71
    1
 44
0
 45
0
  0
ENDBLK
  5
DA
330
D8
100
AcDbEntity
  8
0
100
AcDbBlockEnd
  0
BLOCK
  5
DC
330
DB
100
AcDbEntity
  8
0
100
AcDbBlockBegin
  2
AI9-BLK48
 70
    0
 10
0
 20
0
  3
AI9-BLK48
  1

  0
CIRCLE
  5
5A0
100
AcDbEntity
  8
LAYER_1
  6
ByLayer
 62
    7
370
   -1
100
AcDbCircle
 10
0
 20
0
 40
0.850939
  0
ENDBLK
  5
DD
330
DB
100
AcDbEntity
  8
0
100
AcDbBlockEnd
  0
BLOCK
  5
DF
330
DE
100
AcDbEntity
  8
0
100
AcDbBlockBegin
  2
AI9-BLK49
 70
    0
 10
0
 20
0
  3
AI9-BLK49
  1

  0
INSERT
  5
5A1
100
AcDbEntity
  8
LAYER_1
  6
ByLayer
 62
    7
370
   -1
100
AcDbBlockReference
  2
AI9-BLK50
 10
0
 20
0
 30
0
 41
1
 42
1
 43
0
 50
0
 70
    1
 71
    1
 44
0
 45
0
  0
ENDBLK
  5
E0
330
DE
100
AcDbEntity
  8
0
100
AcDbBlockEnd
  0
BLOCK
  5
E2
330
E1
100
AcDbEntity
  8
0
100
AcDbBlockBegin
  2
AI9-BLK50
 70
    0
 10
0
 20
0
  3
AI9-BLK50
  1

  0
CIRCLE
  5
5A2
100
AcDbEntity
  8
LAYER_1
  6
ByLayer
 62
    7
370
   -1
100
AcDbCircle
 10
-0.000172
 20
0
 40
1.474845
  0
ENDBLK
  5
E3
330
E1
100
AcDbEntity
  8
0
100
AcDbBlockEnd
  0
BLOCK
  5
E5
330
E4
100
AcDbEntity
  8
0
100
AcDbBlockBegin
  2
AI9-BLK51
 70
    0
 10
0
 20
0
  3
AI9-BLK51
  1

  0
INSERT
  5
5A3
100
AcDbEntity
  8
LAYER_1
  6
ByLayer
 62
    7
370
   -1
100
AcDbBlockReference
  2
AI9-BLK52
 10
0
 20
0
 30
0
 41
1
 42
1
 43
0
 50
0
 70
    1
 71
    1
 44
0
 45
0
  0
ENDBLK
  5
E6
330
E4
100
AcDbEntity
  8
0
100
AcDbBlockEnd
  0
BLOCK
  5
E8
330
E7
100
AcDbEntity
  8
0
100
AcDbBlockBegin
  2
AI9-BLK52
 70
    0
 10
0
 20
0
  3
AI9-BLK52
  1

  0
CIRCLE
  5
5A4
100
AcDbEntity
  8
LAYER_1
  6
ByLayer
 62
    7
370
   -1
100
AcDbCircle
 10
0
 20
0
 40
1.474845
  0
ENDBLK
  5
E9
330
E7
100
AcDbEntity
  8
0
100
AcDbBlockEnd
  0
BLOCK
  5
EB
330
EA
100
AcDbEntity
  8
0
100
AcDbBlockBegin
  2
AI9-BLK53
 70
    0
 10
0
 20
0
  3
AI9-BLK53
  1

  0
INSERT
  5
5A5
100
AcDbEntity
  8
LAYER_1
  6
ByLayer
 62
    7
370
   -1
100
AcDbBlockReference
  2
AI9-BLK54
 10
0
 20
0
 30
0
 41
1
 42
1
 43
0
 50
0
 70
    1
 71
    1
 44
0
 45
0
  0
ENDBLK
  5
EC
330
EA
100
AcDbEntity
  8
0
100
AcDbBlockEnd
  0
BLOCK
  5
EE
330
ED
100
AcDbEntity
  8
0
100
AcDbBlockBegin
  2
AI9-BLK54
 70
    0
 10
0
 20
0
  3
AI9-BLK54
  1

  0
CIRCLE
  5
5A6
100
AcDbEntity
  8
LAYER_1
  6
ByLayer
 62
    7
370
   -1
100
AcDbCircle
 10
0.000172
 20
0
 40
1.999878
  0
ENDBLK
  5
EF
330
ED
100
AcDbEntity
  8
0
100
AcDbBlockEnd
  0
BLOCK
  5
F1
330
F0
100
AcDbEntity
  8
0
100
AcDbBlockBegin
  2
AI9-BLK55
 70
    0
 10
0
 20
0
  3
AI9-BLK55
  1

  0
INSERT
  5
5A7
100
AcDbEntity
  8
LAYER_1
  6
ByLayer
 62
    7
370
   -1
100
AcDbBlockReference
  2
AI9-BLK56
 10
0
 20
0
 30
0
 41
1
 42
1
 43
0
 50
0
 70
    1
 71
    1
 44
0
 45
0
  0
ENDBLK
  5
F2
330
F0
100
AcDbEntity
  8
0
100
AcDbBlockEnd
  0
BLOCK
  5
F4
330
F3
100
AcDbEntity
  8
0
100
AcDbBlockBegin
  2
AI9-BLK56
 70
    0
 10
0
 20
0
  3
AI9-BLK56
  1

  0
CIRCLE
  5
5A8
100
AcDbEntity
  8
LAYER_1
  6
ByLayer
 62
    7
370
   -1
100
AcDbCircle
 10
0
 20
0
 40
0.850939
  0
ENDBLK
  5
F5
330
F3
100
AcDbEntity
  8
0
100
AcDbBlockEnd
  0
BLOCK
  5
F7
330
F6
100
AcDbEntity
  8
0
100
AcDbBlockBegin
  2
AI9-BLK57
 70
    0
 10
0
 20
0
  3
AI9-BLK57
  1

  0
INSERT
  5
5A9
100
AcDbEntity
  8
LAYER_1
  6
ByLayer
 62
    7
370
   -1
100
AcDbBlockReference
  2
AI9-BLK58
 10
0
 20
0
 30
0
 41
1
 42
1
 43
0
 50
0
 70
    1
 71
    1
 44
0
 45
0
  0
ENDBLK
  5
F8
330
F6
100
AcDbEntity
  8
0
100
AcDbBlockEnd
  0
BLOCK
  5
FA
330
F9
100
AcDbEntity
  8
0
100
AcDbBlockBegin
  2
AI9-BLK58
 70
    0
 10
0
 20
0
  3
AI9-BLK58
  1

  0
CIRCLE
  5
5AA
100
AcDbEntity
  8
LAYER_1
  6
ByLayer
 62
    7
370
   -1
100
AcDbCircle
 10
0
 20
0
 40
0.850939
  0
ENDBLK
  5
FB
330
F9
100
AcDbEntity
  8
0
100
AcDbBlockEnd
  0
BLOCK
  5
FD
330
FC
100
AcDbEntity
  8
0
100
AcDbBlockBegin
  2
AI9-BLK59
 70
    0
 10
0
 20
0
  3
AI9-BLK59
  1

  0
INSERT
  5
5AB
100
AcDbEntity
  8
LAYER_1
  6
ByLayer
 62
    7
370
   -1
100
AcDbBlockReference
  2
AI9-BLK60
 10
0
 20
0
 30
0
 41
1
 42
1
 43
0
 50
0
 70
    1
 71
    1
 44
0
 45
0
  0
ENDBLK
  5
FE
330
FC
100
AcDbEntity
  8
0
100
AcDbBlockEnd
  0
BLOCK
  5
100
330
FF
100
AcDbEntity
  8
0
100
AcDbBlockBegin
  2
AI9-BLK60
 70
    0
 10
0
 20
0
  3
AI9-BLK60
  1

  0
CIRCLE
  5
5AC
100
AcDbEntity
  8
LAYER_1
  6
ByLayer
 62
    7
370
   -1
100
AcDbCircle
 10
-0.000172
 20
0
 40
1.474845
  0
ENDBLK
  5
101
330
FF
100
AcDbEntity
  8
0
100
AcDbBlockEnd
  0
BLOCK
  5
103
330
102
100
AcDbEntity
  8
0
100
AcDbBlockBegin
  2
AI9-BLK61
 70
    0
 10
0
 20
0
  3
AI9-BLK61
  1

  0
INSERT
  5
5AD
100
AcDbEntity
  8
LAYER_1
  6
ByLayer
 62
    7
370
   -1
100
AcDbBlockReference
  2
AI9-BLK62
 10
0
 20
0
 30
0
 41
1
 42
1
 43
0
 50
0
 70
    1
 71
    1
 44
0
 45
0
  0
ENDBLK
  5
104
330
102
100
AcDbEntity
  8
0
100
AcDbBlockEnd
  0
BLOCK
  5
106
330
105
100
AcDbEntity
  8
0
100
AcDbBlockBegin
  2
AI9-BLK62
 70
    0
 10
0
 20
0
  3
AI9-BLK62
  1

  0
CIRCLE
  5
5AE
100
AcDbEntity
  8
LAYER_1
  6
ByLayer
 62
    7
370
   -1
100
AcDbCircle
 10
0.000345
 20
0
 40
1.474845
  0
ENDBLK
  5
107
330
105
100
AcDbEntity
  8
0
100
AcDbBlockEnd
  0
BLOCK
  5
109
330
108
100
AcDbEntity
  8
0
100
AcDbBlockBegin
  2
AI9-BLK63
 70
    0
 10
0
 20
0
  3
AI9-BLK63
  1

  0
INSERT
  5
5AF
100
AcDbEntity
  8
LAYER_1
  6
ByLayer
 62
    7
370
   -1
100
AcDbBlockReference
  2
AI9-BLK64
 10
0
 20
0
 30
0
 41
1
 42
1
 43
0
 50
0
 70
    1
 71
    1
 44
0
 45
0
  0
ENDBLK
  5
10A
330
108
100
AcDbEntity
  8
0
100
AcDbBlockEnd
  0
BLOCK
  5
10C
330
10B
100
AcDbEntity
  8
0
100
AcDbBlockBegin
  2
AI9-BLK64
 70
    0
 10
0
 20
0
  3
AI9-BLK64
  1

  0
CIRCLE
  5
5B0
100
AcDbEntity
  8
LAYER_1
  6
ByLayer
 62
    7
370
   -1
100
AcDbCircle
 10
-0.000172
 20
0
 40
1.999878
  0
ENDBLK
  5
10D
330
10B
100
AcDbEntity
  8
0
100
AcDbBlockEnd
  0
BLOCK
  5
10F
330
10E
100
AcDbEntity
  8
0
100
AcDbBlockBegin
  2
AI9-BLK65
 70
    0
 10
0
 20
0
  3
AI9-BLK65
  1

  0
INSERT
  5
5B1
100
AcDbEntity
  8
LAYER_1
  6
ByLayer
 62
    7
370
   -1
100
AcDbBlockReference
  2
AI9-BLK66
 10
0
 20
0
 30
0
 41
1
 42
1
 43
0
 50
0
 70
    1
 71
    1
 44
0
 45
0
  0
ENDBLK
  5
110
330
10E
100
AcDbEntity
  8
0
100
AcDbBlockEnd
  0
BLOCK
  5
112
330
111
100
AcDbEntity
  8
0
100
AcDbBlockBegin
  2
AI9-BLK66
 70
    0
 10
0
 20
0
  3
AI9-BLK66
  1

  0
CIRCLE
  5
5B2
100
AcDbEntity
  8
LAYER_1
  6
ByLayer
 62
    7
370
   -1
100
AcDbCircle
 10
0
 20
0
 40
0.850939
  0
ENDBLK
  5
113
330
111
100
AcDbEntity
  8
0
100
AcDbBlockEnd
  0
BLOCK
  5
115
330
114
100
AcDbEntity
  8
0
100
AcDbBlockBegin
  2
AI9-BLK67
 70
    0
 10
0
 20
0
  3
AI9-BLK67
  1

  0
INSERT
  5
5B3
100
AcDbEntity
  8
LAYER_1
  6
ByLayer
 62
    7
370
   -1
100
AcDbBlockReference
  2
AI9-BLK68
 10
0
 20
0
 30
0
 41
1
 42
1
 43
0
 50
0
 70
    1
 71
    1
 44
0
 45
0
  0
ENDBLK
  5
116
330
114
100
AcDbEntity
  8
0
100
AcDbBlockEnd
  0
BLOCK
  5
118
330
117
100
AcDbEntity
  8
0
100
AcDbBlockBegin
  2
AI9-BLK68
 70
    0
 10
0
 20
0
  3
AI9-BLK68
  1

  0
CIRCLE
  5
5B4
100
AcDbEntity
  8
LAYER_1
  6
ByLayer
 62
    7
370
   -1
100
AcDbCircle
 10
0
 20
0
 40
0.850939
  0
ENDBLK
  5
119
330
117
100
AcDbEntity
  8
0
100
AcDbBlockEnd
  0
BLOCK
  5
11B
330
11A
100
AcDbEntity
  8
0
100
AcDbBlockBegin
  2
AI9-BLK69
 70
    0
 10
0
 20
0
  3
AI9-BLK69
  1

  0
INSERT
  5
5B5
100
AcDbEntity
  8
LAYER_1
  6
ByLayer
 62
    7
370
   -1
100
AcDbBlockReference
  2
AI9-BLK70
 10
0
 20
0
 30
0
 41
1
 42
1
 43
0
 50
0
 70
    1
 71
    1
 44
0
 45
0
  0
ENDBLK
  5
11C
330
11A
100
AcDbEntity
  8
0
100
AcDbBlockEnd
  0
BLOCK
  5
11E
330
11D
100
AcDbEntity
  8
0
100
AcDbBlockBegin
  2
AI9-BLK70
 70
    0
 10
0
 20
0
  3
AI9-BLK70
  1

  0
CIRCLE
  5
5B6
100
AcDbEntity
  8
LAYER_1
  6
ByLayer
 62
    7
370
   -1
100
AcDbCircle
 10
0
 20
0
 40
1.474845
  0
ENDBLK
  5
11F
330
11D
100
AcDbEntity
  8
0
100
AcDbBlockEnd
  0
BLOCK
  5
121
330
120
100
AcDbEntity
  8
0
100
AcDbBlockBegin
  2
AI9-BLK71
 70
    0
 10
0
 20
0
  3
AI9-BLK71
  1

  0
INSERT
  5
5B7
100
AcDbEntity
  8
LAYER_1
  6
ByLayer
 62
    7
370
   -1
100
AcDbBlockReference
  2
AI9-BLK72
 10
0
 20
0
 30
0
 41
1
 42
1
 43
0
 50
0
 70
    1
 71
    1
 44
0
 45
0
  0
ENDBLK
  5
122
330
120
100
AcDbEntity
  8
0
100
AcDbBlockEnd
  0
BLOCK
  5
124
330
123
100
AcDbEntity
  8
0
100
AcDbBlockBegin
  2
AI9-BLK72
 70
    0
 10
0
 20
0
  3
AI9-BLK72
  1

  0
CIRCLE
  5
5B8
100
AcDbEntity
  8
LAYER_1
  6
ByLayer
 62
    7
370
   -1
100
AcDbCircle
 10
0.000172
 20
0
 40
1.474845
  0
ENDBLK
  5
125
330
123
100
AcDbEntity
  8
0
100
AcDbBlockEnd
  0
BLOCK
  5
127
330
126
100
AcDbEntity
  8
0
100
AcDbBlockBegin
  2
AI9-BLK73
 70
    0
 10
0
 20
0
  3
AI9-BLK73
  1

  0
INSERT
  5
5B9
100
AcDbEntity
  8
LAYER_1
  6
ByLayer
 62
    7
370
   -1
100
AcDbBlockReference
  2
AI9-BLK74
 10
0
 20
0
 30
0
 41
1
 42
1
 43
0
 50
0
 70
    1
 71
    1
 44
0
 45
0
  0
ENDBLK
  5
128
330
126
100
AcDbEntity
  8
0
100
AcDbBlockEnd
  0
BLOCK
  5
12A
330
129
100
AcDbEntity
  8
0
100
AcDbBlockBegin
  2
AI9-BLK74
 70
    0
 10
0
 20
0
  3
AI9-BLK74
  1

  0
CIRCLE
  5
5BA
100
AcDbEntity
  8
LAYER_1
  6
ByLayer
 62
    7
370
   -1
100
AcDbCircle
 10
-0.000172
 20
0
 40
1.999878
  0
ENDBLK
  5
12B
330
129
100
AcDbEntity
  8
0
100
AcDbBlockEnd
  0
BLOCK
  5
12D
330
12C
100
AcDbEntity
  8
0
100
AcDbBlockBegin
  2
AI9-BLK75
 70
    0
 10
0
 20
0
  3
AI9-BLK75
  1

  0
INSERT
  5
5BB
100
AcDbEntity
  8
LAYER_1
  6
ByLayer
 62
    7
370
   -1
100
AcDbBlockReference
  2
AI9-BLK76
 10
0
 20
0
 30
0
 41
1
 42
1
 43
0
 50
0
 70
    1
 71
    1
 44
0
 45
0
  0
ENDBLK
  5
12E
330
12C
100
AcDbEntity
  8
0
100
AcDbBlockEnd
  0
BLOCK
  5
130
330
12F
100
AcDbEntity
  8
0
100
AcDbBlockBegin
  2
AI9-BLK76
 70
    0
 10
0
 20
0
  3
AI9-BLK76
  1

  0
CIRCLE
  5
5BC
100
AcDbEntity
  8
LAYER_1
  6
ByLayer
 62
    7
370
   -1
100
AcDbCircle
 10
0
 20
0
 40
0.850939
  0
ENDBLK
  5
131
330
12F
100
AcDbEntity
  8
0
100
AcDbBlockEnd
  0
BLOCK
  5
133
330
132
100
AcDbEntity
  8
0
100
AcDbBlockBegin
  2
AI9-BLK77
 70
    0
 10
0
 20
0
  3
AI9-BLK77
  1

  0
INSERT
  5
5BD
100
AcDbEntity
  8
LAYER_1
  6
ByLayer
 62
    7
370
   -1
100
AcDbBlockReference
  2
AI9-BLK78
 10
0
 20
0
 30
0
 41
1
 42
1
 43
0
 50
0
 70
    1
 71
    1
 44
0
 45
0
  0
ENDBLK
  5
134
330
132
100
AcDbEntity
  8
0
100
AcDbBlockEnd
  0
BLOCK
  5
136
330
135
100
AcDbEntity
  8
0
100
AcDbBlockBegin
  2
AI9-BLK78
 70
    0
 10
0
 20
0
  3
AI9-BLK78
  1

  0
CIRCLE
  5
5BE
100
AcDbEntity
  8
LAYER_1
  6
ByLayer
 62
    7
370
   -1
100
AcDbCircle
 10
0
 20
0
 40
0.850939
  0
ENDBLK
  5
137
330
135
100
AcDbEntity
  8
0
100
AcDbBlockEnd
  0
BLOCK
  5
139
330
138
100
AcDbEntity
  8
0
100
AcDbBlockBegin
  2
AI9-BLK79
 70
    0
 10
0
 20
0
  3
AI9-BLK79
  1

  0
INSERT
  5
5BF
100
AcDbEntity
  8
LAYER_1
  6
ByLayer
 62
    7
370
   -1
100
AcDbBlockReference
  2
AI9-BLK80
 10
0
 20
0
 30
0
 41
1
 42
1
 43
0
 50
0
 70
    1
 71
    1
 44
0
 45
0
  0
ENDBLK
  5
13A
330
138
100
AcDbEntity
  8
0
100
AcDbBlockEnd
  0
BLOCK
  5
13C
330
13B
100
AcDbEntity
  8
0
100
AcDbBlockBegin
  2
AI9-BLK80
 70
    0
 10
0
 20
0
  3
AI9-BLK80
  1

  0
CIRCLE
  5
5C0
100
AcDbEntity
  8
LAYER_1
  6
ByLayer
 62
    7
370
   -1
100
AcDbCircle
 10
0
 20
0
 40
1.474845
  0
ENDBLK
  5
13D
330
13B
100
AcDbEntity
  8
0
100
AcDbBlockEnd
  0
BLOCK
  5
13F
330
13E
100
AcDbEntity
  8
0
100
AcDbBlockBegin
  2
AI9-BLK81
 70
    0
 10
0
 20
0
  3
AI9-BLK81
  1

  0
INSERT
  5
5C1
100
AcDbEntity
  8
LAYER_1
  6
ByLayer
 62
    7
370
   -1
100
AcDbBlockReference
  2
AI9-BLK82
 10
0
 20
0
 30
0
 41
1
 42
1
 43
0
 50
0
 70
    1
 71
    1
 44
0
 45
0
  0
ENDBLK
  5
140
330
13E
100
AcDbEntity
  8
0
100
AcDbBlockEnd
  0
BLOCK
  5
142
330
141
100
AcDbEntity
  8
0
100
AcDbBlockBegin
  2
AI9-BLK82
 70
    0
 10
0
 20
0
  3
AI9-BLK82
  1

  0
CIRCLE
  5
5C2
100
AcDbEntity
  8
LAYER_1
  6
ByLayer
 62
    7
370
   -1
100
AcDbCircle
 10
0
 20
0
 40
1.474845
  0
ENDBLK
  5
143
330
141
100
AcDbEntity
  8
0
100
AcDbBlockEnd
  0
BLOCK
  5
145
330
144
100
AcDbEntity
  8
0
100
AcDbBlockBegin
  2
AI9-BLK83
 70
    0
 10
0
 20
0
  3
AI9-BLK83
  1

  0
INSERT
  5
5C3
100
AcDbEntity
  8
LAYER_1
  6
ByLayer
 62
    7
370
   -1
100
AcDbBlockReference
  2
AI9-BLK84
 10
0
 20
0
 30
0
 41
1
 42
1
 43
0
 50
0
 70
    1
 71
    1
 44
0
 45
0
  0
ENDBLK
  5
146
330
144
100
AcDbEntity
  8
0
100
AcDbBlockEnd
  0
BLOCK
  5
148
330
147
100
AcDbEntity
  8
0
100
AcDbBlockBegin
  2
AI9-BLK84
 70
    0
 10
0
 20
0
  3
AI9-BLK84
  1

  0
CIRCLE
  5
5C4
100
AcDbEntity
  8
LAYER_1
  6
ByLayer
 62
    7
370
   -1
100
AcDbCircle
 10
-0.000345
 20
0
 40
1.999878
  0
ENDBLK
  5
149
330
147
100
AcDbEntity
  8
0
100
AcDbBlockEnd
  0
BLOCK
  5
14B
330
14A
100
AcDbEntity
  8
0
100
AcDbBlockBegin
  2
AI9-BLK85
 70
    0
 10
0
 20
0
  3
AI9-BLK85
  1

  0
INSERT
  5
5C5
100
AcDbEntity
  8
LAYER_1
  6
ByLayer
 62
    7
370
   -1
100
AcDbBlockReference
  2
AI9-BLK86
 10
0
 20
0
 30
0
 41
1
 42
1
 43
0
 50
0
 70
    1
 71
    1
 44
0
 45
0
  0
ENDBLK
  5
14C
330
14A
100
AcDbEntity
  8
0
100
AcDbBlockEnd
  0
BLOCK
  5
14E
330
14D
100
AcDbEntity
  8
0
100
AcDbBlockBegin
  2
AI9-BLK86
 70
    0
 10
0
 20
0
  3
AI9-BLK86
  1

  0
CIRCLE
  5
5C6
100
AcDbEntity
  8
LAYER_1
  6
ByLayer
 62
    7
370
   -1
100
AcDbCircle
 10
0
 20
0
 40
0.850939
  0
ENDBLK
  5
14F
330
14D
100
AcDbEntity
  8
0
100
AcDbBlockEnd
  0
BLOCK
  5
151
330
150
100
AcDbEntity
  8
0
100
AcDbBlockBegin
  2
AI9-BLK87
 70
    0
 10
0
 20
0
  3
AI9-BLK87
  1

  0
INSERT
  5
5C7
100
AcDbEntity
  8
LAYER_1
  6
ByLayer
 62
    7
370
   -1
100
AcDbBlockReference
  2
AI9-BLK88
 10
0
 20
0
 30
0
 41
1
 42
1
 43
0
 50
0
 70
    1
 71
    1
 44
0
 45
0
  0
ENDBLK
  5
152
330
150
100
AcDbEntity
  8
0
100
AcDbBlockEnd
  0
BLOCK
  5
154
330
153
100
AcDbEntity
  8
0
100
AcDbBlockBegin
  2
AI9-BLK88
 70
    0
 10
0
 20
0
  3
AI9-BLK88
  1

  0
CIRCLE
  5
5C8
100
AcDbEntity
  8
LAYER_1
  6
ByLayer
 62
    7
370
   -1
100
AcDbCircle
 10
0
 20
0
 40
0.850939
  0
ENDBLK
  5
155
330
153
100
AcDbEntity
  8
0
100
AcDbBlockEnd
  0
BLOCK
  5
157
330
156
100
AcDbEntity
  8
0
100
AcDbBlockBegin
  2
AI9-BLK89
 70
    0
 10
0
 20
0
  3
AI9-BLK89
  1

  0
INSERT
  5
5C9
100
AcDbEntity
  8
LAYER_1
  6
ByLayer
 62
    7
370
   -1
100
AcDbBlockReference
  2
AI9-BLK90
 10
0
 20
0
 30
0
 41
1
 42
1
 43
0
 50
0
 70
    1
 71
    1
 44
0
 45
0
  0
ENDBLK
  5
158
330
156
100
AcDbEntity
  8
0
100
AcDbBlockEnd
  0
BLOCK
  5
15A
330
159
100
AcDbEntity
  8
0
100
AcDbBlockBegin
  2
AI9-BLK90
 70
    0
 10
0
 20
0
  3
AI9-BLK90
  1

  0
CIRCLE
  5
5CA
100
AcDbEntity
  8
LAYER_1
  6
ByLayer
 62
    7
370
   -1
100
AcDbCircle
 10
0.000172
 20
0
 40
1.474845
  0
ENDBLK
  5
15B
330
159
100
AcDbEntity
  8
0
100
AcDbBlockEnd
  0
BLOCK
  5
15D
330
15C
100
AcDbEntity
  8
0
100
AcDbBlockBegin
  2
AI9-BLK91
 70
    0
 10
0
 20
0
  3
AI9-BLK91
  1

  0
INSERT
  5
5CB
100
AcDbEntity
  8
LAYER_1
  6
ByLayer
 62
    7
370
   -1
100
AcDbBlockReference
  2
AI9-BLK92
 10
0
 20
0
 30
0
 41
1
 42
1
 43
0
 50
0
 70
    1
 71
    1
 44
0
 45
0
  0
ENDBLK
  5
15E
330
15C
100
AcDbEntity
  8
0
100
AcDbBlockEnd
  0
BLOCK
  5
160
330
15F
100
AcDbEntity
  8
0
100
AcDbBlockBegin
  2
AI9-BLK92
 70
    0
 10
0
 20
0
  3
AI9-BLK92
  1

  0
CIRCLE
  5
5CC
100
AcDbEntity
  8
LAYER_1
  6
ByLayer
 62
    7
370
   -1
100
AcDbCircle
 10
0
 20
0
 40
1.474845
  0
ENDBLK
  5
161
330
15F
100
AcDbEntity
  8
0
100
AcDbBlockEnd
  0
BLOCK
  5
163
330
162
100
AcDbEntity
  8
0
100
AcDbBlockBegin
  2
AI9-BLK93
 70
    0
 10
0
 20
0
  3
AI9-BLK93
  1

  0
INSERT
  5
5CD
100
AcDbEntity
  8
LAYER_1
  6
ByLayer
 62
    7
370
   -1
100
AcDbBlockReference
  2
AI9-BLK94
 10
0
 20
0
 30
0
 41
1
 42
1
 43
0
 50
0
 70
    1
 71
    1
 44
0
 45
0
  0
ENDBLK
  5
164
330
162
100
AcDbEntity
  8
0
100
AcDbBlockEnd
  0
BLOCK
  5
166
330
165
100
AcDbEntity
  8
0
100
AcDbBlockBegin
  2
AI9-BLK94
 70
    0
 10
0
 20
0
  3
AI9-BLK94
  1

  0
CIRCLE
  5
5CE
100
AcDbEntity
  8
LAYER_1
  6
ByLayer
 62
    7
370
   -1
100
AcDbCircle
 10
0
 20
0
 40
1.999878
  0
ENDBLK
  5
167
330
165
100
AcDbEntity
  8
0
100
AcDbBlockEnd
  0
BLOCK
  5
169
330
168
100
AcDbEntity
  8
0
100
AcDbBlockBegin
  2
AI9-BLK95
 70
    0
 10
0
 20
0
  3
AI9-BLK95
  1

  0
INSERT
  5
5CF
100
AcDbEntity
  8
LAYER_1
  6
ByLayer
 62
    7
370
   -1
100
AcDbBlockReference
  2
AI9-BLK96
 10
0
 20
0
 30
0
 41
1
 42
1
 43
0
 50
0
 70
    1
 71
    1
 44
0
 45
0
  0
ENDBLK
  5
16A
330
168
100
AcDbEntity
  8
0
100
AcDbBlockEnd
  0
BLOCK
  5
16C
330
16B
100
AcDbEntity
  8
0
100
AcDbBlockBegin
  2
AI9-BLK96
 70
    0
 10
0
 20
0
  3
AI9-BLK96
  1

  0
CIRCLE
  5
5D0
100
AcDbEntity
  8
LAYER_1
  6
ByLayer
 62
    7
370
   -1
100
AcDbCircle
 10
0
 20
0
 40
0.850939
  0
ENDBLK
  5
16D
330
16B
100
AcDbEntity
  8
0
100
AcDbBlockEnd
  0
BLOCK
  5
16F
330
16E
100
AcDbEntity
  8
0
100
AcDbBlockBegin
  2
AI9-BLK97
 70
    0
 10
0
 20
0
  3
AI9-BLK97
  1

  0
INSERT
  5
5D1
100
AcDbEntity
  8
LAYER_1
  6
ByLayer
 62
    7
370
   -1
100
AcDbBlockReference
  2
AI9-BLK98
 10
0
 20
0
 30
0
 41
1
 42
1
 43
0
 50
0
 70
    1
 71
    1
 44
0
 45
0
  0
ENDBLK
  5
170
330
16E
100
AcDbEntity
  8
0
100
AcDbBlockEnd
  0
BLOCK
  5
172
330
171
100
AcDbEntity
  8
0
100
AcDbBlockBegin
  2
AI9-BLK98
 70
    0
 10
0
 20
0
  3
AI9-BLK98
  1

  0
CIRCLE
  5
5D2
100
AcDbEntity
  8
LAYER_1
  6
ByLayer
 62
    7
370
   -1
100
AcDbCircle
 10
-0.000172
 20
0
 40
0.850939
  0
ENDBLK
  5
173
330
171
100
AcDbEntity
  8
0
100
AcDbBlockEnd
  0
BLOCK
  5
175
330
174
100
AcDbEntity
  8
0
100
AcDbBlockBegin
  2
AI9-BLK99
 70
    0
 10
0
 20
0
  3
AI9-BLK99
  1

  0
INSERT
  5
5D3
100
AcDbEntity
  8
LAYER_1
  6
ByLayer
 62
    7
370
   -1
100
AcDbBlockReference
  2
AI9-BLK100
 10
0
 20
0
 30
0
 41
1
 42
1
 43
0
 50
0
 70
    1
 71
    1
 44
0
 45
0
  0
ENDBLK
  5
176
330
174
100
AcDbEntity
  8
0
100
AcDbBlockEnd
  0
BLOCK
  5
178
330
177
100
AcDbEntity
  8
0
100
AcDbBlockBegin
  2
AI9-BLK100
 70
    0
 10
0
 20
0
  3
AI9-BLK100
  1

  0
CIRCLE
  5
5D4
100
AcDbEntity
  8
LAYER_1
  6
ByLayer
 62
    7
370
   -1
100
AcDbCircle
 10
0.000172
 20
0
 40
1.474845
  0
ENDBLK
  5
179
330
177
100
AcDbEntity
  8
0
100
AcDbBlockEnd
  0
BLOCK
  5
17B
330
17A
100
AcDbEntity
  8
0
100
AcDbBlockBegin
  2
AI9-BLK101
 70
    0
 10
0
 20
0
  3
AI9-BLK101
  1

  0
INSERT
  5
5D5
100
AcDbEntity
  8
LAYER_1
  6
ByLayer
 62
    7
370
   -1
100
AcDbBlockReference
  2
AI9-BLK102
 10
0
 20
0
 30
0
 41
1
 42
1
 43
0
 50
0
 70
    1
 71
    1
 44
0
 45
0
  0
ENDBLK
  5
17C
330
17A
100
AcDbEntity
  8
0
100
AcDbBlockEnd
  0
BLOCK
  5
17E
330
17D
100
AcDbEntity
  8
0
100
AcDbBlockBegin
  2
AI9-BLK102
 70
    0
 10
0
 20
0
  3
AI9-BLK102
  1

  0
CIRCLE
  5
5D6
100
AcDbEntity
  8
LAYER_1
  6
ByLayer
 62
    7
370
   -1
100
AcDbCircle
 10
-0.000172
 20
0
 40
1.474845
  0
ENDBLK
  5
17F
330
17D
100
AcDbEntity
  8
0
100
AcDbBlockEnd
  0
BLOCK
  5
181
330
180
100
AcDbEntity
  8
0
100
AcDbBlockBegin
  2
AI9-BLK103
 70
    0
 10
0
 20
0
  3
AI9-BLK103
  1

  0
INSERT
  5
5D7
100
AcDbEntity
  8
LAYER_1
  6
ByLayer
 62
    7
370
   -1
100
AcDbBlockReference
  2
AI9-BLK104
 10
0
 20
0
 30
0
 41
1
 42
1
 43
0
 50
0
 70
    1
 71
    1
 44
0
 45
0
  0
ENDBLK
  5
182
330
180
100
AcDbEntity
  8
0
100
AcDbBlockEnd
  0
BLOCK
  5
184
330
183
100
AcDbEntity
  8
0
100
AcDbBlockBegin
  2
AI9-BLK104
 70
    0
 10
0
 20
0
  3
AI9-BLK104
  1

  0
CIRCLE
  5
5D8
100
AcDbEntity
  8
LAYER_1
  6
ByLayer
 62
    7
370
   -1
100
AcDbCircle
 10
0
 20
0
 40
1.999878
  0
ENDBLK
  5
185
330
183
100
AcDbEntity
  8
0
100
AcDbBlockEnd
  0
BLOCK
  5
187
330
186
100
AcDbEntity
  8
0
100
AcDbBlockBegin
  2
AI9-BLK105
 70
    0
 10
0
 20
0
  3
AI9-BLK105
  1

  0
INSERT
  5
5D9
100
AcDbEntity
  8
LAYER_1
  6
ByLayer
 62
    7
370
   -1
100
AcDbBlockReference
  2
AI9-BLK106
 10
0
 20
0
 30
0
 41
1
 42
1
 43
0
 50
0
 70
    1
 71
    1
 44
0
 45
0
  0
ENDBLK
  5
188
330
186
100
AcDbEntity
  8
0
100
AcDbBlockEnd
  0
BLOCK
  5
18A
330
189
100
AcDbEntity
  8
0
100
AcDbBlockBegin
  2
AI9-BLK106
 70
    0
 10
0
 20
0
  3
AI9-BLK106
  1

  0
CIRCLE
  5
5DA
100
AcDbEntity
  8
LAYER_1
  6
ByLayer
 62
    7
370
   -1
100
AcDbCircle
 10
0
 20
0
 40
0.850939
  0
ENDBLK
  5
18B
330
189
100
AcDbEntity
  8
0
100
AcDbBlockEnd
  0
BLOCK
  5
18D
330
18C
100
AcDbEntity
  8
0
100
AcDbBlockBegin
  2
AI9-BLK107
 70
    0
 10
0
 20
0
  3
AI9-BLK107
  1

  0
INSERT
  5
5DB
100
AcDbEntity
  8
LAYER_1
  6
ByLayer
 62
    7
370
   -1
100
AcDbBlockReference
  2
AI9-BLK108
 10
0
 20
0
 30
0
 41
1
 42
1
 43
0
 50
0
 70
    1
 71
    1
 44
0
 45
0
  0
ENDBLK
  5
18E
330
18C
100
AcDbEntity
  8
0
100
AcDbBlockEnd
  0
BLOCK
  5
190
330
18F
100
AcDbEntity
  8
0
100
AcDbBlockBegin
  2
AI9-BLK108
 70
    0
 10
0
 20
0
  3
AI9-BLK108
  1

  0
CIRCLE
  5
5DC
100
AcDbEntity
  8
LAYER_1
  6
ByLayer
 62
    7
370
   -1
100
AcDbCircle
 10
0
 20
0
 40
0.850939
  0
ENDBLK
  5
191
330
18F
100
AcDbEntity
  8
0
100
AcDbBlockEnd
  0
BLOCK
  5
193
330
192
100
AcDbEntity
  8
0
100
AcDbBlockBegin
  2
AI9-BLK109
 70
    0
 10
0
 20
0
  3
AI9-BLK109
  1

  0
INSERT
  5
5DD
100
AcDbEntity
  8
LAYER_1
  6
ByLayer
 62
    7
370
   -1
100
AcDbBlockReference
  2
AI9-BLK110
 10
0
 20
0
 30
0
 41
1
 42
1
 43
0
 50
0
 70
    1
 71
    1
 44
0
 45
0
  0
ENDBLK
  5
194
330
192
100
AcDbEntity
  8
0
100
AcDbBlockEnd
  0
BLOCK
  5
196
330
195
100
AcDbEntity
  8
0
100
AcDbBlockBegin
  2
AI9-BLK110
 70
    0
 10
0
 20
0
  3
AI9-BLK110
  1

  0
CIRCLE
  5
5DE
100
AcDbEntity
  8
LAYER_1
  6
ByLayer
 62
    7
370
   -1
100
AcDbCircle
 10
0
 20
0
 40
1.474845
  0
ENDBLK
  5
197
330
195
100
AcDbEntity
  8
0
100
AcDbBlockEnd
  0
BLOCK
  5
199
330
198
100
AcDbEntity
  8
0
100
AcDbBlockBegin
  2
AI9-BLK111
 70
    0
 10
0
 20
0
  3
AI9-BLK111
  1

  0
INSERT
  5
5DF
100
AcDbEntity
  8
LAYER_1
  6
ByLayer
 62
    7
370
   -1
100
AcDbBlockReference
  2
AI9-BLK112
 10
0
 20
0
 30
0
 41
1
 42
1
 43
0
 50
0
 70
    1
 71
    1
 44
0
 45
0
  0
ENDBLK
  5
19A
330
198
100
AcDbEntity
  8
0
100
AcDbBlockEnd
  0
BLOCK
  5
19C
330
19B
100
AcDbEntity
  8
0
100
AcDbBlockBegin
  2
AI9-BLK112
 70
    0
 10
0
 20
0
  3
AI9-BLK112
  1

  0
CIRCLE
  5
5E0
100
AcDbEntity
  8
LAYER_1
  6
ByLayer
 62
    7
370
   -1
100
AcDbCircle
 10
-0.000172
 20
0
 40
1.474845
  0
ENDBLK
  5
19D
330
19B
100
AcDbEntity
  8
0
100
AcDbBlockEnd
  0
BLOCK
  5
19F
330
19E
100
AcDbEntity
  8
0
100
AcDbBlockBegin
  2
AI9-BLK113
 70
    0
 10
0
 20
0
  3
AI9-BLK113
  1

  0
INSERT
  5
5E1
100
AcDbEntity
  8
LAYER_1
  6
ByLayer
 62
    7
370
   -1
100
AcDbBlockReference
  2
AI9-BLK114
 10
0
 20
0
 30
0
 41
1
 42
1
 43
0
 50
0
 70
    1
 71
    1
 44
0
 45
0
  0
ENDBLK
  5
1A0
330
19E
100
AcDbEntity
  8
0
100
AcDbBlockEnd
  0
BLOCK
  5
1A2
330
1A1
100
AcDbEntity
  8
0
100
AcDbBlockBegin
  2
AI9-BLK114
 70
    0
 10
0
 20
0
  3
AI9-BLK114
  1

  0
CIRCLE
  5
5E2
100
AcDbEntity
  8
LAYER_1
  6
ByLayer
 62
    7
370
   -1
100
AcDbCircle
 10
0.000172
 20
0
 40
1.999878
  0
ENDBLK
  5
1A3
330
1A1
100
AcDbEntity
  8
0
100
AcDbBlockEnd
  0
BLOCK
  5
1A5
330
1A4
100
AcDbEntity
  8
0
100
AcDbBlockBegin
  2
AI9-BLK115
 70
    0
 10
0
 20
0
  3
AI9-BLK115
  1

  0
INSERT
  5
5E3
100
AcDbEntity
  8
LAYER_1
  6
ByLayer
 62
    7
370
   -1
100
AcDbBlockReference
  2
AI9-BLK116
 10
0
 20
0
 30
0
 41
1
 42
1
 43
0
 50
0
 70
    1
 71
    1
 44
0
 45
0
  0
ENDBLK
  5
1A6
330
1A4
100
AcDbEntity
  8
0
100
AcDbBlockEnd
  0
BLOCK
  5
1A8
330
1A7
100
AcDbEntity
  8
0
100
AcDbBlockBegin
  2
AI9-BLK116
 70
    0
 10
0
 20
0
  3
AI9-BLK116
  1

  0
CIRCLE
  5
5E4
100
AcDbEntity
  8
LAYER_1
  6
ByLayer
 62
    7
370
   -1
100
AcDbCircle
 10
0
 20
0
 40
0.850939
  0
ENDBLK
  5
1A9
330
1A7
100
AcDbEntity
  8
0
100
AcDbBlockEnd
  0
BLOCK
  5
1AB
330
1AA
100
AcDbEntity
  8
0
100
AcDbBlockBegin
  2
AI9-BLK117
 70
    0
 10
0
 20
0
  3
AI9-BLK117
  1

  0
INSERT
  5
5E5
100
AcDbEntity
  8
LAYER_1
  6
ByLayer
 62
    7
370
   -1
100
AcDbBlockReference
  2
AI9-BLK118
 10
0
 20
0
 30
0
 41
1
 42
1
 43
0
 50
0
 70
    1
 71
    1
 44
0
 45
0
  0
ENDBLK
  5
1AC
330
1AA
100
AcDbEntity
  8
0
100
AcDbBlockEnd
  0
BLOCK
  5
1AE
330
1AD
100
AcDbEntity
  8
0
100
AcDbBlockBegin
  2
AI9-BLK118
 70
    0
 10
0
 20
0
  3
AI9-BLK118
  1

  0
CIRCLE
  5
5E6
100
AcDbEntity
  8
LAYER_1
  6
ByLayer
 62
    7
370
   -1
100
AcDbCircle
 10
0.000172
 20
0
 40
0.850939
  0
ENDBLK
  5
1AF
330
1AD
100
AcDbEntity
  8
0
100
AcDbBlockEnd
  0
BLOCK
  5
1B1
330
1B0
100
AcDbEntity
  8
0
100
AcDbBlockBegin
  2
AI9-BLK119
 70
    0
 10
0
 20
0
  3
AI9-BLK119
  1

  0
INSERT
  5
5E7
100
AcDbEntity
  8
LAYER_1
  6
ByLayer
 62
    7
370
   -1
100
AcDbBlockReference
  2
AI9-BLK120
 10
0
 20
0
 30
0
 41
1
 42
1
 43
0
 50
0
 70
    1
 71
    1
 44
0
 45
0
  0
ENDBLK
  5
1B2
330
1B0
100
AcDbEntity
  8
0
100
AcDbBlockEnd
  0
BLOCK
  5
1B4
330
1B3
100
AcDbEntity
  8
0
100
AcDbBlockBegin
  2
AI9-BLK120
 70
    0
 10
0
 20
0
  3
AI9-BLK120
  1

  0
CIRCLE
  5
5E8
100
AcDbEntity
  8
LAYER_1
  6
ByLayer
 62
    7
370
   -1
100
AcDbCircle
 10
0
 20
0
 40
1.474845
  0
ENDBLK
  5
1B5
330
1B3
100
AcDbEntity
  8
0
100
AcDbBlockEnd
  0
BLOCK
  5
1B7
330
1B6
100
AcDbEntity
  8
0
100
AcDbBlockBegin
  2
AI9-BLK121
 70
    0
 10
0
 20
0
  3
AI9-BLK121
  1

  0
INSERT
  5
5E9
100
AcDbEntity
  8
LAYER_1
  6
ByLayer
 62
    7
370
   -1
100
AcDbBlockReference
  2
AI9-BLK122
 10
0
 20
0
 30
0
 41
1
 42
1
 43
0
 50
0
 70
    1
 71
    1
 44
0
 45
0
  0
ENDBLK
  5
1B8
330
1B6
100
AcDbEntity
  8
0
100
AcDbBlockEnd
  0
BLOCK
  5
1BA
330
1B9
100
AcDbEntity
  8
0
100
AcDbBlockBegin
  2
AI9-BLK122
 70
    0
 10
0
 20
0
  3
AI9-BLK122
  1

  0
CIRCLE
  5
5EA
100
AcDbEntity
  8
LAYER_1
  6
ByLayer
 62
    7
370
   -1
100
AcDbCircle
 10
0
 20
0
 40
1.474845
  0
ENDBLK
  5
1BB
330
1B9
100
AcDbEntity
  8
0
100
AcDbBlockEnd
  0
BLOCK
  5
1BD
330
1BC
100
AcDbEntity
  8
0
100
AcDbBlockBegin
  2
AI9-BLK123
 70
    0
 10
0
 20
0
  3
AI9-BLK123
  1

  0
INSERT
  5
5EB
100
AcDbEntity
  8
LAYER_1
  6
ByLayer
 62
    7
370
   -1
100
AcDbBlockReference
  2
AI9-BLK124
 10
0
 20
0
 30
0
 41
1
 42
1
 43
0
 50
0
 70
    1
 71
    1
 44
0
 45
0
  0
ENDBLK
  5
1BE
330
1BC
100
AcDbEntity
  8
0
100
AcDbBlockEnd
  0
BLOCK
  5
1C0
330
1BF
100
AcDbEntity
  8
0
100
AcDbBlockBegin
  2
AI9-BLK124
 70
    0
 10
0
 20
0
  3
AI9-BLK124
  1

  0
CIRCLE
  5
5EC
100
AcDbEntity
  8
LAYER_1
  6
ByLayer
 62
    7
370
   -1
100
AcDbCircle
 10
0.000172
 20
0
 40
1.999878
  0
ENDBLK
  5
1C1
330
1BF
100
AcDbEntity
  8
0
100
AcDbBlockEnd
  0
BLOCK
  5
1C3
330
1C2
100
AcDbEntity
  8
0
100
AcDbBlockBegin
  2
AI9-BLK125
 70
    0
 10
0
 20
0
  3
AI9-BLK125
  1

  0
INSERT
  5
5ED
100
AcDbEntity
  8
LAYER_1
  6
ByLayer
 62
    7
370
   -1
100
AcDbBlockReference
  2
AI9-BLK126
 10
0
 20
0
 30
0
 41
1
 42
1
 43
0
 50
0
 70
    1
 71
    1
 44
0
 45
0
  0
ENDBLK
  5
1C4
330
1C2
100
AcDbEntity
  8
0
100
AcDbBlockEnd
  0
BLOCK
  5
1C6
330
1C5
100
AcDbEntity
  8
0
100
AcDbBlockBegin
  2
AI9-BLK126
 70
    0
 10
0
 20
0
  3
AI9-BLK126
  1

  0
CIRCLE
  5
5EE
100
AcDbEntity
  8
LAYER_1
  6
ByLayer
 62
    7
370
   -1
100
AcDbCircle
 10
0
 20
0
 40
0.850939
  0
ENDBLK
  5
1C7
330
1C5
100
AcDbEntity
  8
0
100
AcDbBlockEnd
  0
BLOCK
  5
1C9
330
1C8
100
AcDbEntity
  8
0
100
AcDbBlockBegin
  2
AI9-BLK127
 70
    0
 10
0
 20
0
  3
AI9-BLK127
  1

  0
INSERT
  5
5EF
100
AcDbEntity
  8
LAYER_1
  6
ByLayer
 62
    7
370
   -1
100
AcDbBlockReference
  2
AI9-BLK128
 10
0
 20
0
 30
0
 41
1
 42
1
 43
0
 50
0
 70
    1
 71
    1
 44
0
 45
0
  0
ENDBLK
  5
1CA
330
1C8
100
AcDbEntity
  8
0
100
AcDbBlockEnd
  0
BLOCK
  5
1CC
330
1CB
100
AcDbEntity
  8
0
100
AcDbBlockBegin
  2
AI9-BLK128
 70
    0
 10
0
 20
0
  3
AI9-BLK128
  1

  0
CIRCLE
  5
5F0
100
AcDbEntity
  8
LAYER_1
  6
ByLayer
 62
    7
370
   -1
100
AcDbCircle
 10
0
 20
0
 40
0.850939
  0
ENDBLK
  5
1CD
330
1CB
100
AcDbEntity
  8
0
100
AcDbBlockEnd
  0
BLOCK
  5
1CF
330
1CE
100
AcDbEntity
  8
0
100
AcDbBlockBegin
  2
AI9-BLK129
 70
    0
 10
0
 20
0
  3
AI9-BLK129
  1

  0
INSERT
  5
5F1
100
AcDbEntity
  8
LAYER_1
  6
ByLayer
 62
    7
370
   -1
100
AcDbBlockReference
  2
AI9-BLK130
 10
0
 20
0
 30
0
 41
1
 42
1
 43
0
 50
0
 70
    1
 71
    1
 44
0
 45
0
  0
ENDBLK
  5
1D0
330
1CE
100
AcDbEntity
  8
0
100
AcDbBlockEnd
  0
BLOCK
  5
1D2
330
1D1
100
AcDbEntity
  8
0
100
AcDbBlockBegin
  2
AI9-BLK130
 70
    0
 10
0
 20
0
  3
AI9-BLK130
  1

  0
CIRCLE
  5
5F2
100
AcDbEntity
  8
LAYER_1
  6
ByLayer
 62
    7
370
   -1
100
AcDbCircle
 10
0.000172
 20
0
 40
1.474932
  0
ENDBLK
  5
1D3
330
1D1
100
AcDbEntity
  8
0
100
AcDbBlockEnd
  0
BLOCK
  5
1D5
330
1D4
100
AcDbEntity
  8
0
100
AcDbBlockBegin
  2
AI9-BLK131
 70
    0
 10
0
 20
0
  3
AI9-BLK131
  1

  0
INSERT
  5
5F3
100
AcDbEntity
  8
LAYER_1
  6
ByLayer
 62
    7
370
   -1
100
AcDbBlockReference
  2
AI9-BLK132
 10
0
 20
0
 30
0
 41
1
 42
1
 43
0
 50
0
 70
    1
 71
    1
 44
0
 45
0
  0
ENDBLK
  5
1D6
330
1D4
100
AcDbEntity
  8
0
100
AcDbBlockEnd
  0
BLOCK
  5
1D8
330
1D7
100
AcDbEntity
  8
0
100
AcDbBlockBegin
  2
AI9-BLK132
 70
    0
 10
0
 20
0
  3
AI9-BLK132
  1

  0
CIRCLE
  5
5F4
100
AcDbEntity
  8
LAYER_1
  6
ByLayer
 62
    7
370
   -1
100
AcDbCircle
 10
-0.000172
 20
0
 40
1.475018
  0
ENDBLK
  5
1D9
330
1D7
100
AcDbEntity
  8
0
100
AcDbBlockEnd
  0
BLOCK
  5
1DB
330
1DA
100
AcDbEntity
  8
0
100
AcDbBlockBegin
  2
AI9-BLK133
 70
    0
 10
0
 20
0
  3
AI9-BLK133
  1

  0
INSERT
  5
5F5
100
AcDbEntity
  8
LAYER_1
  6
ByLayer
 62
    7
370
   -1
100
AcDbBlockReference
  2
AI9-BLK134
 10
0
 20
0
 30
0
 41
1
 42
1
 43
0
 50
0
 70
    1
 71
    1
 44
0
 45
0
  0
ENDBLK
  5
1DC
330
1DA
100
AcDbEntity
  8
0
100
AcDbBlockEnd
  0
BLOCK
  5
1DE
330
1DD
100
AcDbEntity
  8
0
100
AcDbBlockBegin
  2
AI9-BLK134
 70
    0
 10
0
 20
0
  3
AI9-BLK134
  1

  0
CIRCLE
  5
5F6
100
AcDbEntity
  8
LAYER_1
  6
ByLayer
 62
    7
370
   -1
100
AcDbCircle
 10
0.000345
 20
0
 40
2.00005
  0
ENDBLK
  5
1DF
330
1DD
100
AcDbEntity
  8
0
100
AcDbBlockEnd
  0
BLOCK
  5
1E1
330
1E0
100
AcDbEntity
  8
0
100
AcDbBlockBegin
  2
AI9-BLK135
 70
    0
 10
0
 20
0
  3
AI9-BLK135
  1

  0
INSERT
  5
5F7
100
AcDbEntity
  8
LAYER_1
  6
ByLayer
 62
    7
370
   -1
100
AcDbBlockReference
  2
AI9-BLK136
 10
0
 20
0
 30
0
 41
1
 42
1
 43
0
 50
0
 70
    1
 71
    1
 44
0
 45
0
  0
ENDBLK
  5
1E2
330
1E0
100
AcDbEntity
  8
0
100
AcDbBlockEnd
  0
BLOCK
  5
1E4
330
1E3
100
AcDbEntity
  8
0
100
AcDbBlockBegin
  2
AI9-BLK136
 70
    0
 10
0
 20
0
  3
AI9-BLK136
  1

  0
CIRCLE
  5
5F8
100
AcDbEntity
  8
LAYER_1
  6
ByLayer
 62
    7
370
   -1
100
AcDbCircle
 10
0
 20
0
 40
0.850939
  0
ENDBLK
  5
1E5
330
1E3
100
AcDbEntity
  8
0
100
AcDbBlockEnd
  0
BLOCK
  5
1E7
330
1E6
100
AcDbEntity
  8
0
100
AcDbBlockBegin
  2
AI9-BLK137
 70
    0
 10
0
 20
0
  3
AI9-BLK137
  1

  0
INSERT
  5
5F9
100
AcDbEntity
  8
LAYER_1
  6
ByLayer
 62
    7
370
   -1
100
AcDbBlockReference
  2
AI9-BLK138
 10
0
 20
0
 30
0
 41
1
 42
1
 43
0
 50
0
 70
    1
 71
    1
 44
0
 45
0
  0
ENDBLK
  5
1E8
330
1E6
100
AcDbEntity
  8
0
100
AcDbBlockEnd
  0
BLOCK
  5
1EA
330
1E9
100
AcDbEntity
  8
0
100
AcDbBlockBegin
  2
AI9-BLK138
 70
    0
 10
0
 20
0
  3
AI9-BLK138
  1

  0
CIRCLE
  5
5FA
100
AcDbEntity
  8
LAYER_1
  6
ByLayer
 62
    7
370
   -1
100
AcDbCircle
 10
0
 20
0
 40
0.850939
  0
ENDBLK
  5
1EB
330
1E9
100
AcDbEntity
  8
0
100
AcDbBlockEnd
  0
BLOCK
  5
1ED
330
1EC
100
AcDbEntity
  8
0
100
AcDbBlockBegin
  2
AI9-BLK139
 70
    0
 10
0
 20
0
  3
AI9-BLK139
  1

  0
INSERT
  5
5FB
100
AcDbEntity
  8
LAYER_1
  6
ByLayer
 62
    7
370
   -1
100
AcDbBlockReference
  2
AI9-BLK140
 10
0
 20
0
 30
0
 41
1
 42
1
 43
0
 50
0
 70
    1
 71
    1
 44
0
 45
0
  0
ENDBLK
  5
1EE
330
1EC
100
AcDbEntity
  8
0
100
AcDbBlockEnd
  0
BLOCK
  5
1F0
330
1EF
100
AcDbEntity
  8
0
100
AcDbBlockBegin
  2
AI9-BLK140
 70
    0
 10
0
 20
0
  3
AI9-BLK140
  1

  0
CIRCLE
  5
5FC
100
AcDbEntity
  8
LAYER_1
  6
ByLayer
 62
    7
370
   -1
100
AcDbCircle
 10
0
 20
0
 40
1.474932
  0
ENDBLK
  5
1F1
330
1EF
100
AcDbEntity
  8
0
100
AcDbBlockEnd
  0
BLOCK
  5
1F3
330
1F2
100
AcDbEntity
  8
0
100
AcDbBlockBegin
  2
AI9-BLK141
 70
    0
 10
0
 20
0
  3
AI9-BLK141
  1

  0
INSERT
  5
5FD
100
AcDbEntity
  8
LAYER_1
  6
ByLayer
 62
    7
370
   -1
100
AcDbBlockReference
  2
AI9-BLK142
 10
0
 20
0
 30
0
 41
1
 42
1
 43
0
 50
0
 70
    1
 71
    1
 44
0
 45
0
  0
ENDBLK
  5
1F4
330
1F2
100
AcDbEntity
  8
0
100
AcDbBlockEnd
  0
BLOCK
  5
1F6
330
1F5
100
AcDbEntity
  8
0
100
AcDbBlockBegin
  2
AI9-BLK142
 70
    0
 10
0
 20
0
  3
AI9-BLK142
  1

  0
CIRCLE
  5
5FE
100
AcDbEntity
  8
LAYER_1
  6
ByLayer
 62
    7
370
   -1
100
AcDbCircle
 10
-0.000345
 20
0
 40
1.475018
  0
ENDBLK
  5
1F7
330
1F5
100
AcDbEntity
  8
0
100
AcDbBlockEnd
  0
BLOCK
  5
1F9
330
1F8
100
AcDbEntity
  8
0
100
AcDbBlockBegin
  2
AI9-BLK143
 70
    0
 10
0
 20
0
  3
AI9-BLK143
  1

  0
INSERT
  5
5FF
100
AcDbEntity
  8
LAYER_1
  6
ByLayer
 62
    7
370
   -1
100
AcDbBlockReference
  2
AI9-BLK144
 10
0
 20
0
 30
0
 41
1
 42
1
 43
0
 50
0
 70
    1
 71
    1
 44
0
 45
0
  0
ENDBLK
  5
1FA
330
1F8
100
AcDbEntity
  8
0
100
AcDbBlockEnd
  0
BLOCK
  5
1FC
330
1FB
100
AcDbEntity
  8
0
100
AcDbBlockBegin
  2
AI9-BLK144
 70
    0
 10
0
 20
0
  3
AI9-BLK144
  1

  0
CIRCLE
  5
600
100
AcDbEntity
  8
LAYER_1
  6
ByLayer
 62
    7
370
   -1
100
AcDbCircle
 10
0.000172
 20
0
 40
2.00005
  0
ENDBLK
  5
1FD
330
1FB
100
AcDbEntity
  8
0
100
AcDbBlockEnd
  0
BLOCK
  5
1FF
330
1FE
100
AcDbEntity
  8
0
100
AcDbBlockBegin
  2
AI9-BLK145
 70
    0
 10
0
 20
0
  3
AI9-BLK145
  1

  0
INSERT
  5
601
100
AcDbEntity
  8
LAYER_1
  6
ByLayer
 62
    7
370
   -1
100
AcDbBlockReference
  2
AI9-BLK146
 10
0
 20
0
 30
0
 41
1
 42
1
 43
0
 50
0
 70
    1
 71
    1
 44
0
 45
0
  0
ENDBLK
  5
200
330
1FE
100
AcDbEntity
  8
0
100
AcDbBlockEnd
  0
BLOCK
  5
202
330
201
100
AcDbEntity
  8
0
100
AcDbBlockBegin
  2
AI9-BLK146
 70
    0
 10
0
 20
0
  3
AI9-BLK146
  1

  0
CIRCLE
  5
602
100
AcDbEntity
  8
LAYER_1
  6
ByLayer
 62
    7
370
   -1
100
AcDbCircle
 10
0
 20
0
 40
0.850939
  0
ENDBLK
  5
203
330
201
100
AcDbEntity
  8
0
100
AcDbBlockEnd
  0
BLOCK
  5
205
330
204
100
AcDbEntity
  8
0
100
AcDbBlockBegin
  2
AI9-BLK147
 70
    0
 10
0
 20
0
  3
AI9-BLK147
  1

  0
INSERT
  5
603
100
AcDbEntity
  8
LAYER_1
  6
ByLayer
 62
    7
370
   -1
100
AcDbBlockReference
  2
AI9-BLK148
 10
0
 20
0
 30
0
 41
1
 42
1
 43
0
 50
0
 70
    1
 71
    1
 44
0
 45
0
  0
ENDBLK
  5
206
330
204
100
AcDbEntity
  8
0
100
AcDbBlockEnd
  0
BLOCK
  5
208
330
207
100
AcDbEntity
  8
0
100
AcDbBlockBegin
  2
AI9-BLK148
 70
    0
 10
0
 20
0
  3
AI9-BLK148
  1

  0
CIRCLE
  5
604
100
AcDbEntity
  8
LAYER_1
  6
ByLayer
 62
    7
370
   -1
100
AcDbCircle
 10
0
 20
0
 40
0.850939
  0
ENDBLK
  5
209
330
207
100
AcDbEntity
  8
0
100
AcDbBlockEnd
  0
BLOCK
  5
20B
330
20A
100
AcDbEntity
  8
0
100
AcDbBlockBegin
  2
AI9-BLK149
 70
    0
 10
0
 20
0
  3
AI9-BLK149
  1

  0
INSERT
  5
605
100
AcDbEntity
  8
LAYER_1
  6
ByLayer
 62
    7
370
   -1
100
AcDbBlockReference
  2
AI9-BLK150
 10
0
 20
0
 30
0
 41
1
 42
1
 43
0
 50
0
 70
    1
 71
    1
 44
0
 45
0
  0
ENDBLK
  5
20C
330
20A
100
AcDbEntity
  8
0
100
AcDbBlockEnd
  0
BLOCK
  5
20E
330
20D
100
AcDbEntity
  8
0
100
AcDbBlockBegin
  2
AI9-BLK150
 70
    0
 10
0
 20
0
  3
AI9-BLK150
  1

  0
CIRCLE
  5
606
100
AcDbEntity
  8
LAYER_1
  6
ByLayer
 62
    7
370
   -1
100
AcDbCircle
 10
-0.000172
 20
0
 40
1.474932
  0
ENDBLK
  5
20F
330
20D
100
AcDbEntity
  8
0
100
AcDbBlockEnd
  0
BLOCK
  5
211
330
210
100
AcDbEntity
  8
0
100
AcDbBlockBegin
  2
AI9-BLK151
 70
    0
 10
0
 20
0
  3
AI9-BLK151
  1

  0
INSERT
  5
607
100
AcDbEntity
  8
LAYER_1
  6
ByLayer
 62
    7
370
   -1
100
AcDbBlockReference
  2
AI9-BLK152
 10
0
 20
0
 30
0
 41
1
 42
1
 43
0
 50
0
 70
    1
 71
    1
 44
0
 45
0
  0
ENDBLK
  5
212
330
210
100
AcDbEntity
  8
0
100
AcDbBlockEnd
  0
BLOCK
  5
214
330
213
100
AcDbEntity
  8
0
100
AcDbBlockBegin
  2
AI9-BLK152
 70
    0
 10
0
 20
0
  3
AI9-BLK152
  1

  0
CIRCLE
  5
608
100
AcDbEntity
  8
LAYER_1
  6
ByLayer
 62
    7
370
   -1
100
AcDbCircle
 10
0
 20
0
 40
1.475018
  0
ENDBLK
  5
215
330
213
100
AcDbEntity
  8
0
100
AcDbBlockEnd
  0
BLOCK
  5
217
330
216
100
AcDbEntity
  8
0
100
AcDbBlockBegin
  2
AI9-BLK153
 70
    0
 10
0
 20
0
  3
AI9-BLK153
  1

  0
INSERT
  5
609
100
AcDbEntity
  8
LAYER_1
  6
ByLayer
 62
    7
370
   -1
100
AcDbBlockReference
  2
AI9-BLK154
 10
0
 20
0
 30
0
 41
1
 42
1
 43
0
 50
0
 70
    1
 71
    1
 44
0
 45
0
  0
ENDBLK
  5
218
330
216
100
AcDbEntity
  8
0
100
AcDbBlockEnd
  0
BLOCK
  5
21A
330
219
100
AcDbEntity
  8
0
100
AcDbBlockBegin
  2
AI9-BLK154
 70
    0
 10
0
 20
0
  3
AI9-BLK154
  1

  0
CIRCLE
  5
60A
100
AcDbEntity
  8
LAYER_1
  6
ByLayer
 62
    7
370
   -1
100
AcDbCircle
 10
0.000172
 20
0
 40
2.00005
  0
ENDBLK
  5
21B
330
219
100
AcDbEntity
  8
0
100
AcDbBlockEnd
  0
BLOCK
  5
21D
330
21C
100
AcDbEntity
  8
0
100
AcDbBlockBegin
  2
AI9-BLK155
 70
    0
 10
0
 20
0
  3
AI9-BLK155
  1

  0
INSERT
  5
60B
100
AcDbEntity
  8
LAYER_1
  6
ByLayer
 62
    7
370
   -1
100
AcDbBlockReference
  2
AI9-BLK156
 10
0
 20
0
 30
0
 41
1
 42
1
 43
0
 50
0
 70
    1
 71
    1
 44
0
 45
0
  0
ENDBLK
  5
21E
330
21C
100
AcDbEntity
  8
0
100
AcDbBlockEnd
  0
BLOCK
  5
220
330
21F
100
AcDbEntity
  8
0
100
AcDbBlockBegin
  2
AI9-BLK156
 70
    0
 10
0
 20
0
  3
AI9-BLK156
  1

  0
CIRCLE
  5
60C
100
AcDbEntity
  8
LAYER_1
  6
ByLayer
 62
    7
370
   -1
100
AcDbCircle
 10
0
 20
0
 40
0.850939
  0
ENDBLK
  5
221
330
21F
100
AcDbEntity
  8
0
100
AcDbBlockEnd
  0
BLOCK
  5
223
330
222
100
AcDbEntity
  8
0
100
AcDbBlockBegin
  2
AI9-BLK157
 70
    0
 10
0
 20
0
  3
AI9-BLK157
  1

  0
INSERT
  5
60D
100
AcDbEntity
  8
LAYER_1
  6
ByLayer
 62
    7
370
   -1
100
AcDbBlockReference
  2
AI9-BLK158
 10
0
 20
0
 30
0
 41
1
 42
1
 43
0
 50
0
 70
    1
 71
    1
 44
0
 45
0
  0
ENDBLK
  5
224
330
222
100
AcDbEntity
  8
0
100
AcDbBlockEnd
  0
BLOCK
  5
226
330
225
100
AcDbEntity
  8
0
100
AcDbBlockBegin
  2
AI9-BLK158
 70
    0
 10
0
 20
0
  3
AI9-BLK158
  1

  0
CIRCLE
  5
60E
100
AcDbEntity
  8
LAYER_1
  6
ByLayer
 62
    7
370
   -1
100
AcDbCircle
 10
0
 20
0
 40
0.850939
  0
ENDBLK
  5
227
330
225
100
AcDbEntity
  8
0
100
AcDbBlockEnd
  0
BLOCK
  5
229
330
228
100
AcDbEntity
  8
0
100
AcDbBlockBegin
  2
AI9-BLK159
 70
    0
 10
0
 20
0
  3
AI9-BLK159
  1

  0
INSERT
  5
60F
100
AcDbEntity
  8
LAYER_1
  6
ByLayer
 62
    7
370
   -1
100
AcDbBlockReference
  2
AI9-BLK160
 10
0
 20
0
 30
0
 41
1
 42
1
 43
0
 50
0
 70
    1
 71
    1
 44
0
 45
0
  0
ENDBLK
  5
22A
330
228
100
AcDbEntity
  8
0
100
AcDbBlockEnd
  0
BLOCK
  5
22C
330
22B
100
AcDbEntity
  8
0
100
AcDbBlockBegin
  2
AI9-BLK160
 70
    0
 10
0
 20
0
  3
AI9-BLK160
  1

  0
CIRCLE
  5
610
100
AcDbEntity
  8
LAYER_1
  6
ByLayer
 62
    7
370
   -1
100
AcDbCircle
 10
-0.000172
 20
0
 40
1.474932
  0
ENDBLK
  5
22D
330
22B
100
AcDbEntity
  8
0
100
AcDbBlockEnd
  0
BLOCK
  5
22F
330
22E
100
AcDbEntity
  8
0
100
AcDbBlockBegin
  2
AI9-BLK161
 70
    0
 10
0
 20
0
  3
AI9-BLK161
  1

  0
INSERT
  5
611
100
AcDbEntity
  8
LAYER_1
  6
ByLayer
 62
    7
370
   -1
100
AcDbBlockReference
  2
AI9-BLK162
 10
0
 20
0
 30
0
 41
1
 42
1
 43
0
 50
0
 70
    1
 71
    1
 44
0
 45
0
  0
ENDBLK
  5
230
330
22E
100
AcDbEntity
  8
0
100
AcDbBlockEnd
  0
BLOCK
  5
232
330
231
100
AcDbEntity
  8
0
100
AcDbBlockBegin
  2
AI9-BLK162
 70
    0
 10
0
 20
0
  3
AI9-BLK162
  1

  0
CIRCLE
  5
612
100
AcDbEntity
  8
LAYER_1
  6
ByLayer
 62
    7
370
   -1
100
AcDbCircle
 10
0.000345
 20
0
 40
1.475018
  0
ENDBLK
  5
233
330
231
100
AcDbEntity
  8
0
100
AcDbBlockEnd
  0
BLOCK
  5
235
330
234
100
AcDbEntity
  8
0
100
AcDbBlockBegin
  2
AI9-BLK163
 70
    0
 10
0
 20
0
  3
AI9-BLK163
  1

  0
INSERT
  5
613
100
AcDbEntity
  8
LAYER_1
  6
ByLayer
 62
    7
370
   -1
100
AcDbBlockReference
  2
AI9-BLK164
 10
0
 20
0
 30
0
 41
1
 42
1
 43
0
 50
0
 70
    1
 71
    1
 44
0
 45
0
  0
ENDBLK
  5
236
330
234
100
AcDbEntity
  8
0
100
AcDbBlockEnd
  0
BLOCK
  5
238
330
237
100
AcDbEntity
  8
0
100
AcDbBlockBegin
  2
AI9-BLK164
 70
    0
 10
0
 20
0
  3
AI9-BLK164
  1

  0
CIRCLE
  5
614
100
AcDbEntity
  8
LAYER_1
  6
ByLayer
 62
    7
370
   -1
100
AcDbCircle
 10
-0.000172
 20
0
 40
2.00005
  0
ENDBLK
  5
239
330
237
100
AcDbEntity
  8
0
100
AcDbBlockEnd
  0
BLOCK
  5
23B
330
23A
100
AcDbEntity
  8
0
100
AcDbBlockBegin
  2
AI9-BLK165
 70
    0
 10
0
 20
0
  3
AI9-BLK165
  1

  0
INSERT
  5
615
100
AcDbEntity
  8
LAYER_1
  6
ByLayer
 62
    7
370
   -1
100
AcDbBlockReference
  2
AI9-BLK166
 10
0
 20
0
 30
0
 41
1
 42
1
 43
0
 50
0
 70
    1
 71
    1
 44
0
 45
0
  0
ENDBLK
  5
23C
330
23A
100
AcDbEntity
  8
0
100
AcDbBlockEnd
  0
BLOCK
  5
23E
330
23D
100
AcDbEntity
  8
0
100
AcDbBlockBegin
  2
AI9-BLK166
 70
    0
 10
0
 20
0
  3
AI9-BLK166
  1

  0
CIRCLE
  5
616
100
AcDbEntity
  8
LAYER_1
  6
ByLayer
 62
    7
370
   -1
100
AcDbCircle
 10
0
 20
0
 40
0.850939
  0
ENDBLK
  5
23F
330
23D
100
AcDbEntity
  8
0
100
AcDbBlockEnd
  0
BLOCK
  5
241
330
240
100
AcDbEntity
  8
0
100
AcDbBlockBegin
  2
AI9-BLK167
 70
    0
 10
0
 20
0
  3
AI9-BLK167
  1

  0
INSERT
  5
617
100
AcDbEntity
  8
LAYER_1
  6
ByLayer
 62
    7
370
   -1
100
AcDbBlockReference
  2
AI9-BLK168
 10
0
 20
0
 30
0
 41
1
 42
1
 43
0
 50
0
 70
    1
 71
    1
 44
0
 45
0
  0
ENDBLK
  5
242
330
240
100
AcDbEntity
  8
0
100
AcDbBlockEnd
  0
BLOCK
  5
244
330
243
100
AcDbEntity
  8
0
100
AcDbBlockBegin
  2
AI9-BLK168
 70
    0
 10
0
 20
0
  3
AI9-BLK168
  1

  0
CIRCLE
  5
618
100
AcDbEntity
  8
LAYER_1
  6
ByLayer
 62
    7
370
   -1
100
AcDbCircle
 10
0
 20
0
 40
0.850939
  0
ENDBLK
  5
245
330
243
100
AcDbEntity
  8
0
100
AcDbBlockEnd
  0
BLOCK
  5
247
330
246
100
AcDbEntity
  8
0
100
AcDbBlockBegin
  2
AI9-BLK169
 70
    0
 10
0
 20
0
  3
AI9-BLK169
  1

  0
INSERT
  5
619
100
AcDbEntity
  8
LAYER_1
  6
ByLayer
 62
    7
370
   -1
100
AcDbBlockReference
  2
AI9-BLK170
 10
0
 20
0
 30
0
 41
1
 42
1
 43
0
 50
0
 70
    1
 71
    1
 44
0
 45
0
  0
ENDBLK
  5
248
330
246
100
AcDbEntity
  8
0
100
AcDbBlockEnd
  0
BLOCK
  5
24A
330
249
100
AcDbEntity
  8
0
100
AcDbBlockBegin
  2
AI9-BLK170
 70
    0
 10
0
 20
0
  3
AI9-BLK170
  1

  0
CIRCLE
  5
61A
100
AcDbEntity
  8
LAYER_1
  6
ByLayer
 62
    7
370
   -1
100
AcDbCircle
 10
0
 20
0
 40
1.474932
  0
ENDBLK
  5
24B
330
249
100
AcDbEntity
  8
0
100
AcDbBlockEnd
  0
BLOCK
  5
24D
330
24C
100
AcDbEntity
  8
0
100
AcDbBlockBegin
  2
AI9-BLK171
 70
    0
 10
0
 20
0
  3
AI9-BLK171
  1

  0
INSERT
  5
61B
100
AcDbEntity
  8
LAYER_1
  6
ByLayer
 62
    7
370
   -1
100
AcDbBlockReference
  2
AI9-BLK172
 10
0
 20
0
 30
0
 41
1
 42
1
 43
0
 50
0
 70
    1
 71
    1
 44
0
 45
0
  0
ENDBLK
  5
24E
330
24C
100
AcDbEntity
  8
0
100
AcDbBlockEnd
  0
BLOCK
  5
250
330
24F
100
AcDbEntity
  8
0
100
AcDbBlockBegin
  2
AI9-BLK172
 70
    0
 10
0
 20
0
  3
AI9-BLK172
  1

  0
CIRCLE
  5
61C
100
AcDbEntity
  8
LAYER_1
  6
ByLayer
 62
    7
370
   -1
100
AcDbCircle
 10
0.000172
 20
0
 40
1.475018
  0
ENDBLK
  5
251
330
24F
100
AcDbEntity
  8
0
100
AcDbBlockEnd
  0
BLOCK
  5
253
330
252
100
AcDbEntity
  8
0
100
AcDbBlockBegin
  2
AI9-BLK173
 70
    0
 10
0
 20
0
  3
AI9-BLK173
  1

  0
INSERT
  5
61D
100
AcDbEntity
  8
LAYER_1
  6
ByLayer
 62
    7
370
   -1
100
AcDbBlockReference
  2
AI9-BLK174
 10
0
 20
0
 30
0
 41
1
 42
1
 43
0
 50
0
 70
    1
 71
    1
 44
0
 45
0
  0
ENDBLK
  5
254
330
252
100
AcDbEntity
  8
0
100
AcDbBlockEnd
  0
BLOCK
  5
256
330
255
100
AcDbEntity
  8
0
100
AcDbBlockBegin
  2
AI9-BLK174
 70
    0
 10
0
 20
0
  3
AI9-BLK174
  1

  0
CIRCLE
  5
61E
100
AcDbEntity
  8
LAYER_1
  6
ByLayer
 62
    7
370
   -1
100
AcDbCircle
 10
-0.000172
 20
0
 40
2.00005
  0
ENDBLK
  5
257
330
255
100
AcDbEntity
  8
0
100
AcDbBlockEnd
  0
BLOCK
  5
259
330
258
100
AcDbEntity
  8
0
100
AcDbBlockBegin
  2
AI9-BLK175
 70
    0
 10
0
 20
0
  3
AI9-BLK175
  1

  0
INSERT
  5
61F
100
AcDbEntity
  8
LAYER_1
  6
ByLayer
 62
    7
370
   -1
100
AcDbBlockReference
  2
AI9-BLK176
 10
0
 20
0
 30
0
 41
1
 42
1
 43
0
 50
0
 70
    1
 71
    1
 44
0
 45
0
  0
ENDBLK
  5
25A
330
258
100
AcDbEntity
  8
0
100
AcDbBlockEnd
  0
BLOCK
  5
25C
330
25B
100
AcDbEntity
  8
0
100
AcDbBlockBegin
  2
AI9-BLK176
 70
    0
 10
0
 20
0
  3
AI9-BLK176
  1

  0
CIRCLE
  5
620
100
AcDbEntity
  8
LAYER_1
  6
ByLayer
 62
    7
370
   -1
100
AcDbCircle
 10
0
 20
0
 40
0.850939
  0
ENDBLK
  5
25D
330
25B
100
AcDbEntity
  8
0
100
AcDbBlockEnd
  0
BLOCK
  5
25F
330
25E
100
AcDbEntity
  8
0
100
AcDbBlockBegin
  2
AI9-BLK177
 70
    0
 10
0
 20
0
  3
AI9-BLK177
  1

  0
INSERT
  5
621
100
AcDbEntity
  8
LAYER_1
  6
ByLayer
 62
    7
370
   -1
100
AcDbBlockReference
  2
AI9-BLK178
 10
0
 20
0
 30
0
 41
1
 42
1
 43
0
 50
0
 70
    1
 71
    1
 44
0
 45
0
  0
ENDBLK
  5
260
330
25E
100
AcDbEntity
  8
0
100
AcDbBlockEnd
  0
BLOCK
  5
262
330
261
100
AcDbEntity
  8
0
100
AcDbBlockBegin
  2
AI9-BLK178
 70
    0
 10
0
 20
0
  3
AI9-BLK178
  1

  0
CIRCLE
  5
622
100
AcDbEntity
  8
LAYER_1
  6
ByLayer
 62
    7
370
   -1
100
AcDbCircle
 10
0
 20
0
 40
0.850939
  0
ENDBLK
  5
263
330
261
100
AcDbEntity
  8
0
100
AcDbBlockEnd
  0
BLOCK
  5
265
330
264
100
AcDbEntity
  8
0
100
AcDbBlockBegin
  2
AI9-BLK179
 70
    0
 10
0
 20
0
  3
AI9-BLK179
  1

  0
INSERT
  5
623
100
AcDbEntity
  8
LAYER_1
  6
ByLayer
 62
    7
370
   -1
100
AcDbBlockReference
  2
AI9-BLK180
 10
0
 20
0
 30
0
 41
1
 42
1
 43
0
 50
0
 70
    1
 71
    1
 44
0
 45
0
  0
ENDBLK
  5
266
330
264
100
AcDbEntity
  8
0
100
AcDbBlockEnd
  0
BLOCK
  5
268
330
267
100
AcDbEntity
  8
0
100
AcDbBlockBegin
  2
AI9-BLK180
 70
    0
 10
0
 20
0
  3
AI9-BLK180
  1

  0
CIRCLE
  5
624
100
AcDbEntity
  8
LAYER_1
  6
ByLayer
 62
    7
370
   -1
100
AcDbCircle
 10
0
 20
0
 40
1.474932
  0
ENDBLK
  5
269
330
267
100
AcDbEntity
  8
0
100
AcDbBlockEnd
  0
BLOCK
  5
26B
330
26A
100
AcDbEntity
  8
0
100
AcDbBlockBegin
  2
AI9-BLK181
 70
    0
 10
0
 20
0
  3
AI9-BLK181
  1

  0
INSERT
  5
625
100
AcDbEntity
  8
LAYER_1
  6
ByLayer
 62
    7
370
   -1
100
AcDbBlockReference
  2
AI9-BLK182
 10
0
 20
0
 30
0
 41
1
 42
1
 43
0
 50
0
 70
    1
 71
    1
 44
0
 45
0
  0
ENDBLK
  5
26C
330
26A
100
AcDbEntity
  8
0
100
AcDbBlockEnd
  0
BLOCK
  5
26E
330
26D
100
AcDbEntity
  8
0
100
AcDbBlockBegin
  2
AI9-BLK182
 70
    0
 10
0
 20
0
  3
AI9-BLK182
  1

  0
CIRCLE
  5
626
100
AcDbEntity
  8
LAYER_1
  6
ByLayer
 62
    7
370
   -1
100
AcDbCircle
 10
0
 20
0
 40
1.475018
  0
ENDBLK
  5
26F
330
26D
100
AcDbEntity
  8
0
100
AcDbBlockEnd
  0
BLOCK
  5
271
330
270
100
AcDbEntity
  8
0
100
AcDbBlockBegin
  2
AI9-BLK183
 70
    0
 10
0
 20
0
  3
AI9-BLK183
  1

  0
INSERT
  5
627
100
AcDbEntity
  8
LAYER_1
  6
ByLayer
 62
    7
370
   -1
100
AcDbBlockReference
  2
AI9-BLK184
 10
0
 20
0
 30
0
 41
1
 42
1
 43
0
 50
0
 70
    1
 71
    1
 44
0
 45
0
  0
ENDBLK
  5
272
330
270
100
AcDbEntity
  8
0
100
AcDbBlockEnd
  0
BLOCK
  5
274
330
273
100
AcDbEntity
  8
0
100
AcDbBlockBegin
  2
AI9-BLK184
 70
    0
 10
0
 20
0
  3
AI9-BLK184
  1

  0
CIRCLE
  5
628
100
AcDbEntity
  8
LAYER_1
  6
ByLayer
 62
    7
370
   -1
100
AcDbCircle
 10
-0.000345
 20
0
 40
2.00005
  0
ENDBLK
  5
275
330
273
100
AcDbEntity
  8
0
100
AcDbBlockEnd
  0
BLOCK
  5
277
330
276
100
AcDbEntity
  8
0
100
AcDbBlockBegin
  2
AI9-BLK185
 70
    0
 10
0
 20
0
  3
AI9-BLK185
  1

  0
INSERT
  5
629
100
AcDbEntity
  8
LAYER_1
  6
ByLayer
 62
    7
370
   -1
100
AcDbBlockReference
  2
AI9-BLK186
 10
0
 20
0
 30
0
 41
1
 42
1
 43
0
 50
0
 70
    1
 71
    1
 44
0
 45
0
  0
ENDBLK
  5
278
330
276
100
AcDbEntity
  8
0
100
AcDbBlockEnd
  0
BLOCK
  5
27A
330
279
100
AcDbEntity
  8
0
100
AcDbBlockBegin
  2
AI9-BLK186
 70
    0
 10
0
 20
0
  3
AI9-BLK186
  1

  0
CIRCLE
  5
62A
100
AcDbEntity
  8
LAYER_1
  6
ByLayer
 62
    7
370
   -1
100
AcDbCircle
 10
0
 20
0
 40
0.850939
  0
ENDBLK
  5
27B
330
279
100
AcDbEntity
  8
0
100
AcDbBlockEnd
  0
BLOCK
  5
27D
330
27C
100
AcDbEntity
  8
0
100
AcDbBlockBegin
  2
AI9-BLK187
 70
    0
 10
0
 20
0
  3
AI9-BLK187
  1

  0
INSERT
  5
62B
100
AcDbEntity
  8
LAYER_1
  6
ByLayer
 62
    7
370
   -1
100
AcDbBlockReference
  2
AI9-BLK188
 10
0
 20
0
 30
0
 41
1
 42
1
 43
0
 50
0
 70
    1
 71
    1
 44
0
 45
0
  0
ENDBLK
  5
27E
330
27C
100
AcDbEntity
  8
0
100
AcDbBlockEnd
  0
BLOCK
  5
280
330
27F
100
AcDbEntity
  8
0
100
AcDbBlockBegin
  2
AI9-BLK188
 70
    0
 10
0
 20
0
  3
AI9-BLK188
  1

  0
CIRCLE
  5
62C
100
AcDbEntity
  8
LAYER_1
  6
ByLayer
 62
    7
370
   -1
100
AcDbCircle
 10
0
 20
0
 40
0.850939
  0
ENDBLK
  5
281
330
27F
100
AcDbEntity
  8
0
100
AcDbBlockEnd
  0
BLOCK
  5
283
330
282
100
AcDbEntity
  8
0
100
AcDbBlockBegin
  2
AI9-BLK189
 70
    0
 10
0
 20
0
  3
AI9-BLK189
  1

  0
INSERT
  5
62D
100
AcDbEntity
  8
LAYER_1
  6
ByLayer
 62
    7
370
   -1
100
AcDbBlockReference
  2
AI9-BLK190
 10
0
 20
0
 30
0
 41
1
 42
1
 43
0
 50
0
 70
    1
 71
    1
 44
0
 45
0
  0
ENDBLK
  5
284
330
282
100
AcDbEntity
  8
0
100
AcDbBlockEnd
  0
BLOCK
  5
286
330
285
100
AcDbEntity
  8
0
100
AcDbBlockBegin
  2
AI9-BLK190
 70
    0
 10
0
 20
0
  3
AI9-BLK190
  1

  0
CIRCLE
  5
62E
100
AcDbEntity
  8
LAYER_1
  6
ByLayer
 62
    7
370
   -1
100
AcDbCircle
 10
0.000172
 20
0
 40
1.474932
  0
ENDBLK
  5
287
330
285
100
AcDbEntity
  8
0
100
AcDbBlockEnd
  0
BLOCK
  5
289
330
288
100
AcDbEntity
  8
0
100
AcDbBlockBegin
  2
AI9-BLK191
 70
    0
 10
0
 20
0
  3
AI9-BLK191
  1

  0
INSERT
  5
62F
100
AcDbEntity
  8
LAYER_1
  6
ByLayer
 62
    7
370
   -1
100
AcDbBlockReference
  2
AI9-BLK192
 10
0
 20
0
 30
0
 41
1
 42
1
 43
0
 50
0
 70
    1
 71
    1
 44
0
 45
0
  0
ENDBLK
  5
28A
330
288
100
AcDbEntity
  8
0
100
AcDbBlockEnd
  0
BLOCK
  5
28C
330
28B
100
AcDbEntity
  8
0
100
AcDbBlockBegin
  2
AI9-BLK192
 70
    0
 10
0
 20
0
  3
AI9-BLK192
  1

  0
CIRCLE
  5
630
100
AcDbEntity
  8
LAYER_1
  6
ByLayer
 62
    7
370
   -1
100
AcDbCircle
 10
0
 20
0
 40
1.475018
  0
ENDBLK
  5
28D
330
28B
100
AcDbEntity
  8
0
100
AcDbBlockEnd
  0
BLOCK
  5
28F
330
28E
100
AcDbEntity
  8
0
100
AcDbBlockBegin
  2
AI9-BLK193
 70
    0
 10
0
 20
0
  3
AI9-BLK193
  1

  0
INSERT
  5
631
100
AcDbEntity
  8
LAYER_1
  6
ByLayer
 62
    7
370
   -1
100
AcDbBlockReference
  2
AI9-BLK194
 10
0
 20
0
 30
0
 41
1
 42
1
 43
0
 50
0
 70
    1
 71
    1
 44
0
 45
0
  0
ENDBLK
  5
290
330
28E
100
AcDbEntity
  8
0
100
AcDbBlockEnd
  0
BLOCK
  5
292
330
291
100
AcDbEntity
  8
0
100
AcDbBlockBegin
  2
AI9-BLK194
 70
    0
 10
0
 20
0
  3
AI9-BLK194
  1

  0
CIRCLE
  5
632
100
AcDbEntity
  8
LAYER_1
  6
ByLayer
 62
    7
370
   -1
100
AcDbCircle
 10
0
 20
0
 40
2.00005
  0
ENDBLK
  5
293
330
291
100
AcDbEntity
  8
0
100
AcDbBlockEnd
  0
BLOCK
  5
295
330
294
100
AcDbEntity
  8
0
100
AcDbBlockBegin
  2
AI9-BLK195
 70
    0
 10
0
 20
0
  3
AI9-BLK195
  1

  0
INSERT
  5
633
100
AcDbEntity
  8
LAYER_1
  6
ByLayer
 62
    7
370
   -1
100
AcDbBlockReference
  2
AI9-BLK196
 10
0
 20
0
 30
0
 41
1
 42
1
 43
0
 50
0
 70
    1
 71
    1
 44
0
 45
0
  0
ENDBLK
  5
296
330
294
100
AcDbEntity
  8
0
100
AcDbBlockEnd
  0
BLOCK
  5
298
330
297
100
AcDbEntity
  8
0
100
AcDbBlockBegin
  2
AI9-BLK196
 70
    0
 10
0
 20
0
  3
AI9-BLK196
  1

  0
CIRCLE
  5
634
100
AcDbEntity
  8
LAYER_1
  6
ByLayer
 62
    7
370
   -1
100
AcDbCircle
 10
0
 20
0
 40
0.850939
  0
ENDBLK
  5
299
330
297
100
AcDbEntity
  8
0
100
AcDbBlockEnd
  0
BLOCK
  5
29B
330
29A
100
AcDbEntity
  8
0
100
AcDbBlockBegin
  2
AI9-BLK197
 70
    0
 10
0
 20
0
  3
AI9-BLK197
  1

  0
INSERT
  5
635
100
AcDbEntity
  8
LAYER_1
  6
ByLayer
 62
    7
370
   -1
100
AcDbBlockReference
  2
AI9-BLK198
 10
0
 20
0
 30
0
 41
1
 42
1
 43
0
 50
0
 70
    1
 71
    1
 44
0
 45
0
  0
ENDBLK
  5
29C
330
29A
100
AcDbEntity
  8
0
100
AcDbBlockEnd
  0
BLOCK
  5
29E
330
29D
100
AcDbEntity
  8
0
100
AcDbBlockBegin
  2
AI9-BLK198
 70
    0
 10
0
 20
0
  3
AI9-BLK198
  1

  0
CIRCLE
  5
636
100
AcDbEntity
  8
LAYER_1
  6
ByLayer
 62
    7
370
   -1
100
AcDbCircle
 10
-0.000172
 20
0
 40
0.850939
  0
ENDBLK
  5
29F
330
29D
100
AcDbEntity
  8
0
100
AcDbBlockEnd
  0
BLOCK
  5
2A1
330
2A0
100
AcDbEntity
  8
0
100
AcDbBlockBegin
  2
AI9-BLK199
 70
    0
 10
0
 20
0
  3
AI9-BLK199
  1

  0
INSERT
  5
637
100
AcDbEntity
  8
LAYER_1
  6
ByLayer
 62
    7
370
   -1
100
AcDbBlockReference
  2
AI9-BLK200
 10
0
 20
0
 30
0
 41
1
 42
1
 43
0
 50
0
 70
    1
 71
    1
 44
0
 45
0
  0
ENDBLK
  5
2A2
330
2A0
100
AcDbEntity
  8
0
100
AcDbBlockEnd
  0
BLOCK
  5
2A4
330
2A3
100
AcDbEntity
  8
0
100
AcDbBlockBegin
  2
AI9-BLK200
 70
    0
 10
0
 20
0
  3
AI9-BLK200
  1

  0
CIRCLE
  5
638
100
AcDbEntity
  8
LAYER_1
  6
ByLayer
 62
    7
370
   -1
100
AcDbCircle
 10
0.000172
 20
0
 40
1.474932
  0
ENDBLK
  5
2A5
330
2A3
100
AcDbEntity
  8
0
100
AcDbBlockEnd
  0
BLOCK
  5
2A7
330
2A6
100
AcDbEntity
  8
0
100
AcDbBlockBegin
  2
AI9-BLK201
 70
    0
 10
0
 20
0
  3
AI9-BLK201
  1

  0
INSERT
  5
639
100
AcDbEntity
  8
LAYER_1
  6
ByLayer
 62
    7
370
   -1
100
AcDbBlockReference
  2
AI9-BLK202
 10
0
 20
0
 30
0
 41
1
 42
1
 43
0
 50
0
 70
    1
 71
    1
 44
0
 45
0
  0
ENDBLK
  5
2A8
330
2A6
100
AcDbEntity
  8
0
100
AcDbBlockEnd
  0
BLOCK
  5
2AA
330
2A9
100
AcDbEntity
  8
0
100
AcDbBlockBegin
  2
AI9-BLK202
 70
    0
 10
0
 20
0
  3
AI9-BLK202
  1

  0
CIRCLE
  5
63A
100
AcDbEntity
  8
LAYER_1
  6
ByLayer
 62
    7
370
   -1
100
AcDbCircle
 10
-0.000172
 20
0
 40
1.475018
  0
ENDBLK
  5
2AB
330
2A9
100
AcDbEntity
  8
0
100
AcDbBlockEnd
  0
BLOCK
  5
2AD
330
2AC
100
AcDbEntity
  8
0
100
AcDbBlockBegin
  2
AI9-BLK203
 70
    0
 10
0
 20
0
  3
AI9-BLK203
  1

  0
INSERT
  5
63B
100
AcDbEntity
  8
LAYER_1
  6
ByLayer
 62
    7
370
   -1
100
AcDbBlockReference
  2
AI9-BLK204
 10
0
 20
0
 30
0
 41
1
 42
1
 43
0
 50
0
 70
    1
 71
    1
 44
0
 45
0
  0
ENDBLK
  5
2AE
330
2AC
100
AcDbEntity
  8
0
100
AcDbBlockEnd
  0
BLOCK
  5
2B0
330
2AF
100
AcDbEntity
  8
0
100
AcDbBlockBegin
  2
AI9-BLK204
 70
    0
 10
0
 20
0
  3
AI9-BLK204
  1

  0
CIRCLE
  5
63C
100
AcDbEntity
  8
LAYER_1
  6
ByLayer
 62
    7
370
   -1
100
AcDbCircle
 10
0
 20
0
 40
2.00005
  0
ENDBLK
  5
2B1
330
2AF
100
AcDbEntity
  8
0
100
AcDbBlockEnd
  0
BLOCK
  5
2B3
330
2B2
100
AcDbEntity
  8
0
100
AcDbBlockBegin
  2
AI9-BLK205
 70
    0
 10
0
 20
0
  3
AI9-BLK205
  1

  0
INSERT
  5
63D
100
AcDbEntity
  8
LAYER_1
  6
ByLayer
 62
    7
370
   -1
100
AcDbBlockReference
  2
AI9-BLK206
 10
0
 20
0
 30
0
 41
1
 42
1
 43
0
 50
0
 70
    1
 71
    1
 44
0
 45
0
  0
ENDBLK
  5
2B4
330
2B2
100
AcDbEntity
  8
0
100
AcDbBlockEnd
  0
BLOCK
  5
2B6
330
2B5
100
AcDbEntity
  8
0
100
AcDbBlockBegin
  2
AI9-BLK206
 70
    0
 10
0
 20
0
  3
AI9-BLK206
  1

  0
CIRCLE
  5
63E
100
AcDbEntity
  8
LAYER_1
  6
ByLayer
 62
    7
370
   -1
100
AcDbCircle
 10
0
 20
0
 40
0.850939
  0
ENDBLK
  5
2B7
330
2B5
100
AcDbEntity
  8
0
100
AcDbBlockEnd
  0
BLOCK
  5
2B9
330
2B8
100
AcDbEntity
  8
0
100
AcDbBlockBegin
  2
AI9-BLK207
 70
    0
 10
0
 20
0
  3
AI9-BLK207
  1

  0
INSERT
  5
63F
100
AcDbEntity
  8
LAYER_1
  6
ByLayer
 62
    7
370
   -1
100
AcDbBlockReference
  2
AI9-BLK208
 10
0
 20
0
 30
0
 41
1
 42
1
 43
0
 50
0
 70
    1
 71
    1
 44
0
 45
0
  0
ENDBLK
  5
2BA
330
2B8
100
AcDbEntity
  8
0
100
AcDbBlockEnd
  0
BLOCK
  5
2BC
330
2BB
100
AcDbEntity
  8
0
100
AcDbBlockBegin
  2
AI9-BLK208
 70
    0
 10
0
 20
0
  3
AI9-BLK208
  1

  0
CIRCLE
  5
640
100
AcDbEntity
  8
LAYER_1
  6
ByLayer
 62
    7
370
   -1
100
AcDbCircle
 10
0
 20
0
 40
0.850939
  0
ENDBLK
  5
2BD
330
2BB
100
AcDbEntity
  8
0
100
AcDbBlockEnd
  0
BLOCK
  5
2BF
330
2BE
100
AcDbEntity
  8
0
100
AcDbBlockBegin
  2
AI9-BLK209
 70
    0
 10
0
 20
0
  3
AI9-BLK209
  1

  0
INSERT
  5
641
100
AcDbEntity
  8
LAYER_1
  6
ByLayer
 62
    7
370
   -1
100
AcDbBlockReference
  2
AI9-BLK210
 10
0
 20
0
 30
0
 41
1
 42
1
 43
0
 50
0
 70
    1
 71
    1
 44
0
 45
0
  0
ENDBLK
  5
2C0
330
2BE
100
AcDbEntity
  8
0
100
AcDbBlockEnd
  0
BLOCK
  5
2C2
330
2C1
100
AcDbEntity
  8
0
100
AcDbBlockBegin
  2
AI9-BLK210
 70
    0
 10
0
 20
0
  3
AI9-BLK210
  1

  0
CIRCLE
  5
642
100
AcDbEntity
  8
LAYER_1
  6
ByLayer
 62
    7
370
   -1
100
AcDbCircle
 10
0
 20
0
 40
1.474932
  0
ENDBLK
  5
2C3
330
2C1
100
AcDbEntity
  8
0
100
AcDbBlockEnd
  0
BLOCK
  5
2C5
330
2C4
100
AcDbEntity
  8
0
100
AcDbBlockBegin
  2
AI9-BLK211
 70
    0
 10
0
 20
0
  3
AI9-BLK211
  1

  0
INSERT
  5
643
100
AcDbEntity
  8
LAYER_1
  6
ByLayer
 62
    7
370
   -1
100
AcDbBlockReference
  2
AI9-BLK212
 10
0
 20
0
 30
0
 41
1
 42
1
 43
0
 50
0
 70
    1
 71
    1
 44
0
 45
0
  0
ENDBLK
  5
2C6
330
2C4
100
AcDbEntity
  8
0
100
AcDbBlockEnd
  0
BLOCK
  5
2C8
330
2C7
100
AcDbEntity
  8
0
100
AcDbBlockBegin
  2
AI9-BLK212
 70
    0
 10
0
 20
0
  3
AI9-BLK212
  1

  0
CIRCLE
  5
644
100
AcDbEntity
  8
LAYER_1
  6
ByLayer
 62
    7
370
   -1
100
AcDbCircle
 10
-0.000172
 20
0
 40
1.475018
  0
ENDBLK
  5
2C9
330
2C7
100
AcDbEntity
  8
0
100
AcDbBlockEnd
  0
BLOCK
  5
2CB
330
2CA
100
AcDbEntity
  8
0
100
AcDbBlockBegin
  2
AI9-BLK213
 70
    0
 10
0
 20
0
  3
AI9-BLK213
  1

  0
INSERT
  5
645
100
AcDbEntity
  8
LAYER_1
  6
ByLayer
 62
    7
370
   -1
100
AcDbBlockReference
  2
AI9-BLK214
 10
0
 20
0
 30
0
 41
1
 42
1
 43
0
 50
0
 70
    1
 71
    1
 44
0
 45
0
  0
ENDBLK
  5
2CC
330
2CA
100
AcDbEntity
  8
0
100
AcDbBlockEnd
  0
BLOCK
  5
2CE
330
2CD
100
AcDbEntity
  8
0
100
AcDbBlockBegin
  2
AI9-BLK214
 70
    0
 10
0
 20
0
  3
AI9-BLK214
  1

  0
CIRCLE
  5
646
100
AcDbEntity
  8
LAYER_1
  6
ByLayer
 62
    7
370
   -1
100
AcDbCircle
 10
0.000172
 20
0
 40
2.00005
  0
ENDBLK
  5
2CF
330
2CD
100
AcDbEntity
  8
0
100
AcDbBlockEnd
  0
BLOCK
  5
2D1
330
2D0
100
AcDbEntity
  8
0
100
AcDbBlockBegin
  2
AI9-BLK215
 70
    0
 10
0
 20
0
  3
AI9-BLK215
  1

  0
INSERT
  5
647
100
AcDbEntity
  8
LAYER_1
  6
ByLayer
 62
    7
370
   -1
100
AcDbBlockReference
  2
AI9-BLK216
 10
0
 20
0
 30
0
 41
1
 42
1
 43
0
 50
0
 70
    1
 71
    1
 44
0
 45
0
  0
ENDBLK
  5
2D2
330
2D0
100
AcDbEntity
  8
0
100
AcDbBlockEnd
  0
BLOCK
  5
2D4
330
2D3
100
AcDbEntity
  8
0
100
AcDbBlockBegin
  2
AI9-BLK216
 70
    0
 10
0
 20
0
  3
AI9-BLK216
  1

  0
CIRCLE
  5
648
100
AcDbEntity
  8
LAYER_1
  6
ByLayer
 62
    7
370
   -1
100
AcDbCircle
 10
0
 20
0
 40
0.850939
  0
ENDBLK
  5
2D5
330
2D3
100
AcDbEntity
  8
0
100
AcDbBlockEnd
  0
BLOCK
  5
2D7
330
2D6
100
AcDbEntity
  8
0
100
AcDbBlockBegin
  2
AI9-BLK217
 70
    0
 10
0
 20
0
  3
AI9-BLK217
  1

  0
INSERT
  5
649
100
AcDbEntity
  8
LAYER_1
  6
ByLayer
 62
    7
370
   -1
100
AcDbBlockReference
  2
AI9-BLK218
 10
0
 20
0
 30
0
 41
1
 42
1
 43
0
 50
0
 70
    1
 71
    1
 44
0
 45
0
  0
ENDBLK
  5
2D8
330
2D6
100
AcDbEntity
  8
0
100
AcDbBlockEnd
  0
BLOCK
  5
2DA
330
2D9
100
AcDbEntity
  8
0
100
AcDbBlockBegin
  2
AI9-BLK218
 70
    0
 10
0
 20
0
  3
AI9-BLK218
  1

  0
CIRCLE
  5
64A
100
AcDbEntity
  8
LAYER_1
  6
ByLayer
 62
    7
370
   -1
100
AcDbCircle
 10
0.000172
 20
0
 40
0.850939
  0
ENDBLK
  5
2DB
330
2D9
100
AcDbEntity
  8
0
100
AcDbBlockEnd
  0
BLOCK
  5
2DD
330
2DC
100
AcDbEntity
  8
0
100
AcDbBlockBegin
  2
AI9-BLK219
 70
    0
 10
0
 20
0
  3
AI9-BLK219
  1

  0
INSERT
  5
64B
100
AcDbEntity
  8
LAYER_1
  6
ByLayer
 62
    7
370
   -1
100
AcDbBlockReference
  2
AI9-BLK220
 10
0
 20
0
 30
0
 41
1
 42
1
 43
0
 50
0
 70
    1
 71
    1
 44
0
 45
0
  0
ENDBLK
  5
2DE
330
2DC
100
AcDbEntity
  8
0
100
AcDbBlockEnd
  0
BLOCK
  5
2E0
330
2DF
100
AcDbEntity
  8
0
100
AcDbBlockBegin
  2
AI9-BLK220
 70
    0
 10
0
 20
0
  3
AI9-BLK220
  1

  0
CIRCLE
  5
64C
100
AcDbEntity
  8
LAYER_1
  6
ByLayer
 62
    7
370
   -1
100
AcDbCircle
 10
0
 20
0
 40
1.474932
  0
ENDBLK
  5
2E1
330
2DF
100
AcDbEntity
  8
0
100
AcDbBlockEnd
  0
BLOCK
  5
2E3
330
2E2
100
AcDbEntity
  8
0
100
AcDbBlockBegin
  2
AI9-BLK221
 70
    0
 10
0
 20
0
  3
AI9-BLK221
  1

  0
INSERT
  5
64D
100
AcDbEntity
  8
LAYER_1
  6
ByLayer
 62
    7
370
   -1
100
AcDbBlockReference
  2
AI9-BLK222
 10
0
 20
0
 30
0
 41
1
 42
1
 43
0
 50
0
 70
    1
 71
    1
 44
0
 45
0
  0
ENDBLK
  5
2E4
330
2E2
100
AcDbEntity
  8
0
100
AcDbBlockEnd
  0
BLOCK
  5
2E6
330
2E5
100
AcDbEntity
  8
0
100
AcDbBlockBegin
  2
AI9-BLK222
 70
    0
 10
0
 20
0
  3
AI9-BLK222
  1

  0
CIRCLE
  5
64E
100
AcDbEntity
  8
LAYER_1
  6
ByLayer
 62
    7
370
   -1
100
AcDbCircle
 10
0
 20
0
 40
1.475018
  0
ENDBLK
  5
2E7
330
2E5
100
AcDbEntity
  8
0
100
AcDbBlockEnd
  0
BLOCK
  5
2E9
330
2E8
100
AcDbEntity
  8
0
100
AcDbBlockBegin
  2
AI9-BLK223
 70
    0
 10
0
 20
0
  3
AI9-BLK223
  1

  0
INSERT
  5
64F
100
AcDbEntity
  8
LAYER_1
  6
ByLayer
 62
    7
370
   -1
100
AcDbBlockReference
  2
AI9-BLK224
 10
0
 20
0
 30
0
 41
1
 42
1
 43
0
 50
0
 70
    1
 71
    1
 44
0
 45
0
  0
ENDBLK
  5
2EA
330
2E8
100
AcDbEntity
  8
0
100
AcDbBlockEnd
  0
BLOCK
  5
2EC
330
2EB
100
AcDbEntity
  8
0
100
AcDbBlockBegin
  2
AI9-BLK224
 70
    0
 10
0
 20
0
  3
AI9-BLK224
  1

  0
CIRCLE
  5
650
100
AcDbEntity
  8
LAYER_1
  6
ByLayer
 62
    7
370
   -1
100
AcDbCircle
 10
0.000172
 20
0
 40
2.00005
  0
ENDBLK
  5
2ED
330
2EB
100
AcDbEntity
  8
0
100
AcDbBlockEnd
  0
BLOCK
  5
2EF
330
2EE
100
AcDbEntity
  8
0
100
AcDbBlockBegin
  2
AI9-BLK225
 70
    0
 10
0
 20
0
  3
AI9-BLK225
  1

  0
INSERT
  5
651
100
AcDbEntity
  8
LAYER_1
  6
ByLayer
 62
    7
370
   -1
100
AcDbBlockReference
  2
AI9-BLK226
 10
0
 20
0
 30
0
 41
1
 42
1
 43
0
 50
0
 70
    1
 71
    1
 44
0
 45
0
  0
ENDBLK
  5
2F0
330
2EE
100
AcDbEntity
  8
0
100
AcDbBlockEnd
  0
BLOCK
  5
2F2
330
2F1
100
AcDbEntity
  8
0
100
AcDbBlockBegin
  2
AI9-BLK226
 70
    0
 10
0
 20
0
  3
AI9-BLK226
  1

  0
CIRCLE
  5
652
100
AcDbEntity
  8
LAYER_1
  6
ByLayer
 62
    7
370
   -1
100
AcDbCircle
 10
0
 20
0
 40
0.850939
  0
ENDBLK
  5
2F3
330
2F1
100
AcDbEntity
  8
0
100
AcDbBlockEnd
  0
BLOCK
  5
2F5
330
2F4
100
AcDbEntity
  8
0
100
AcDbBlockBegin
  2
AI9-BLK227
 70
    0
 10
0
 20
0
  3
AI9-BLK227
  1

  0
INSERT
  5
653
100
AcDbEntity
  8
LAYER_1
  6
ByLayer
 62
    7
370
   -1
100
AcDbBlockReference
  2
AI9-BLK228
 10
0
 20
0
 30
0
 41
1
 42
1
 43
0
 50
0
 70
    1
 71
    1
 44
0
 45
0
  0
ENDBLK
  5
2F6
330
2F4
100
AcDbEntity
  8
0
100
AcDbBlockEnd
  0
BLOCK
  5
2F8
330
2F7
100
AcDbEntity
  8
0
100
AcDbBlockBegin
  2
AI9-BLK228
 70
    0
 10
0
 20
0
  3
AI9-BLK228
  1

  0
CIRCLE
  5
654
100
AcDbEntity
  8
LAYER_1
  6
ByLayer
 62
    7
370
   -1
100
AcDbCircle
 10
0
 20
0
 40
0.850939
  0
ENDBLK
  5
2F9
330
2F7
100
AcDbEntity
  8
0
100
AcDbBlockEnd
  0
BLOCK
  5
2FB
330
2FA
100
AcDbEntity
  8
0
100
AcDbBlockBegin
  2
AI9-BLK229
 70
    0
 10
0
 20
0
  3
AI9-BLK229
  1

  0
INSERT
  5
655
100
AcDbEntity
  8
LAYER_1
  6
ByLayer
 62
    7
370
   -1
100
AcDbBlockReference
  2
AI9-BLK230
 10
0
 20
0
 30
0
 41
1
 42
1
 43
0
 50
0
 70
    1
 71
    1
 44
0
 45
0
  0
ENDBLK
  5
2FC
330
2FA
100
AcDbEntity
  8
0
100
AcDbBlockEnd
  0
BLOCK
  5
2FE
330
2FD
100
AcDbEntity
  8
0
100
AcDbBlockBegin
  2
AI9-BLK230
 70
    0
 10
0
 20
0
  3
AI9-BLK230
  1

  0
CIRCLE
  5
656
100
AcDbEntity
  8
LAYER_1
  6
ByLayer
 62
    7
370
   -1
100
AcDbCircle
 10
0.000172
 20
0
 40
1.475018
  0
ENDBLK
  5
2FF
330
2FD
100
AcDbEntity
  8
0
100
AcDbBlockEnd
  0
BLOCK
  5
301
330
300
100
AcDbEntity
  8
0
100
AcDbBlockBegin
  2
AI9-BLK231
 70
    0
 10
0
 20
0
  3
AI9-BLK231
  1

  0
INSERT
  5
657
100
AcDbEntity
  8
LAYER_1
  6
ByLayer
 62
    7
370
   -1
100
AcDbBlockReference
  2
AI9-BLK232
 10
0
 20
0
 30
0
 41
1
 42
1
 43
0
 50
0
 70
    1
 71
    1
 44
0
 45
0
  0
ENDBLK
  5
302
330
300
100
AcDbEntity
  8
0
100
AcDbBlockEnd
  0
BLOCK
  5
304
330
303
100
AcDbEntity
  8
0
100
AcDbBlockBegin
  2
AI9-BLK232
 70
    0
 10
0
 20
0
  3
AI9-BLK232
  1

  0
CIRCLE
  5
658
100
AcDbEntity
  8
LAYER_1
  6
ByLayer
 62
    7
370
   -1
100
AcDbCircle
 10
-0.000172
 20
0
 40
1.475018
  0
ENDBLK
  5
305
330
303
100
AcDbEntity
  8
0
100
AcDbBlockEnd
  0
BLOCK
  5
307
330
306
100
AcDbEntity
  8
0
100
AcDbBlockBegin
  2
AI9-BLK233
 70
    0
 10
0
 20
0
  3
AI9-BLK233
  1

  0
INSERT
  5
659
100
AcDbEntity
  8
LAYER_1
  6
ByLayer
 62
    7
370
   -1
100
AcDbBlockReference
  2
AI9-BLK234
 10
0
 20
0
 30
0
 41
1
 42
1
 43
0
 50
0
 70
    1
 71
    1
 44
0
 45
0
  0
ENDBLK
  5
308
330
306
100
AcDbEntity
  8
0
100
AcDbBlockEnd
  0
BLOCK
  5
30A
330
309
100
AcDbEntity
  8
0
100
AcDbBlockBegin
  2
AI9-BLK234
 70
    0
 10
0
 20
0
  3
AI9-BLK234
  1

  0
CIRCLE
  5
65A
100
AcDbEntity
  8
LAYER_1
  6
ByLayer
 62
    7
370
   -1
100
AcDbCircle
 10
0.000345
 20
0
 40
1.999878
  0
ENDBLK
  5
30B
330
309
100
AcDbEntity
  8
0
100
AcDbBlockEnd
  0
BLOCK
  5
30D
330
30C
100
AcDbEntity
  8
0
100
AcDbBlockBegin
  2
AI9-BLK235
 70
    0
 10
0
 20
0
  3
AI9-BLK235
  1

  0
INSERT
  5
65B
100
AcDbEntity
  8
LAYER_1
  6
ByLayer
 62
    7
370
   -1
100
AcDbBlockReference
  2
AI9-BLK236
 10
0
 20
0
 30
0
 41
1
 42
1
 43
0
 50
0
 70
    1
 71
    1
 44
0
 45
0
  0
ENDBLK
  5
30E
330
30C
100
AcDbEntity
  8
0
100
AcDbBlockEnd
  0
BLOCK
  5
310
330
30F
100
AcDbEntity
  8
0
100
AcDbBlockBegin
  2
AI9-BLK236
 70
    0
 10
0
 20
0
  3
AI9-BLK236
  1

  0
CIRCLE
  5
65C
100
AcDbEntity
  8
LAYER_1
  6
ByLayer
 62
    7
370
   -1
100
AcDbCircle
 10
0
 20
0
 40
0.850939
  0
ENDBLK
  5
311
330
30F
100
AcDbEntity
  8
0
100
AcDbBlockEnd
  0
BLOCK
  5
313
330
312
100
AcDbEntity
  8
0
100
AcDbBlockBegin
  2
AI9-BLK237
 70
    0
 10
0
 20
0
  3
AI9-BLK237
  1

  0
INSERT
  5
65D
100
AcDbEntity
  8
LAYER_1
  6
ByLayer
 62
    7
370
   -1
100
AcDbBlockReference
  2
AI9-BLK238
 10
0
 20
0
 30
0
 41
1
 42
1
 43
0
 50
0
 70
    1
 71
    1
 44
0
 45
0
  0
ENDBLK
  5
314
330
312
100
AcDbEntity
  8
0
100
AcDbBlockEnd
  0
BLOCK
  5
316
330
315
100
AcDbEntity
  8
0
100
AcDbBlockBegin
  2
AI9-BLK238
 70
    0
 10
0
 20
0
  3
AI9-BLK238
  1

  0
CIRCLE
  5
65E
100
AcDbEntity
  8
LAYER_1
  6
ByLayer
 62
    7
370
   -1
100
AcDbCircle
 10
0
 20
0
 40
0.850939
  0
ENDBLK
  5
317
330
315
100
AcDbEntity
  8
0
100
AcDbBlockEnd
  0
BLOCK
  5
319
330
318
100
AcDbEntity
  8
0
100
AcDbBlockBegin
  2
AI9-BLK239
 70
    0
 10
0
 20
0
  3
AI9-BLK239
  1

  0
INSERT
  5
65F
100
AcDbEntity
  8
LAYER_1
  6
ByLayer
 62
    7
370
   -1
100
AcDbBlockReference
  2
AI9-BLK240
 10
0
 20
0
 30
0
 41
1
 42
1
 43
0
 50
0
 70
    1
 71
    1
 44
0
 45
0
  0
ENDBLK
  5
31A
330
318
100
AcDbEntity
  8
0
100
AcDbBlockEnd
  0
BLOCK
  5
31C
330
31B
100
AcDbEntity
  8
0
100
AcDbBlockBegin
  2
AI9-BLK240
 70
    0
 10
0
 20
0
  3
AI9-BLK240
  1

  0
CIRCLE
  5
660
100
AcDbEntity
  8
LAYER_1
  6
ByLayer
 62
    7
370
   -1
100
AcDbCircle
 10
0
 20
0
 40
1.475018
  0
ENDBLK
  5
31D
330
31B
100
AcDbEntity
  8
0
100
AcDbBlockEnd
  0
BLOCK
  5
31F
330
31E
100
AcDbEntity
  8
0
100
AcDbBlockBegin
  2
AI9-BLK241
 70
    0
 10
0
 20
0
  3
AI9-BLK241
  1

  0
INSERT
  5
661
100
AcDbEntity
  8
LAYER_1
  6
ByLayer
 62
    7
370
   -1
100
AcDbBlockReference
  2
AI9-BLK242
 10
0
 20
0
 30
0
 41
1
 42
1
 43
0
 50
0
 70
    1
 71
    1
 44
0
 45
0
  0
ENDBLK
  5
320
330
31E
100
AcDbEntity
  8
0
100
AcDbBlockEnd
  0
BLOCK
  5
322
330
321
100
AcDbEntity
  8
0
100
AcDbBlockBegin
  2
AI9-BLK242
 70
    0
 10
0
 20
0
  3
AI9-BLK242
  1

  0
CIRCLE
  5
662
100
AcDbEntity
  8
LAYER_1
  6
ByLayer
 62
    7
370
   -1
100
AcDbCircle
 10
-0.000345
 20
0
 40
1.475018
  0
ENDBLK
  5
323
330
321
100
AcDbEntity
  8
0
100
AcDbBlockEnd
  0
BLOCK
  5
325
330
324
100
AcDbEntity
  8
0
100
AcDbBlockBegin
  2
AI9-BLK243
 70
    0
 10
0
 20
0
  3
AI9-BLK243
  1

  0
INSERT
  5
663
100
AcDbEntity
  8
LAYER_1
  6
ByLayer
 62
    7
370
   -1
100
AcDbBlockReference
  2
AI9-BLK244
 10
0
 20
0
 30
0
 41
1
 42
1
 43
0
 50
0
 70
    1
 71
    1
 44
0
 45
0
  0
ENDBLK
  5
326
330
324
100
AcDbEntity
  8
0
100
AcDbBlockEnd
  0
BLOCK
  5
328
330
327
100
AcDbEntity
  8
0
100
AcDbBlockBegin
  2
AI9-BLK244
 70
    0
 10
0
 20
0
  3
AI9-BLK244
  1

  0
CIRCLE
  5
664
100
AcDbEntity
  8
LAYER_1
  6
ByLayer
 62
    7
370
   -1
100
AcDbCircle
 10
0.000172
 20
0
 40
1.999878
  0
ENDBLK
  5
329
330
327
100
AcDbEntity
  8
0
100
AcDbBlockEnd
  0
BLOCK
  5
32B
330
32A
100
AcDbEntity
  8
0
100
AcDbBlockBegin
  2
AI9-BLK245
 70
    0
 10
0
 20
0
  3
AI9-BLK245
  1

  0
INSERT
  5
665
100
AcDbEntity
  8
LAYER_1
  6
ByLayer
 62
    7
370
   -1
100
AcDbBlockReference
  2
AI9-BLK246
 10
0
 20
0
 30
0
 41
1
 42
1
 43
0
 50
0
 70
    1
 71
    1
 44
0
 45
0
  0
ENDBLK
  5
32C
330
32A
100
AcDbEntity
  8
0
100
AcDbBlockEnd
  0
BLOCK
  5
32E
330
32D
100
AcDbEntity
  8
0
100
AcDbBlockBegin
  2
AI9-BLK246
 70
    0
 10
0
 20
0
  3
AI9-BLK246
  1

  0
CIRCLE
  5
666
100
AcDbEntity
  8
LAYER_1
  6
ByLayer
 62
    7
370
   -1
100
AcDbCircle
 10
0
 20
0
 40
0.850939
  0
ENDBLK
  5
32F
330
32D
100
AcDbEntity
  8
0
100
AcDbBlockEnd
  0
BLOCK
  5
331
330
330
100
AcDbEntity
  8
0
100
AcDbBlockBegin
  2
AI9-BLK247
 70
    0
 10
0
 20
0
  3
AI9-BLK247
  1

  0
INSERT
  5
667
100
AcDbEntity
  8
LAYER_1
  6
ByLayer
 62
    7
370
   -1
100
AcDbBlockReference
  2
AI9-BLK248
 10
0
 20
0
 30
0
 41
1
 42
1
 43
0
 50
0
 70
    1
 71
    1
 44
0
 45
0
  0
ENDBLK
  5
332
330
330
100
AcDbEntity
  8
0
100
AcDbBlockEnd
  0
BLOCK
  5
334
330
333
100
AcDbEntity
  8
0
100
AcDbBlockBegin
  2
AI9-BLK248
 70
    0
 10
0
 20
0
  3
AI9-BLK248
  1

  0
CIRCLE
  5
668
100
AcDbEntity
  8
LAYER_1
  6
ByLayer
 62
    7
370
   -1
100
AcDbCircle
 10
0
 20
0
 40
0.850939
  0
ENDBLK
  5
335
330
333
100
AcDbEntity
  8
0
100
AcDbBlockEnd
  0
BLOCK
  5
337
330
336
100
AcDbEntity
  8
0
100
AcDbBlockBegin
  2
AI9-BLK249
 70
    0
 10
0
 20
0
  3
AI9-BLK249
  1

  0
INSERT
  5
669
100
AcDbEntity
  8
LAYER_1
  6
ByLayer
 62
    7
370
   -1
100
AcDbBlockReference
  2
AI9-BLK250
 10
0
 20
0
 30
0
 41
1
 42
1
 43
0
 50
0
 70
    1
 71
    1
 44
0
 45
0
  0
ENDBLK
  5
338
330
336
100
AcDbEntity
  8
0
100
AcDbBlockEnd
  0
BLOCK
  5
33A
330
339
100
AcDbEntity
  8
0
100
AcDbBlockBegin
  2
AI9-BLK250
 70
    0
 10
0
 20
0
  3
AI9-BLK250
  1

  0
CIRCLE
  5
66A
100
AcDbEntity
  8
LAYER_1
  6
ByLayer
 62
    7
370
   -1
100
AcDbCircle
 10
-0.000172
 20
0
 40
1.475018
  0
ENDBLK
  5
33B
330
339
100
AcDbEntity
  8
0
100
AcDbBlockEnd
  0
BLOCK
  5
33D
330
33C
100
AcDbEntity
  8
0
100
AcDbBlockBegin
  2
AI9-BLK251
 70
    0
 10
0
 20
0
  3
AI9-BLK251
  1

  0
INSERT
  5
66B
100
AcDbEntity
  8
LAYER_1
  6
ByLayer
 62
    7
370
   -1
100
AcDbBlockReference
  2
AI9-BLK252
 10
0
 20
0
 30
0
 41
1
 42
1
 43
0
 50
0
 70
    1
 71
    1
 44
0
 45
0
  0
ENDBLK
  5
33E
330
33C
100
AcDbEntity
  8
0
100
AcDbBlockEnd
  0
BLOCK
  5
340
330
33F
100
AcDbEntity
  8
0
100
AcDbBlockBegin
  2
AI9-BLK252
 70
    0
 10
0
 20
0
  3
AI9-BLK252
  1

  0
CIRCLE
  5
66C
100
AcDbEntity
  8
LAYER_1
  6
ByLayer
 62
    7
370
   -1
100
AcDbCircle
 10
0
 20
0
 40
1.475018
  0
ENDBLK
  5
341
330
33F
100
AcDbEntity
  8
0
100
AcDbBlockEnd
  0
BLOCK
  5
343
330
342
100
AcDbEntity
  8
0
100
AcDbBlockBegin
  2
AI9-BLK253
 70
    0
 10
0
 20
0
  3
AI9-BLK253
  1

  0
INSERT
  5
66D
100
AcDbEntity
  8
LAYER_1
  6
ByLayer
 62
    7
370
   -1
100
AcDbBlockReference
  2
AI9-BLK254
 10
0
 20
0
 30
0
 41
1
 42
1
 43
0
 50
0
 70
    1
 71
    1
 44
0
 45
0
  0
ENDBLK
  5
344
330
342
100
AcDbEntity
  8
0
100
AcDbBlockEnd
  0
BLOCK
  5
346
330
345
100
AcDbEntity
  8
0
100
AcDbBlockBegin
  2
AI9-BLK254
 70
    0
 10
0
 20
0
  3
AI9-BLK254
  1

  0
CIRCLE
  5
66E
100
AcDbEntity
  8
LAYER_1
  6
ByLayer
 62
    7
370
   -1
100
AcDbCircle
 10
0.000172
 20
0
 40
1.999878
  0
ENDBLK
  5
347
330
345
100
AcDbEntity
  8
0
100
AcDbBlockEnd
  0
BLOCK
  5
349
330
348
100
AcDbEntity
  8
0
100
AcDbBlockBegin
  2
AI9-BLK255
 70
    0
 10
0
 20
0
  3
AI9-BLK255
  1

  0
INSERT
  5
66F
100
AcDbEntity
  8
LAYER_1
  6
ByLayer
 62
    7
370
   -1
100
AcDbBlockReference
  2
AI9-BLK256
 10
0
 20
0
 30
0
 41
1
 42
1
 43
0
 50
0
 70
    1
 71
    1
 44
0
 45
0
  0
ENDBLK
  5
34A
330
348
100
AcDbEntity
  8
0
100
AcDbBlockEnd
  0
BLOCK
  5
34C
330
34B
100
AcDbEntity
  8
0
100
AcDbBlockBegin
  2
AI9-BLK256
 70
    0
 10
0
 20
0
  3
AI9-BLK256
  1

  0
CIRCLE
  5
670
100
AcDbEntity
  8
LAYER_1
  6
ByLayer
 62
    7
370
   -1
100
AcDbCircle
 10
0
 20
0
 40
0.850939
  0
ENDBLK
  5
34D
330
34B
100
AcDbEntity
  8
0
100
AcDbBlockEnd
  0
BLOCK
  5
34F
330
34E
100
AcDbEntity
  8
0
100
AcDbBlockBegin
  2
AI9-BLK257
 70
    0
 10
0
 20
0
  3
AI9-BLK257
  1

  0
INSERT
  5
671
100
AcDbEntity
  8
LAYER_1
  6
ByLayer
 62
    7
370
   -1
100
AcDbBlockReference
  2
AI9-BLK258
 10
0
 20
0
 30
0
 41
1
 42
1
 43
0
 50
0
 70
    1
 71
    1
 44
0
 45
0
  0
ENDBLK
  5
350
330
34E
100
AcDbEntity
  8
0
100
AcDbBlockEnd
  0
BLOCK
  5
352
330
351
100
AcDbEntity
  8
0
100
AcDbBlockBegin
  2
AI9-BLK258
 70
    0
 10
0
 20
0
  3
AI9-BLK258
  1

  0
CIRCLE
  5
672
100
AcDbEntity
  8
LAYER_1
  6
ByLayer
 62
    7
370
   -1
100
AcDbCircle
 10
0
 20
0
 40
0.850939
  0
ENDBLK
  5
353
330
351
100
AcDbEntity
  8
0
100
AcDbBlockEnd
  0
BLOCK
  5
355
330
354
100
AcDbEntity
  8
0
100
AcDbBlockBegin
  2
AI9-BLK259
 70
    0
 10
0
 20
0
  3
AI9-BLK259
  1

  0
INSERT
  5
673
100
AcDbEntity
  8
LAYER_1
  6
ByLayer
 62
    7
370
   -1
100
AcDbBlockReference
  2
AI9-BLK260
 10
0
 20
0
 30
0
 41
1
 42
1
 43
0
 50
0
 70
    1
 71
    1
 44
0
 45
0
  0
ENDBLK
  5
356
330
354
100
AcDbEntity
  8
0
100
AcDbBlockEnd
  0
BLOCK
  5
358
330
357
100
AcDbEntity
  8
0
100
AcDbBlockBegin
  2
AI9-BLK260
 70
    0
 10
0
 20
0
  3
AI9-BLK260
  1

  0
CIRCLE
  5
674
100
AcDbEntity
  8
LAYER_1
  6
ByLayer
 62
    7
370
   -1
100
AcDbCircle
 10
-0.000172
 20
0
 40
1.475018
  0
ENDBLK
  5
359
330
357
100
AcDbEntity
  8
0
100
AcDbBlockEnd
  0
BLOCK
  5
35B
330
35A
100
AcDbEntity
  8
0
100
AcDbBlockBegin
  2
AI9-BLK261
 70
    0
 10
0
 20
0
  3
AI9-BLK261
  1

  0
INSERT
  5
675
100
AcDbEntity
  8
LAYER_1
  6
ByLayer
 62
    7
370
   -1
100
AcDbBlockReference
  2
AI9-BLK262
 10
0
 20
0
 30
0
 41
1
 42
1
 43
0
 50
0
 70
    1
 71
    1
 44
0
 45
0
  0
ENDBLK
  5
35C
330
35A
100
AcDbEntity
  8
0
100
AcDbBlockEnd
  0
BLOCK
  5
35E
330
35D
100
AcDbEntity
  8
0
100
AcDbBlockBegin
  2
AI9-BLK262
 70
    0
 10
0
 20
0
  3
AI9-BLK262
  1

  0
CIRCLE
  5
676
100
AcDbEntity
  8
LAYER_1
  6
ByLayer
 62
    7
370
   -1
100
AcDbCircle
 10
0.000345
 20
0
 40
1.475018
  0
ENDBLK
  5
35F
330
35D
100
AcDbEntity
  8
0
100
AcDbBlockEnd
  0
BLOCK
  5
361
330
360
100
AcDbEntity
  8
0
100
AcDbBlockBegin
  2
AI9-BLK263
 70
    0
 10
0
 20
0
  3
AI9-BLK263
  1

  0
INSERT
  5
677
100
AcDbEntity
  8
LAYER_1
  6
ByLayer
 62
    7
370
   -1
100
AcDbBlockReference
  2
AI9-BLK264
 10
0
 20
0
 30
0
 41
1
 42
1
 43
0
 50
0
 70
    1
 71
    1
 44
0
 45
0
  0
ENDBLK
  5
362
330
360
100
AcDbEntity
  8
0
100
AcDbBlockEnd
  0
BLOCK
  5
364
330
363
100
AcDbEntity
  8
0
100
AcDbBlockBegin
  2
AI9-BLK264
 70
    0
 10
0
 20
0
  3
AI9-BLK264
  1

  0
CIRCLE
  5
678
100
AcDbEntity
  8
LAYER_1
  6
ByLayer
 62
    7
370
   -1
100
AcDbCircle
 10
-0.000172
 20
0
 40
1.999878
  0
ENDBLK
  5
365
330
363
100
AcDbEntity
  8
0
100
AcDbBlockEnd
  0
BLOCK
  5
367
330
366
100
AcDbEntity
  8
0
100
AcDbBlockBegin
  2
AI9-BLK265
 70
    0
 10
0
 20
0
  3
AI9-BLK265
  1

  0
INSERT
  5
679
100
AcDbEntity
  8
LAYER_1
  6
ByLayer
 62
    7
370
   -1
100
AcDbBlockReference
  2
AI9-BLK266
 10
0
 20
0
 30
0
 41
1
 42
1
 43
0
 50
0
 70
    1
 71
    1
 44
0
 45
0
  0
ENDBLK
  5
368
330
366
100
AcDbEntity
  8
0
100
AcDbBlockEnd
  0
BLOCK
  5
36A
330
369
100
AcDbEntity
  8
0
100
AcDbBlockBegin
  2
AI9-BLK266
 70
    0
 10
0
 20
0
  3
AI9-BLK266
  1

  0
CIRCLE
  5
67A
100
AcDbEntity
  8
LAYER_1
  6
ByLayer
 62
    7
370
   -1
100
AcDbCircle
 10
0
 20
0
 40
0.850939
  0
ENDBLK
  5
36B
330
369
100
AcDbEntity
  8
0
100
AcDbBlockEnd
  0
BLOCK
  5
36D
330
36C
100
AcDbEntity
  8
0
100
AcDbBlockBegin
  2
AI9-BLK267
 70
    0
 10
0
 20
0
  3
AI9-BLK267
  1

  0
INSERT
  5
67B
100
AcDbEntity
  8
LAYER_1
  6
ByLayer
 62
    7
370
   -1
100
AcDbBlockReference
  2
AI9-BLK268
 10
0
 20
0
 30
0
 41
1
 42
1
 43
0
 50
0
 70
    1
 71
    1
 44
0
 45
0
  0
ENDBLK
  5
36E
330
36C
100
AcDbEntity
  8
0
100
AcDbBlockEnd
  0
BLOCK
  5
370
330
36F
100
AcDbEntity
  8
0
100
AcDbBlockBegin
  2
AI9-BLK268
 70
    0
 10
0
 20
0
  3
AI9-BLK268
  1

  0
CIRCLE
  5
67C
100
AcDbEntity
  8
LAYER_1
  6
ByLayer
 62
    7
370
   -1
100
AcDbCircle
 10
0
 20
0
 40
0.850939
  0
ENDBLK
  5
371
330
36F
100
AcDbEntity
  8
0
100
AcDbBlockEnd
  0
BLOCK
  5
373
330
372
100
AcDbEntity
  8
0
100
AcDbBlockBegin
  2
AI9-BLK269
 70
    0
 10
0
 20
0
  3
AI9-BLK269
  1

  0
INSERT
  5
67D
100
AcDbEntity
  8
LAYER_1
  6
ByLayer
 62
    7
370
   -1
100
AcDbBlockReference
  2
AI9-BLK270
 10
0
 20
0
 30
0
 41
1
 42
1
 43
0
 50
0
 70
    1
 71
    1
 44
0
 45
0
  0
ENDBLK
  5
374
330
372
100
AcDbEntity
  8
0
100
AcDbBlockEnd
  0
BLOCK
  5
376
330
375
100
AcDbEntity
  8
0
100
AcDbBlockBegin
  2
AI9-BLK270
 70
    0
 10
0
 20
0
  3
AI9-BLK270
  1

  0
CIRCLE
  5
67E
100
AcDbEntity
  8
LAYER_1
  6
ByLayer
 62
    7
370
   -1
100
AcDbCircle
 10
0
 20
0
 40
1.475018
  0
ENDBLK
  5
377
330
375
100
AcDbEntity
  8
0
100
AcDbBlockEnd
  0
BLOCK
  5
379
330
378
100
AcDbEntity
  8
0
100
AcDbBlockBegin
  2
AI9-BLK271
 70
    0
 10
0
 20
0
  3
AI9-BLK271
  1

  0
INSERT
  5
67F
100
AcDbEntity
  8
LAYER_1
  6
ByLayer
 62
    7
370
   -1
100
AcDbBlockReference
  2
AI9-BLK272
 10
0
 20
0
 30
0
 41
1
 42
1
 43
0
 50
0
 70
    1
 71
    1
 44
0
 45
0
  0
ENDBLK
  5
37A
330
378
100
AcDbEntity
  8
0
100
AcDbBlockEnd
  0
BLOCK
  5
37C
330
37B
100
AcDbEntity
  8
0
100
AcDbBlockBegin
  2
AI9-BLK272
 70
    0
 10
0
 20
0
  3
AI9-BLK272
  1

  0
CIRCLE
  5
680
100
AcDbEntity
  8
LAYER_1
  6
ByLayer
 62
    7
370
   -1
100
AcDbCircle
 10
0.000172
 20
0
 40
1.475018
  0
ENDBLK
  5
37D
330
37B
100
AcDbEntity
  8
0
100
AcDbBlockEnd
  0
BLOCK
  5
37F
330
37E
100
AcDbEntity
  8
0
100
AcDbBlockBegin
  2
AI9-BLK273
 70
    0
 10
0
 20
0
  3
AI9-BLK273
  1

  0
INSERT
  5
681
100
AcDbEntity
  8
LAYER_1
  6
ByLayer
 62
    7
370
   -1
100
AcDbBlockReference
  2
AI9-BLK274
 10
0
 20
0
 30
0
 41
1
 42
1
 43
0
 50
0
 70
    1
 71
    1
 44
0
 45
0
  0
ENDBLK
  5
380
330
37E
100
AcDbEntity
  8
0
100
AcDbBlockEnd
  0
BLOCK
  5
382
330
381
100
AcDbEntity
  8
0
100
AcDbBlockBegin
  2
AI9-BLK274
 70
    0
 10
0
 20
0
  3
AI9-BLK274
  1

  0
CIRCLE
  5
682
100
AcDbEntity
  8
LAYER_1
  6
ByLayer
 62
    7
370
   -1
100
AcDbCircle
 10
-0.000172
 20
0
 40
1.999878
  0
ENDBLK
  5
383
330
381
100
AcDbEntity
  8
0
100
AcDbBlockEnd
  0
BLOCK
  5
385
330
384
100
AcDbEntity
  8
0
100
AcDbBlockBegin
  2
AI9-BLK275
 70
    0
 10
0
 20
0
  3
AI9-BLK275
  1

  0
INSERT
  5
683
100
AcDbEntity
  8
LAYER_1
  6
ByLayer
 62
    7
370
   -1
100
AcDbBlockReference
  2
AI9-BLK276
 10
0
 20
0
 30
0
 41
1
 42
1
 43
0
 50
0
 70
    1
 71
    1
 44
0
 45
0
  0
ENDBLK
  5
386
330
384
100
AcDbEntity
  8
0
100
AcDbBlockEnd
  0
BLOCK
  5
388
330
387
100
AcDbEntity
  8
0
100
AcDbBlockBegin
  2
AI9-BLK276
 70
    0
 10
0
 20
0
  3
AI9-BLK276
  1

  0
CIRCLE
  5
684
100
AcDbEntity
  8
LAYER_1
  6
ByLayer
 62
    7
370
   -1
100
AcDbCircle
 10
0
 20
0
 40
0.850939
  0
ENDBLK
  5
389
330
387
100
AcDbEntity
  8
0
100
AcDbBlockEnd
  0
BLOCK
  5
38B
330
38A
100
AcDbEntity
  8
0
100
AcDbBlockBegin
  2
AI9-BLK277
 70
    0
 10
0
 20
0
  3
AI9-BLK277
  1

  0
INSERT
  5
685
100
AcDbEntity
  8
LAYER_1
  6
ByLayer
 62
    7
370
   -1
100
AcDbBlockReference
  2
AI9-BLK278
 10
0
 20
0
 30
0
 41
1
 42
1
 43
0
 50
0
 70
    1
 71
    1
 44
0
 45
0
  0
ENDBLK
  5
38C
330
38A
100
AcDbEntity
  8
0
100
AcDbBlockEnd
  0
BLOCK
  5
38E
330
38D
100
AcDbEntity
  8
0
100
AcDbBlockBegin
  2
AI9-BLK278
 70
    0
 10
0
 20
0
  3
AI9-BLK278
  1

  0
CIRCLE
  5
686
100
AcDbEntity
  8
LAYER_1
  6
ByLayer
 62
    7
370
   -1
100
AcDbCircle
 10
0
 20
0
 40
0.850939
  0
ENDBLK
  5
38F
330
38D
100
AcDbEntity
  8
0
100
AcDbBlockEnd
  0
BLOCK
  5
391
330
390
100
AcDbEntity
  8
0
100
AcDbBlockBegin
  2
AI9-BLK279
 70
    0
 10
0
 20
0
  3
AI9-BLK279
  1

  0
INSERT
  5
687
100
AcDbEntity
  8
LAYER_1
  6
ByLayer
 62
    7
370
   -1
100
AcDbBlockReference
  2
AI9-BLK280
 10
0
 20
0
 30
0
 41
1
 42
1
 43
0
 50
0
 70
    1
 71
    1
 44
0
 45
0
  0
ENDBLK
  5
392
330
390
100
AcDbEntity
  8
0
100
AcDbBlockEnd
  0
BLOCK
  5
394
330
393
100
AcDbEntity
  8
0
100
AcDbBlockBegin
  2
AI9-BLK280
 70
    0
 10
0
 20
0
  3
AI9-BLK280
  1

  0
CIRCLE
  5
688
100
AcDbEntity
  8
LAYER_1
  6
ByLayer
 62
    7
370
   -1
100
AcDbCircle
 10
0
 20
0
 40
1.475018
  0
ENDBLK
  5
395
330
393
100
AcDbEntity
  8
0
100
AcDbBlockEnd
  0
BLOCK
  5
397
330
396
100
AcDbEntity
  8
0
100
AcDbBlockBegin
  2
AI9-BLK281
 70
    0
 10
0
 20
0
  3
AI9-BLK281
  1

  0
INSERT
  5
689
100
AcDbEntity
  8
LAYER_1
  6
ByLayer
 62
    7
370
   -1
100
AcDbBlockReference
  2
AI9-BLK282
 10
0
 20
0
 30
0
 41
1
 42
1
 43
0
 50
0
 70
    1
 71
    1
 44
0
 45
0
  0
ENDBLK
  5
398
330
396
100
AcDbEntity
  8
0
100
AcDbBlockEnd
  0
BLOCK
  5
39A
330
399
100
AcDbEntity
  8
0
100
AcDbBlockBegin
  2
AI9-BLK282
 70
    0
 10
0
 20
0
  3
AI9-BLK282
  1

  0
CIRCLE
  5
68A
100
AcDbEntity
  8
LAYER_1
  6
ByLayer
 62
    7
370
   -1
100
AcDbCircle
 10
0
 20
0
 40
1.475018
  0
ENDBLK
  5
39B
330
399
100
AcDbEntity
  8
0
100
AcDbBlockEnd
  0
BLOCK
  5
39D
330
39C
100
AcDbEntity
  8
0
100
AcDbBlockBegin
  2
AI9-BLK283
 70
    0
 10
0
 20
0
  3
AI9-BLK283
  1

  0
INSERT
  5
68B
100
AcDbEntity
  8
LAYER_1
  6
ByLayer
 62
    7
370
   -1
100
AcDbBlockReference
  2
AI9-BLK284
 10
0
 20
0
 30
0
 41
1
 42
1
 43
0
 50
0
 70
    1
 71
    1
 44
0
 45
0
  0
ENDBLK
  5
39E
330
39C
100
AcDbEntity
  8
0
100
AcDbBlockEnd
  0
BLOCK
  5
3A0
330
39F
100
AcDbEntity
  8
0
100
AcDbBlockBegin
  2
AI9-BLK284
 70
    0
 10
0
 20
0
  3
AI9-BLK284
  1

  0
CIRCLE
  5
68C
100
AcDbEntity
  8
LAYER_1
  6
ByLayer
 62
    7
370
   -1
100
AcDbCircle
 10
-0.000345
 20
0
 40
1.999878
  0
ENDBLK
  5
3A1
330
39F
100
AcDbEntity
  8
0
100
AcDbBlockEnd
  0
BLOCK
  5
3A3
330
3A2
100
AcDbEntity
  8
0
100
AcDbBlockBegin
  2
AI9-BLK285
 70
    0
 10
0
 20
0
  3
AI9-BLK285
  1

  0
INSERT
  5
68D
100
AcDbEntity
  8
LAYER_1
  6
ByLayer
 62
    7
370
   -1
100
AcDbBlockReference
  2
AI9-BLK286
 10
0
 20
0
 30
0
 41
1
 42
1
 43
0
 50
0
 70
    1
 71
    1
 44
0
 45
0
  0
ENDBLK
  5
3A4
330
3A2
100
AcDbEntity
  8
0
100
AcDbBlockEnd
  0
BLOCK
  5
3A6
330
3A5
100
AcDbEntity
  8
0
100
AcDbBlockBegin
  2
AI9-BLK286
 70
    0
 10
0
 20
0
  3
AI9-BLK286
  1

  0
CIRCLE
  5
68E
100
AcDbEntity
  8
LAYER_1
  6
ByLayer
 62
    7
370
   -1
100
AcDbCircle
 10
0
 20
0
 40
0.850939
  0
ENDBLK
  5
3A7
330
3A5
100
AcDbEntity
  8
0
100
AcDbBlockEnd
  0
BLOCK
  5
3A9
330
3A8
100
AcDbEntity
  8
0
100
AcDbBlockBegin
  2
AI9-BLK287
 70
    0
 10
0
 20
0
  3
AI9-BLK287
  1

  0
INSERT
  5
68F
100
AcDbEntity
  8
LAYER_1
  6
ByLayer
 62
    7
370
   -1
100
AcDbBlockReference
  2
AI9-BLK288
 10
0
 20
0
 30
0
 41
1
 42
1
 43
0
 50
0
 70
    1
 71
    1
 44
0
 45
0
  0
ENDBLK
  5
3AA
330
3A8
100
AcDbEntity
  8
0
100
AcDbBlockEnd
  0
BLOCK
  5
3AC
330
3AB
100
AcDbEntity
  8
0
100
AcDbBlockBegin
  2
AI9-BLK288
 70
    0
 10
0
 20
0
  3
AI9-BLK288
  1

  0
CIRCLE
  5
690
100
AcDbEntity
  8
LAYER_1
  6
ByLayer
 62
    7
370
   -1
100
AcDbCircle
 10
0
 20
0
 40
0.850939
  0
ENDBLK
  5
3AD
330
3AB
100
AcDbEntity
  8
0
100
AcDbBlockEnd
  0
BLOCK
  5
3AF
330
3AE
100
AcDbEntity
  8
0
100
AcDbBlockBegin
  2
AI9-BLK289
 70
    0
 10
0
 20
0
  3
AI9-BLK289
  1

  0
INSERT
  5
691
100
AcDbEntity
  8
LAYER_1
  6
ByLayer
 62
    7
370
   -1
100
AcDbBlockReference
  2
AI9-BLK290
 10
0
 20
0
 30
0
 41
1
 42
1
 43
0
 50
0
 70
    1
 71
    1
 44
0
 45
0
  0
ENDBLK
  5
3B0
330
3AE
100
AcDbEntity
  8
0
100
AcDbBlockEnd
  0
BLOCK
  5
3B2
330
3B1
100
AcDbEntity
  8
0
100
AcDbBlockBegin
  2
AI9-BLK290
 70
    0
 10
0
 20
0
  3
AI9-BLK290
  1

  0
CIRCLE
  5
692
100
AcDbEntity
  8
LAYER_1
  6
ByLayer
 62
    7
370
   -1
100
AcDbCircle
 10
0.000172
 20
0
 40
1.475018
  0
ENDBLK
  5
3B3
330
3B1
100
AcDbEntity
  8
0
100
AcDbBlockEnd
  0
BLOCK
  5
3B5
330
3B4
100
AcDbEntity
  8
0
100
AcDbBlockBegin
  2
AI9-BLK291
 70
    0
 10
0
 20
0
  3
AI9-BLK291
  1

  0
INSERT
  5
693
100
AcDbEntity
  8
LAYER_1
  6
ByLayer
 62
    7
370
   -1
100
AcDbBlockReference
  2
AI9-BLK292
 10
0
 20
0
 30
0
 41
1
 42
1
 43
0
 50
0
 70
    1
 71
    1
 44
0
 45
0
  0
ENDBLK
  5
3B6
330
3B4
100
AcDbEntity
  8
0
100
AcDbBlockEnd
  0
BLOCK
  5
3B8
330
3B7
100
AcDbEntity
  8
0
100
AcDbBlockBegin
  2
AI9-BLK292
 70
    0
 10
0
 20
0
  3
AI9-BLK292
  1

  0
CIRCLE
  5
694
100
AcDbEntity
  8
LAYER_1
  6
ByLayer
 62
    7
370
   -1
100
AcDbCircle
 10
0
 20
0
 40
1.475018
  0
ENDBLK
  5
3B9
330
3B7
100
AcDbEntity
  8
0
100
AcDbBlockEnd
  0
BLOCK
  5
3BB
330
3BA
100
AcDbEntity
  8
0
100
AcDbBlockBegin
  2
AI9-BLK293
 70
    0
 10
0
 20
0
  3
AI9-BLK293
  1

  0
INSERT
  5
695
100
AcDbEntity
  8
LAYER_1
  6
ByLayer
 62
    7
370
   -1
100
AcDbBlockReference
  2
AI9-BLK294
 10
0
 20
0
 30
0
 41
1
 42
1
 43
0
 50
0
 70
    1
 71
    1
 44
0
 45
0
  0
ENDBLK
  5
3BC
330
3BA
100
AcDbEntity
  8
0
100
AcDbBlockEnd
  0
BLOCK
  5
3BE
330
3BD
100
AcDbEntity
  8
0
100
AcDbBlockBegin
  2
AI9-BLK294
 70
    0
 10
0
 20
0
  3
AI9-BLK294
  1

  0
CIRCLE
  5
696
100
AcDbEntity
  8
LAYER_1
  6
ByLayer
 62
    7
370
   -1
100
AcDbCircle
 10
0
 20
0
 40
1.999878
  0
ENDBLK
  5
3BF
330
3BD
100
AcDbEntity
  8
0
100
AcDbBlockEnd
  0
BLOCK
  5
3C1
330
3C0
100
AcDbEntity
  8
0
100
AcDbBlockBegin
  2
AI9-BLK295
 70
    0
 10
0
 20
0
  3
AI9-BLK295
  1

  0
INSERT
  5
697
100
AcDbEntity
  8
LAYER_1
  6
ByLayer
 62
    7
370
   -1
100
AcDbBlockReference
  2
AI9-BLK296
 10
0
 20
0
 30
0
 41
1
 42
1
 43
0
 50
0
 70
    1
 71
    1
 44
0
 45
0
  0
ENDBLK
  5
3C2
330
3C0
100
AcDbEntity
  8
0
100
AcDbBlockEnd
  0
BLOCK
  5
3C4
330
3C3
100
AcDbEntity
  8
0
100
AcDbBlockBegin
  2
AI9-BLK296
 70
    0
 10
0
 20
0
  3
AI9-BLK296
  1

  0
CIRCLE
  5
698
100
AcDbEntity
  8
LAYER_1
  6
ByLayer
 62
    7
370
   -1
100
AcDbCircle
 10
0
 20
0
 40
0.850939
  0
ENDBLK
  5
3C5
330
3C3
100
AcDbEntity
  8
0
100
AcDbBlockEnd
  0
BLOCK
  5
3C7
330
3C6
100
AcDbEntity
  8
0
100
AcDbBlockBegin
  2
AI9-BLK297
 70
    0
 10
0
 20
0
  3
AI9-BLK297
  1

  0
INSERT
  5
699
100
AcDbEntity
  8
LAYER_1
  6
ByLayer
 62
    7
370
   -1
100
AcDbBlockReference
  2
AI9-BLK298
 10
0
 20
0
 30
0
 41
1
 42
1
 43
0
 50
0
 70
    1
 71
    1
 44
0
 45
0
  0
ENDBLK
  5
3C8
330
3C6
100
AcDbEntity
  8
0
100
AcDbBlockEnd
  0
BLOCK
  5
3CA
330
3C9
100
AcDbEntity
  8
0
100
AcDbBlockBegin
  2
AI9-BLK298
 70
    0
 10
0
 20
0
  3
AI9-BLK298
  1

  0
CIRCLE
  5
69A
100
AcDbEntity
  8
LAYER_1
  6
ByLayer
 62
    7
370
   -1
100
AcDbCircle
 10
-0.000172
 20
0
 40
0.850939
  0
ENDBLK
  5
3CB
330
3C9
100
AcDbEntity
  8
0
100
AcDbBlockEnd
  0
BLOCK
  5
3CD
330
3CC
100
AcDbEntity
  8
0
100
AcDbBlockBegin
  2
AI9-BLK299
 70
    0
 10
0
 20
0
  3
AI9-BLK299
  1

  0
INSERT
  5
69B
100
AcDbEntity
  8
LAYER_1
  6
ByLayer
 62
    7
370
   -1
100
AcDbBlockReference
  2
AI9-BLK300
 10
0
 20
0
 30
0
 41
1
 42
1
 43
0
 50
0
 70
    1
 71
    1
 44
0
 45
0
  0
ENDBLK
  5
3CE
330
3CC
100
AcDbEntity
  8
0
100
AcDbBlockEnd
  0
BLOCK
  5
3D0
330
3CF
100
AcDbEntity
  8
0
100
AcDbBlockBegin
  2
AI9-BLK300
 70
    0
 10
0
 20
0
  3
AI9-BLK300
  1

  0
CIRCLE
  5
69C
100
AcDbEntity
  8
LAYER_1
  6
ByLayer
 62
    7
370
   -1
100
AcDbCircle
 10
0.000172
 20
0
 40
1.475018
  0
ENDBLK
  5
3D1
330
3CF
100
AcDbEntity
  8
0
100
AcDbBlockEnd
  0
BLOCK
  5
3D3
330
3D2
100
AcDbEntity
  8
0
100
AcDbBlockBegin
  2
AI9-BLK301
 70
    0
 10
0
 20
0
  3
AI9-BLK301
  1

  0
INSERT
  5
69D
100
AcDbEntity
  8
LAYER_1
  6
ByLayer
 62
    7
370
   -1
100
AcDbBlockReference
  2
AI9-BLK302
 10
0
 20
0
 30
0
 41
1
 42
1
 43
0
 50
0
 70
    1
 71
    1
 44
0
 45
0
  0
ENDBLK
  5
3D4
330
3D2
100
AcDbEntity
  8
0
100
AcDbBlockEnd
  0
BLOCK
  5
3D6
330
3D5
100
AcDbEntity
  8
0
100
AcDbBlockBegin
  2
AI9-BLK302
 70
    0
 10
0
 20
0
  3
AI9-BLK302
  1

  0
CIRCLE
  5
69E
100
AcDbEntity
  8
LAYER_1
  6
ByLayer
 62
    7
370
   -1
100
AcDbCircle
 10
-0.000172
 20
0
 40
1.475018
  0
ENDBLK
  5
3D7
330
3D5
100
AcDbEntity
  8
0
100
AcDbBlockEnd
  0
BLOCK
  5
3D9
330
3D8
100
AcDbEntity
  8
0
100
AcDbBlockBegin
  2
AI9-BLK303
 70
    0
 10
0
 20
0
  3
AI9-BLK303
  1

  0
INSERT
  5
69F
100
AcDbEntity
  8
LAYER_1
  6
ByLayer
 62
    7
370
   -1
100
AcDbBlockReference
  2
AI9-BLK304
 10
0
 20
0
 30
0
 41
1
 42
1
 43
0
 50
0
 70
    1
 71
    1
 44
0
 45
0
  0
ENDBLK
  5
3DA
330
3D8
100
AcDbEntity
  8
0
100
AcDbBlockEnd
  0
BLOCK
  5
3DC
330
3DB
100
AcDbEntity
  8
0
100
AcDbBlockBegin
  2
AI9-BLK304
 70
    0
 10
0
 20
0
  3
AI9-BLK304
  1

  0
CIRCLE
  5
6A0
100
AcDbEntity
  8
LAYER_1
  6
ByLayer
 62
    7
370
   -1
100
AcDbCircle
 10
0
 20
0
 40
1.999878
  0
ENDBLK
  5
3DD
330
3DB
100
AcDbEntity
  8
0
100
AcDbBlockEnd
  0
BLOCK
  5
3DF
330
3DE
100
AcDbEntity
  8
0
100
AcDbBlockBegin
  2
AI9-BLK305
 70
    0
 10
0
 20
0
  3
AI9-BLK305
  1

  0
INSERT
  5
6A1
100
AcDbEntity
  8
LAYER_1
  6
ByLayer
 62
    7
370
   -1
100
AcDbBlockReference
  2
AI9-BLK306
 10
0
 20
0
 30
0
 41
1
 42
1
 43
0
 50
0
 70
    1
 71
    1
 44
0
 45
0
  0
ENDBLK
  5
3E0
330
3DE
100
AcDbEntity
  8
0
100
AcDbBlockEnd
  0
BLOCK
  5
3E2
330
3E1
100
AcDbEntity
  8
0
100
AcDbBlockBegin
  2
AI9-BLK306
 70
    0
 10
0
 20
0
  3
AI9-BLK306
  1

  0
CIRCLE
  5
6A2
100
AcDbEntity
  8
LAYER_1
  6
ByLayer
 62
    7
370
   -1
100
AcDbCircle
 10
0
 20
0
 40
0.850939
  0
ENDBLK
  5
3E3
330
3E1
100
AcDbEntity
  8
0
100
AcDbBlockEnd
  0
BLOCK
  5
3E5
330
3E4
100
AcDbEntity
  8
0
100
AcDbBlockBegin
  2
AI9-BLK307
 70
    0
 10
0
 20
0
  3
AI9-BLK307
  1

  0
INSERT
  5
6A3
100
AcDbEntity
  8
LAYER_1
  6
ByLayer
 62
    7
370
   -1
100
AcDbBlockReference
  2
AI9-BLK308
 10
0
 20
0
 30
0
 41
1
 42
1
 43
0
 50
0
 70
    1
 71
    1
 44
0
 45
0
  0
ENDBLK
  5
3E6
330
3E4
100
AcDbEntity
  8
0
100
AcDbBlockEnd
  0
BLOCK
  5
3E8
330
3E7
100
AcDbEntity
  8
0
100
AcDbBlockBegin
  2
AI9-BLK308
 70
    0
 10
0
 20
0
  3
AI9-BLK308
  1

  0
CIRCLE
  5
6A4
100
AcDbEntity
  8
LAYER_1
  6
ByLayer
 62
    7
370
   -1
100
AcDbCircle
 10
0
 20
0
 40
0.850939
  0
ENDBLK
  5
3E9
330
3E7
100
AcDbEntity
  8
0
100
AcDbBlockEnd
  0
BLOCK
  5
3EB
330
3EA
100
AcDbEntity
  8
0
100
AcDbBlockBegin
  2
AI9-BLK309
 70
    0
 10
0
 20
0
  3
AI9-BLK309
  1

  0
INSERT
  5
6A5
100
AcDbEntity
  8
LAYER_1
  6
ByLayer
 62
    7
370
   -1
100
AcDbBlockReference
  2
AI9-BLK310
 10
0
 20
0
 30
0
 41
1
 42
1
 43
0
 50
0
 70
    1
 71
    1
 44
0
 45
0
  0
ENDBLK
  5
3EC
330
3EA
100
AcDbEntity
  8
0
100
AcDbBlockEnd
  0
BLOCK
  5
3EE
330
3ED
100
AcDbEntity
  8
0
100
AcDbBlockBegin
  2
AI9-BLK310
 70
    0
 10
0
 20
0
  3
AI9-BLK310
  1

  0
CIRCLE
  5
6A6
100
AcDbEntity
  8
LAYER_1
  6
ByLayer
 62
    7
370
   -1
100
AcDbCircle
 10
0
 20
0
 40
1.475018
  0
ENDBLK
  5
3EF
330
3ED
100
AcDbEntity
  8
0
100
AcDbBlockEnd
  0
BLOCK
  5
3F1
330
3F0
100
AcDbEntity
  8
0
100
AcDbBlockBegin
  2
AI9-BLK311
 70
    0
 10
0
 20
0
  3
AI9-BLK311
  1

  0
INSERT
  5
6A7
100
AcDbEntity
  8
LAYER_1
  6
ByLayer
 62
    7
370
   -1
100
AcDbBlockReference
  2
AI9-BLK312
 10
0
 20
0
 30
0
 41
1
 42
1
 43
0
 50
0
 70
    1
 71
    1
 44
0
 45
0
  0
ENDBLK
  5
3F2
330
3F0
100
AcDbEntity
  8
0
100
AcDbBlockEnd
  0
BLOCK
  5
3F4
330
3F3
100
AcDbEntity
  8
0
100
AcDbBlockBegin
  2
AI9-BLK312
 70
    0
 10
0
 20
0
  3
AI9-BLK312
  1

  0
CIRCLE
  5
6A8
100
AcDbEntity
  8
LAYER_1
  6
ByLayer
 62
    7
370
   -1
100
AcDbCircle
 10
-0.000172
 20
0
 40
1.475018
  0
ENDBLK
  5
3F5
330
3F3
100
AcDbEntity
  8
0
100
AcDbBlockEnd
  0
BLOCK
  5
3F7
330
3F6
100
AcDbEntity
  8
0
100
AcDbBlockBegin
  2
AI9-BLK313
 70
    0
 10
0
 20
0
  3
AI9-BLK313
  1

  0
INSERT
  5
6A9
100
AcDbEntity
  8
LAYER_1
  6
ByLayer
 62
    7
370
   -1
100
AcDbBlockReference
  2
AI9-BLK314
 10
0
 20
0
 30
0
 41
1
 42
1
 43
0
 50
0
 70
    1
 71
    1
 44
0
 45
0
  0
ENDBLK
  5
3F8
330
3F6
100
AcDbEntity
  8
0
100
AcDbBlockEnd
  0
BLOCK
  5
3FA
330
3F9
100
AcDbEntity
  8
0
100
AcDbBlockBegin
  2
AI9-BLK314
 70
    0
 10
0
 20
0
  3
AI9-BLK314
  1

  0
CIRCLE
  5
6AA
100
AcDbEntity
  8
LAYER_1
  6
ByLayer
 62
    7
370
   -1
100
AcDbCircle
 10
0.000172
 20
0
 40
1.999878
  0
ENDBLK
  5
3FB
330
3F9
100
AcDbEntity
  8
0
100
AcDbBlockEnd
  0
BLOCK
  5
3FD
330
3FC
100
AcDbEntity
  8
0
100
AcDbBlockBegin
  2
AI9-BLK315
 70
    0
 10
0
 20
0
  3
AI9-BLK315
  1

  0
INSERT
  5
6AB
100
AcDbEntity
  8
LAYER_1
  6
ByLayer
 62
    7
370
   -1
100
AcDbBlockReference
  2
AI9-BLK316
 10
0
 20
0
 30
0
 41
1
 42
1
 43
0
 50
0
 70
    1
 71
    1
 44
0
 45
0
  0
ENDBLK
  5
3FE
330
3FC
100
AcDbEntity
  8
0
100
AcDbBlockEnd
  0
BLOCK
  5
400
330
3FF
100
AcDbEntity
  8
0
100
AcDbBlockBegin
  2
AI9-BLK316
 70
    0
 10
0
 20
0
  3
AI9-BLK316
  1

  0
CIRCLE
  5
6AC
100
AcDbEntity
  8
LAYER_1
  6
ByLayer
 62
    7
370
   -1
100
AcDbCircle
 10
0
 20
0
 40
0.850939
  0
ENDBLK
  5
401
330
3FF
100
AcDbEntity
  8
0
100
AcDbBlockEnd
  0
BLOCK
  5
403
330
402
100
AcDbEntity
  8
0
100
AcDbBlockBegin
  2
AI9-BLK317
 70
    0
 10
0
 20
0
  3
AI9-BLK317
  1

  0
INSERT
  5
6AD
100
AcDbEntity
  8
LAYER_1
  6
ByLayer
 62
    7
370
   -1
100
AcDbBlockReference
  2
AI9-BLK318
 10
0
 20
0
 30
0
 41
1
 42
1
 43
0
 50
0
 70
    1
 71
    1
 44
0
 45
0
  0
ENDBLK
  5
404
330
402
100
AcDbEntity
  8
0
100
AcDbBlockEnd
  0
BLOCK
  5
406
330
405
100
AcDbEntity
  8
0
100
AcDbBlockBegin
  2
AI9-BLK318
 70
    0
 10
0
 20
0
  3
AI9-BLK318
  1

  0
CIRCLE
  5
6AE
100
AcDbEntity
  8
LAYER_1
  6
ByLayer
 62
    7
370
   -1
100
AcDbCircle
 10
0.000172
 20
0
 40
0.850939
  0
ENDBLK
  5
407
330
405
100
AcDbEntity
  8
0
100
AcDbBlockEnd
  0
BLOCK
  5
409
330
408
100
AcDbEntity
  8
0
100
AcDbBlockBegin
  2
AI9-BLK319
 70
    0
 10
0
 20
0
  3
AI9-BLK319
  1

  0
INSERT
  5
6AF
100
AcDbEntity
  8
LAYER_1
  6
ByLayer
 62
    7
370
   -1
100
AcDbBlockReference
  2
AI9-BLK320
 10
0
 20
0
 30
0
 41
1
 42
1
 43
0
 50
0
 70
    1
 71
    1
 44
0
 45
0
  0
ENDBLK
  5
40A
330
408
100
AcDbEntity
  8
0
100
AcDbBlockEnd
  0
BLOCK
  5
40C
330
40B
100
AcDbEntity
  8
0
100
AcDbBlockBegin
  2
AI9-BLK320
 70
    0
 10
0
 20
0
  3
AI9-BLK320
  1

  0
CIRCLE
  5
6B0
100
AcDbEntity
  8
LAYER_1
  6
ByLayer
 62
    7
370
   -1
100
AcDbCircle
 10
0
 20
0
 40
1.475018
  0
ENDBLK
  5
40D
330
40B
100
AcDbEntity
  8
0
100
AcDbBlockEnd
  0
BLOCK
  5
40F
330
40E
100
AcDbEntity
  8
0
100
AcDbBlockBegin
  2
AI9-BLK321
 70
    0
 10
0
 20
0
  3
AI9-BLK321
  1

  0
INSERT
  5
6B1
100
AcDbEntity
  8
LAYER_1
  6
ByLayer
 62
    7
370
   -1
100
AcDbBlockReference
  2
AI9-BLK322
 10
0
 20
0
 30
0
 41
1
 42
1
 43
0
 50
0
 70
    1
 71
    1
 44
0
 45
0
  0
ENDBLK
  5
410
330
40E
100
AcDbEntity
  8
0
100
AcDbBlockEnd
  0
BLOCK
  5
412
330
411
100
AcDbEntity
  8
0
100
AcDbBlockBegin
  2
AI9-BLK322
 70
    0
 10
0
 20
0
  3
AI9-BLK322
  1

  0
CIRCLE
  5
6B2
100
AcDbEntity
  8
LAYER_1
  6
ByLayer
 62
    7
370
   -1
100
AcDbCircle
 10
0
 20
0
 40
1.475018
  0
ENDBLK
  5
413
330
411
100
AcDbEntity
  8
0
100
AcDbBlockEnd
  0
BLOCK
  5
415
330
414
100
AcDbEntity
  8
0
100
AcDbBlockBegin
  2
AI9-BLK323
 70
    0
 10
0
 20
0
  3
AI9-BLK323
  1

  0
INSERT
  5
6B3
100
AcDbEntity
  8
LAYER_1
  6
ByLayer
 62
    7
370
   -1
100
AcDbBlockReference
  2
AI9-BLK324
 10
0
 20
0
 30
0
 41
1
 42
1
 43
0
 50
0
 70
    1
 71
    1
 44
0
 45
0
  0
ENDBLK
  5
416
330
414
100
AcDbEntity
  8
0
100
AcDbBlockEnd
  0
BLOCK
  5
418
330
417
100
AcDbEntity
  8
0
100
AcDbBlockBegin
  2
AI9-BLK324
 70
    0
 10
0
 20
0
  3
AI9-BLK324
  1

  0
CIRCLE
  5
6B4
100
AcDbEntity
  8
LAYER_1
  6
ByLayer
 62
    7
370
   -1
100
AcDbCircle
 10
0.000172
 20
0
 40
1.999878
  0
ENDBLK
  5
419
330
417
100
AcDbEntity
  8
0
100
AcDbBlockEnd
  0
BLOCK
  5
41B
330
41A
100
AcDbEntity
  8
0
100
AcDbBlockBegin
  2
AI9-BLK325
 70
    0
 10
0
 20
0
  3
AI9-BLK325
  1

  0
INSERT
  5
6B5
100
AcDbEntity
  8
LAYER_1
  6
ByLayer
 62
    7
370
   -1
100
AcDbBlockReference
  2
AI9-BLK326
 10
0
 20
0
 30
0
 41
1
 42
1
 43
0
 50
0
 70
    1
 71
    1
 44
0
 45
0
  0
ENDBLK
  5
41C
330
41A
100
AcDbEntity
  8
0
100
AcDbBlockEnd
  0
BLOCK
  5
41E
330
41D
100
AcDbEntity
  8
0
100
AcDbBlockBegin
  2
AI9-BLK326
 70
    0
 10
0
 20
0
  3
AI9-BLK326
  1

  0
CIRCLE
  5
6B6
100
AcDbEntity
  8
LAYER_1
  6
ByLayer
 62
    7
370
   -1
100
AcDbCircle
 10
0
 20
0
 40
0.850766
  0
ENDBLK
  5
41F
330
41D
100
AcDbEntity
  8
0
100
AcDbBlockEnd
  0
BLOCK
  5
421
330
420
100
AcDbEntity
  8
0
100
AcDbBlockBegin
  2
AI9-BLK327
 70
    0
 10
0
 20
0
  3
AI9-BLK327
  1

  0
INSERT
  5
6B7
100
AcDbEntity
  8
LAYER_1
  6
ByLayer
 62
    7
370
   -1
100
AcDbBlockReference
  2
AI9-BLK328
 10
0
 20
0
 30
0
 41
1
 42
1
 43
0
 50
0
 70
    1
 71
    1
 44
0
 45
0
  0
ENDBLK
  5
422
330
420
100
AcDbEntity
  8
0
100
AcDbBlockEnd
  0
BLOCK
  5
424
330
423
100
AcDbEntity
  8
0
100
AcDbBlockBegin
  2
AI9-BLK328
 70
    0
 10
0
 20
0
  3
AI9-BLK328
  1

  0
CIRCLE
  5
6B8
100
AcDbEntity
  8
LAYER_1
  6
ByLayer
 62
    7
370
   -1
100
AcDbCircle
 10
0
 20
0
 40
0.850766
  0
ENDBLK
  5
425
330
423
100
AcDbEntity
  8
0
100
AcDbBlockEnd
  0
BLOCK
  5
427
330
426
100
AcDbEntity
  8
0
100
AcDbBlockBegin
  2
AI9-BLK329
 70
    0
 10
0
 20
0
  3
AI9-BLK329
  1

  0
INSERT
  5
6B9
100
AcDbEntity
  8
LAYER_1
  6
ByLayer
 62
    7
370
   -1
100
AcDbBlockReference
  2
AI9-BLK330
 10
0
 20
0
 30
0
 41
1
 42
1
 43
0
 50
0
 70
    1
 71
    1
 44
0
 45
0
  0
ENDBLK
  5
428
330
426
100
AcDbEntity
  8
0
100
AcDbBlockEnd
  0
BLOCK
  5
42A
330
429
100
AcDbEntity
  8
0
100
AcDbBlockBegin
  2
AI9-BLK330
 70
    0
 10
0
 20
0
  3
AI9-BLK330
  1

  0
CIRCLE
  5
6BA
100
AcDbEntity
  8
LAYER_1
  6
ByLayer
 62
    7
370
   -1
100
AcDbCircle
 10
0.000172
 20
0
 40
1.474845
  0
ENDBLK
  5
42B
330
429
100
AcDbEntity
  8
0
100
AcDbBlockEnd
  0
BLOCK
  5
42D
330
42C
100
AcDbEntity
  8
0
100
AcDbBlockBegin
  2
AI9-BLK331
 70
    0
 10
0
 20
0
  3
AI9-BLK331
  1

  0
INSERT
  5
6BB
100
AcDbEntity
  8
LAYER_1
  6
ByLayer
 62
    7
370
   -1
100
AcDbBlockReference
  2
AI9-BLK332
 10
0
 20
0
 30
0
 41
1
 42
1
 43
0
 50
0
 70
    1
 71
    1
 44
0
 45
0
  0
ENDBLK
  5
42E
330
42C
100
AcDbEntity
  8
0
100
AcDbBlockEnd
  0
BLOCK
  5
430
330
42F
100
AcDbEntity
  8
0
100
AcDbBlockBegin
  2
AI9-BLK332
 70
    0
 10
0
 20
0
  3
AI9-BLK332
  1

  0
CIRCLE
  5
6BC
100
AcDbEntity
  8
LAYER_1
  6
ByLayer
 62
    7
370
   -1
100
AcDbCircle
 10
-0.000172
 20
0
 40
1.474845
  0
ENDBLK
  5
431
330
42F
100
AcDbEntity
  8
0
100
AcDbBlockEnd
  0
BLOCK
  5
433
330
432
100
AcDbEntity
  8
0
100
AcDbBlockBegin
  2
AI9-BLK333
 70
    0
 10
0
 20
0
  3
AI9-BLK333
  1

  0
INSERT
  5
6BD
100
AcDbEntity
  8
LAYER_1
  6
ByLayer
 62
    7
370
   -1
100
AcDbBlockReference
  2
AI9-BLK334
 10
0
 20
0
 30
0
 41
1
 42
1
 43
0
 50
0
 70
    1
 71
    1
 44
0
 45
0
  0
ENDBLK
  5
434
330
432
100
AcDbEntity
  8
0
100
AcDbBlockEnd
  0
BLOCK
  5
436
330
435
100
AcDbEntity
  8
0
100
AcDbBlockBegin
  2
AI9-BLK334
 70
    0
 10
0
 20
0
  3
AI9-BLK334
  1

  0
CIRCLE
  5
6BE
100
AcDbEntity
  8
LAYER_1
  6
ByLayer
 62
    7
370
   -1
100
AcDbCircle
 10
0.000345
 20
0
 40
1.999878
  0
ENDBLK
  5
437
330
435
100
AcDbEntity
  8
0
100
AcDbBlockEnd
  0
BLOCK
  5
439
330
438
100
AcDbEntity
  8
0
100
AcDbBlockBegin
  2
AI9-BLK335
 70
    0
 10
0
 20
0
  3
AI9-BLK335
  1

  0
INSERT
  5
6BF
100
AcDbEntity
  8
LAYER_1
  6
ByLayer
 62
    7
370
   -1
100
AcDbBlockReference
  2
AI9-BLK336
 10
0
 20
0
 30
0
 41
1
 42
1
 43
0
 50
0
 70
    1
 71
    1
 44
0
 45
0
  0
ENDBLK
  5
43A
330
438
100
AcDbEntity
  8
0
100
AcDbBlockEnd
  0
BLOCK
  5
43C
330
43B
100
AcDbEntity
  8
0
100
AcDbBlockBegin
  2
AI9-BLK336
 70
    0
 10
0
 20
0
  3
AI9-BLK336
  1

  0
CIRCLE
  5
6C0
100
AcDbEntity
  8
LAYER_1
  6
ByLayer
 62
    7
370
   -1
100
AcDbCircle
 10
0
 20
0
 40
0.850766
  0
ENDBLK
  5
43D
330
43B
100
AcDbEntity
  8
0
100
AcDbBlockEnd
  0
BLOCK
  5
43F
330
43E
100
AcDbEntity
  8
0
100
AcDbBlockBegin
  2
AI9-BLK337
 70
    0
 10
0
 20
0
  3
AI9-BLK337
  1

  0
INSERT
  5
6C1
100
AcDbEntity
  8
LAYER_1
  6
ByLayer
 62
    7
370
   -1
100
AcDbBlockReference
  2
AI9-BLK338
 10
0
 20
0
 30
0
 41
1
 42
1
 43
0
 50
0
 70
    1
 71
    1
 44
0
 45
0
  0
ENDBLK
  5
440
330
43E
100
AcDbEntity
  8
0
100
AcDbBlockEnd
  0
BLOCK
  5
442
330
441
100
AcDbEntity
  8
0
100
AcDbBlockBegin
  2
AI9-BLK338
 70
    0
 10
0
 20
0
  3
AI9-BLK338
  1

  0
CIRCLE
  5
6C2
100
AcDbEntity
  8
LAYER_1
  6
ByLayer
 62
    7
370
   -1
100
AcDbCircle
 10
0
 20
0
 40
0.850766
  0
ENDBLK
  5
443
330
441
100
AcDbEntity
  8
0
100
AcDbBlockEnd
  0
BLOCK
  5
445
330
444
100
AcDbEntity
  8
0
100
AcDbBlockBegin
  2
AI9-BLK339
 70
    0
 10
0
 20
0
  3
AI9-BLK339
  1

  0
INSERT
  5
6C3
100
AcDbEntity
  8
LAYER_1
  6
ByLayer
 62
    7
370
   -1
100
AcDbBlockReference
  2
AI9-BLK340
 10
0
 20
0
 30
0
 41
1
 42
1
 43
0
 50
0
 70
    1
 71
    1
 44
0
 45
0
  0
ENDBLK
  5
446
330
444
100
AcDbEntity
  8
0
100
AcDbBlockEnd
  0
BLOCK
  5
448
330
447
100
AcDbEntity
  8
0
100
AcDbBlockBegin
  2
AI9-BLK340
 70
    0
 10
0
 20
0
  3
AI9-BLK340
  1

  0
CIRCLE
  5
6C4
100
AcDbEntity
  8
LAYER_1
  6
ByLayer
 62
    7
370
   -1
100
AcDbCircle
 10
0
 20
0
 40
1.474845
  0
ENDBLK
  5
449
330
447
100
AcDbEntity
  8
0
100
AcDbBlockEnd
  0
BLOCK
  5
44B
330
44A
100
AcDbEntity
  8
0
100
AcDbBlockBegin
  2
AI9-BLK341
 70
    0
 10
0
 20
0
  3
AI9-BLK341
  1

  0
INSERT
  5
6C5
100
AcDbEntity
  8
LAYER_1
  6
ByLayer
 62
    7
370
   -1
100
AcDbBlockReference
  2
AI9-BLK342
 10
0
 20
0
 30
0
 41
1
 42
1
 43
0
 50
0
 70
    1
 71
    1
 44
0
 45
0
  0
ENDBLK
  5
44C
330
44A
100
AcDbEntity
  8
0
100
AcDbBlockEnd
  0
BLOCK
  5
44E
330
44D
100
AcDbEntity
  8
0
100
AcDbBlockBegin
  2
AI9-BLK342
 70
    0
 10
0
 20
0
  3
AI9-BLK342
  1

  0
CIRCLE
  5
6C6
100
AcDbEntity
  8
LAYER_1
  6
ByLayer
 62
    7
370
   -1
100
AcDbCircle
 10
-0.000345
 20
0
 40
1.474845
  0
ENDBLK
  5
44F
330
44D
100
AcDbEntity
  8
0
100
AcDbBlockEnd
  0
BLOCK
  5
451
330
450
100
AcDbEntity
  8
0
100
AcDbBlockBegin
  2
AI9-BLK343
 70
    0
 10
0
 20
0
  3
AI9-BLK343
  1

  0
INSERT
  5
6C7
100
AcDbEntity
  8
LAYER_1
  6
ByLayer
 62
    7
370
   -1
100
AcDbBlockReference
  2
AI9-BLK344
 10
0
 20
0
 30
0
 41
1
 42
1
 43
0
 50
0
 70
    1
 71
    1
 44
0
 45
0
  0
ENDBLK
  5
452
330
450
100
AcDbEntity
  8
0
100
AcDbBlockEnd
  0
BLOCK
  5
454
330
453
100
AcDbEntity
  8
0
100
AcDbBlockBegin
  2
AI9-BLK344
 70
    0
 10
0
 20
0
  3
AI9-BLK344
  1

  0
CIRCLE
  5
6C8
100
AcDbEntity
  8
LAYER_1
  6
ByLayer
 62
    7
370
   -1
100
AcDbCircle
 10
0.000172
 20
0
 40
1.999878
  0
ENDBLK
  5
455
330
453
100
AcDbEntity
  8
0
100
AcDbBlockEnd
  0
BLOCK
  5
457
330
456
100
AcDbEntity
  8
0
100
AcDbBlockBegin
  2
AI9-BLK345
 70
    0
 10
0
 20
0
  3
AI9-BLK345
  1

  0
INSERT
  5
6C9
100
AcDbEntity
  8
LAYER_1
  6
ByLayer
 62
    7
370
   -1
100
AcDbBlockReference
  2
AI9-BLK346
 10
0
 20
0
 30
0
 41
1
 42
1
 43
0
 50
0
 70
    1
 71
    1
 44
0
 45
0
  0
ENDBLK
  5
458
330
456
100
AcDbEntity
  8
0
100
AcDbBlockEnd
  0
BLOCK
  5
45A
330
459
100
AcDbEntity
  8
0
100
AcDbBlockBegin
  2
AI9-BLK346
 70
    0
 10
0
 20
0
  3
AI9-BLK346
  1

  0
CIRCLE
  5
6CA
100
AcDbEntity
  8
LAYER_1
  6
ByLayer
 62
    7
370
   -1
100
AcDbCircle
 10
0
 20
0
 40
0.850766
  0
ENDBLK
  5
45B
330
459
100
AcDbEntity
  8
0
100
AcDbBlockEnd
  0
BLOCK
  5
45D
330
45C
100
AcDbEntity
  8
0
100
AcDbBlockBegin
  2
AI9-BLK347
 70
    0
 10
0
 20
0
  3
AI9-BLK347
  1

  0
INSERT
  5
6CB
100
AcDbEntity
  8
LAYER_1
  6
ByLayer
 62
    7
370
   -1
100
AcDbBlockReference
  2
AI9-BLK348
 10
0
 20
0
 30
0
 41
1
 42
1
 43
0
 50
0
 70
    1
 71
    1
 44
0
 45
0
  0
ENDBLK
  5
45E
330
45C
100
AcDbEntity
  8
0
100
AcDbBlockEnd
  0
BLOCK
  5
460
330
45F
100
AcDbEntity
  8
0
100
AcDbBlockBegin
  2
AI9-BLK348
 70
    0
 10
0
 20
0
  3
AI9-BLK348
  1

  0
CIRCLE
  5
6CC
100
AcDbEntity
  8
LAYER_1
  6
ByLayer
 62
    7
370
   -1
100
AcDbCircle
 10
0
 20
0
 40
0.850766
  0
ENDBLK
  5
461
330
45F
100
AcDbEntity
  8
0
100
AcDbBlockEnd
  0
BLOCK
  5
463
330
462
100
AcDbEntity
  8
0
100
AcDbBlockBegin
  2
AI9-BLK349
 70
    0
 10
0
 20
0
  3
AI9-BLK349
  1

  0
INSERT
  5
6CD
100
AcDbEntity
  8
LAYER_1
  6
ByLayer
 62
    7
370
   -1
100
AcDbBlockReference
  2
AI9-BLK350
 10
0
 20
0
 30
0
 41
1
 42
1
 43
0
 50
0
 70
    1
 71
    1
 44
0
 45
0
  0
ENDBLK
  5
464
330
462
100
AcDbEntity
  8
0
100
AcDbBlockEnd
  0
BLOCK
  5
466
330
465
100
AcDbEntity
  8
0
100
AcDbBlockBegin
  2
AI9-BLK350
 70
    0
 10
0
 20
0
  3
AI9-BLK350
  1

  0
CIRCLE
  5
6CE
100
AcDbEntity
  8
LAYER_1
  6
ByLayer
 62
    7
370
   -1
100
AcDbCircle
 10
-0.000172
 20
0
 40
1.474845
  0
ENDBLK
  5
467
330
465
100
AcDbEntity
  8
0
100
AcDbBlockEnd
  0
BLOCK
  5
469
330
468
100
AcDbEntity
  8
0
100
AcDbBlockBegin
  2
AI9-BLK351
 70
    0
 10
0
 20
0
  3
AI9-BLK351
  1

  0
INSERT
  5
6CF
100
AcDbEntity
  8
LAYER_1
  6
ByLayer
 62
    7
370
   -1
100
AcDbBlockReference
  2
AI9-BLK352
 10
0
 20
0
 30
0
 41
1
 42
1
 43
0
 50
0
 70
    1
 71
    1
 44
0
 45
0
  0
ENDBLK
  5
46A
330
468
100
AcDbEntity
  8
0
100
AcDbBlockEnd
  0
BLOCK
  5
46C
330
46B
100
AcDbEntity
  8
0
100
AcDbBlockBegin
  2
AI9-BLK352
 70
    0
 10
0
 20
0
  3
AI9-BLK352
  1

  0
CIRCLE
  5
6D0
100
AcDbEntity
  8
LAYER_1
  6
ByLayer
 62
    7
370
   -1
100
AcDbCircle
 10
0
 20
0
 40
1.474845
  0
ENDBLK
  5
46D
330
46B
100
AcDbEntity
  8
0
100
AcDbBlockEnd
  0
BLOCK
  5
46F
330
46E
100
AcDbEntity
  8
0
100
AcDbBlockBegin
  2
AI9-BLK353
 70
    0
 10
0
 20
0
  3
AI9-BLK353
  1

  0
INSERT
  5
6D1
100
AcDbEntity
  8
LAYER_1
  6
ByLayer
 62
    7
370
   -1
100
AcDbBlockReference
  2
AI9-BLK354
 10
0
 20
0
 30
0
 41
1
 42
1
 43
0
 50
0
 70
    1
 71
    1
 44
0
 45
0
  0
ENDBLK
  5
470
330
46E
100
AcDbEntity
  8
0
100
AcDbBlockEnd
  0
BLOCK
  5
472
330
471
100
AcDbEntity
  8
0
100
AcDbBlockBegin
  2
AI9-BLK354
 70
    0
 10
0
 20
0
  3
AI9-BLK354
  1

  0
CIRCLE
  5
6D2
100
AcDbEntity
  8
LAYER_1
  6
ByLayer
 62
    7
370
   -1
100
AcDbCircle
 10
0.000172
 20
0
 40
1.999878
  0
ENDBLK
  5
473
330
471
100
AcDbEntity
  8
0
100
AcDbBlockEnd
  0
BLOCK
  5
475
330
474
100
AcDbEntity
  8
0
100
AcDbBlockBegin
  2
AI9-BLK355
 70
    0
 10
0
 20
0
  3
AI9-BLK355
  1

  0
INSERT
  5
6D3
100
AcDbEntity
  8
LAYER_1
  6
ByLayer
 62
    7
370
   -1
100
AcDbBlockReference
  2
AI9-BLK356
 10
0
 20
0
 30
0
 41
1
 42
1
 43
0
 50
0
 70
    1
 71
    1
 44
0
 45
0
  0
ENDBLK
  5
476
330
474
100
AcDbEntity
  8
0
100
AcDbBlockEnd
  0
BLOCK
  5
478
330
477
100
AcDbEntity
  8
0
100
AcDbBlockBegin
  2
AI9-BLK356
 70
    0
 10
0
 20
0
  3
AI9-BLK356
  1

  0
CIRCLE
  5
6D4
100
AcDbEntity
  8
LAYER_1
  6
ByLayer
 62
    7
370
   -1
100
AcDbCircle
 10
0
 20
0
 40
0.850766
  0
ENDBLK
  5
479
330
477
100
AcDbEntity
  8
0
100
AcDbBlockEnd
  0
BLOCK
  5
47B
330
47A
100
AcDbEntity
  8
0
100
AcDbBlockBegin
  2
AI9-BLK357
 70
    0
 10
0
 20
0
  3
AI9-BLK357
  1

  0
INSERT
  5
6D5
100
AcDbEntity
  8
LAYER_1
  6
ByLayer
 62
    7
370
   -1
100
AcDbBlockReference
  2
AI9-BLK358
 10
0
 20
0
 30
0
 41
1
 42
1
 43
0
 50
0
 70
    1
 71
    1
 44
0
 45
0
  0
ENDBLK
  5
47C
330
47A
100
AcDbEntity
  8
0
100
AcDbBlockEnd
  0
BLOCK
  5
47E
330
47D
100
AcDbEntity
  8
0
100
AcDbBlockBegin
  2
AI9-BLK358
 70
    0
 10
0
 20
0
  3
AI9-BLK358
  1

  0
CIRCLE
  5
6D6
100
AcDbEntity
  8
LAYER_1
  6
ByLayer
 62
    7
370
   -1
100
AcDbCircle
 10
0
 20
0
 40
0.850766
  0
ENDBLK
  5
47F
330
47D
100
AcDbEntity
  8
0
100
AcDbBlockEnd
  0
BLOCK
  5
481
330
480
100
AcDbEntity
  8
0
100
AcDbBlockBegin
  2
AI9-BLK359
 70
    0
 10
0
 20
0
  3
AI9-BLK359
  1

  0
INSERT
  5
6D7
100
AcDbEntity
  8
LAYER_1
  6
ByLayer
 62
    7
370
   -1
100
AcDbBlockReference
  2
AI9-BLK360
 10
0
 20
0
 30
0
 41
1
 42
1
 43
0
 50
0
 70
    1
 71
    1
 44
0
 45
0
  0
ENDBLK
  5
482
330
480
100
AcDbEntity
  8
0
100
AcDbBlockEnd
  0
BLOCK
  5
484
330
483
100
AcDbEntity
  8
0
100
AcDbBlockBegin
  2
AI9-BLK360
 70
    0
 10
0
 20
0
  3
AI9-BLK360
  1

  0
CIRCLE
  5
6D8
100
AcDbEntity
  8
LAYER_1
  6
ByLayer
 62
    7
370
   -1
100
AcDbCircle
 10
-0.000172
 20
0
 40
1.474845
  0
ENDBLK
  5
485
330
483
100
AcDbEntity
  8
0
100
AcDbBlockEnd
  0
BLOCK
  5
487
330
486
100
AcDbEntity
  8
0
100
AcDbBlockBegin
  2
AI9-BLK361
 70
    0
 10
0
 20
0
  3
AI9-BLK361
  1

  0
INSERT
  5
6D9
100
AcDbEntity
  8
LAYER_1
  6
ByLayer
 62
    7
370
   -1
100
AcDbBlockReference
  2
AI9-BLK362
 10
0
 20
0
 30
0
 41
1
 42
1
 43
0
 50
0
 70
    1
 71
    1
 44
0
 45
0
  0
ENDBLK
  5
488
330
486
100
AcDbEntity
  8
0
100
AcDbBlockEnd
  0
BLOCK
  5
48A
330
489
100
AcDbEntity
  8
0
100
AcDbBlockBegin
  2
AI9-BLK362
 70
    0
 10
0
 20
0
  3
AI9-BLK362
  1

  0
CIRCLE
  5
6DA
100
AcDbEntity
  8
LAYER_1
  6
ByLayer
 62
    7
370
   -1
100
AcDbCircle
 10
0.000345
 20
0
 40
1.474845
  0
ENDBLK
  5
48B
330
489
100
AcDbEntity
  8
0
100
AcDbBlockEnd
  0
BLOCK
  5
48D
330
48C
100
AcDbEntity
  8
0
100
AcDbBlockBegin
  2
AI9-BLK363
 70
    0
 10
0
 20
0
  3
AI9-BLK363
  1

  0
INSERT
  5
6DB
100
AcDbEntity
  8
LAYER_1
  6
ByLayer
 62
    7
370
   -1
100
AcDbBlockReference
  2
AI9-BLK364
 10
0
 20
0
 30
0
 41
1
 42
1
 43
0
 50
0
 70
    1
 71
    1
 44
0
 45
0
  0
ENDBLK
  5
48E
330
48C
100
AcDbEntity
  8
0
100
AcDbBlockEnd
  0
BLOCK
  5
490
330
48F
100
AcDbEntity
  8
0
100
AcDbBlockBegin
  2
AI9-BLK364
 70
    0
 10
0
 20
0
  3
AI9-BLK364
  1

  0
CIRCLE
  5
6DC
100
AcDbEntity
  8
LAYER_1
  6
ByLayer
 62
    7
370
   -1
100
AcDbCircle
 10
-0.000172
 20
0
 40
1.999878
  0
ENDBLK
  5
491
330
48F
100
AcDbEntity
  8
0
100
AcDbBlockEnd
  0
BLOCK
  5
493
330
492
100
AcDbEntity
  8
0
100
AcDbBlockBegin
  2
AI9-BLK365
 70
    0
 10
0
 20
0
  3
AI9-BLK365
  1

  0
INSERT
  5
6DD
100
AcDbEntity
  8
LAYER_1
  6
ByLayer
 62
    7
370
   -1
100
AcDbBlockReference
  2
AI9-BLK366
 10
0
 20
0
 30
0
 41
1
 42
1
 43
0
 50
0
 70
    1
 71
    1
 44
0
 45
0
  0
ENDBLK
  5
494
330
492
100
AcDbEntity
  8
0
100
AcDbBlockEnd
  0
BLOCK
  5
496
330
495
100
AcDbEntity
  8
0
100
AcDbBlockBegin
  2
AI9-BLK366
 70
    0
 10
0
 20
0
  3
AI9-BLK366
  1

  0
CIRCLE
  5
6DE
100
AcDbEntity
  8
LAYER_1
  6
ByLayer
 62
    7
370
   -1
100
AcDbCircle
 10
0
 20
0
 40
0.850766
  0
ENDBLK
  5
497
330
495
100
AcDbEntity
  8
0
100
AcDbBlockEnd
  0
BLOCK
  5
499
330
498
100
AcDbEntity
  8
0
100
AcDbBlockBegin
  2
AI9-BLK367
 70
    0
 10
0
 20
0
  3
AI9-BLK367
  1

  0
INSERT
  5
6DF
100
AcDbEntity
  8
LAYER_1
  6
ByLayer
 62
    7
370
   -1
100
AcDbBlockReference
  2
AI9-BLK368
 10
0
 20
0
 30
0
 41
1
 42
1
 43
0
 50
0
 70
    1
 71
    1
 44
0
 45
0
  0
ENDBLK
  5
49A
330
498
100
AcDbEntity
  8
0
100
AcDbBlockEnd
  0
BLOCK
  5
49C
330
49B
100
AcDbEntity
  8
0
100
AcDbBlockBegin
  2
AI9-BLK368
 70
    0
 10
0
 20
0
  3
AI9-BLK368
  1

  0
CIRCLE
  5
6E0
100
AcDbEntity
  8
LAYER_1
  6
ByLayer
 62
    7
370
   -1
100
AcDbCircle
 10
0
 20
0
 40
0.850766
  0
ENDBLK
  5
49D
330
49B
100
AcDbEntity
  8
0
100
AcDbBlockEnd
  0
BLOCK
  5
49F
330
49E
100
AcDbEntity
  8
0
100
AcDbBlockBegin
  2
AI9-BLK369
 70
    0
 10
0
 20
0
  3
AI9-BLK369
  1

  0
INSERT
  5
6E1
100
AcDbEntity
  8
LAYER_1
  6
ByLayer
 62
    7
370
   -1
100
AcDbBlockReference
  2
AI9-BLK370
 10
0
 20
0
 30
0
 41
1
 42
1
 43
0
 50
0
 70
    1
 71
    1
 44
0
 45
0
  0
ENDBLK
  5
4A0
330
49E
100
AcDbEntity
  8
0
100
AcDbBlockEnd
  0
BLOCK
  5
4A2
330
4A1
100
AcDbEntity
  8
0
100
AcDbBlockBegin
  2
AI9-BLK370
 70
    0
 10
0
 20
0
  3
AI9-BLK370
  1

  0
CIRCLE
  5
6E2
100
AcDbEntity
  8
LAYER_1
  6
ByLayer
 62
    7
370
   -1
100
AcDbCircle
 10
0
 20
0
 40
1.474845
  0
ENDBLK
  5
4A3
330
4A1
100
AcDbEntity
  8
0
100
AcDbBlockEnd
  0
BLOCK
  5
4A5
330
4A4
100
AcDbEntity
  8
0
100
AcDbBlockBegin
  2
AI9-BLK371
 70
    0
 10
0
 20
0
  3
AI9-BLK371
  1

  0
INSERT
  5
6E3
100
AcDbEntity
  8
LAYER_1
  6
ByLayer
 62
    7
370
   -1
100
AcDbBlockReference
  2
AI9-BLK372
 10
0
 20
0
 30
0
 41
1
 42
1
 43
0
 50
0
 70
    1
 71
    1
 44
0
 45
0
  0
ENDBLK
  5
4A6
330
4A4
100
AcDbEntity
  8
0
100
AcDbBlockEnd
  0
BLOCK
  5
4A8
330
4A7
100
AcDbEntity
  8
0
100
AcDbBlockBegin
  2
AI9-BLK372
 70
    0
 10
0
 20
0
  3
AI9-BLK372
  1

  0
CIRCLE
  5
6E4
100
AcDbEntity
  8
LAYER_1
  6
ByLayer
 62
    7
370
   -1
100
AcDbCircle
 10
0.000172
 20
0
 40
1.474845
  0
ENDBLK
  5
4A9
330
4A7
100
AcDbEntity
  8
0
100
AcDbBlockEnd
  0
BLOCK
  5
4AB
330
4AA
100
AcDbEntity
  8
0
100
AcDbBlockBegin
  2
AI9-BLK373
 70
    0
 10
0
 20
0
  3
AI9-BLK373
  1

  0
INSERT
  5
6E5
100
AcDbEntity
  8
LAYER_1
  6
ByLayer
 62
    7
370
   -1
100
AcDbBlockReference
  2
AI9-BLK374
 10
0
 20
0
 30
0
 41
1
 42
1
 43
0
 50
0
 70
    1
 71
    1
 44
0
 45
0
  0
ENDBLK
  5
4AC
330
4AA
100
AcDbEntity
  8
0
100
AcDbBlockEnd
  0
BLOCK
  5
4AE
330
4AD
100
AcDbEntity
  8
0
100
AcDbBlockBegin
  2
AI9-BLK374
 70
    0
 10
0
 20
0
  3
AI9-BLK374
  1

  0
CIRCLE
  5
6E6
100
AcDbEntity
  8
LAYER_1
  6
ByLayer
 62
    7
370
   -1
100
AcDbCircle
 10
-0.000172
 20
0
 40
1.999878
  0
ENDBLK
  5
4AF
330
4AD
100
AcDbEntity
  8
0
100
AcDbBlockEnd
  0
BLOCK
  5
4B1
330
4B0
100
AcDbEntity
  8
0
100
AcDbBlockBegin
  2
AI9-BLK375
 70
    0
 10
0
 20
0
  3
AI9-BLK375
  1

  0
INSERT
  5
6E7
100
AcDbEntity
  8
LAYER_1
  6
ByLayer
 62
    7
370
   -1
100
AcDbBlockReference
  2
AI9-BLK376
 10
0
 20
0
 30
0
 41
1
 42
1
 43
0
 50
0
 70
    1
 71
    1
 44
0
 45
0
  0
ENDBLK
  5
4B2
330
4B0
100
AcDbEntity
  8
0
100
AcDbBlockEnd
  0
BLOCK
  5
4B4
330
4B3
100
AcDbEntity
  8
0
100
AcDbBlockBegin
  2
AI9-BLK376
 70
    0
 10
0
 20
0
  3
AI9-BLK376
  1

  0
CIRCLE
  5
6E8
100
AcDbEntity
  8
LAYER_1
  6
ByLayer
 62
    7
370
   -1
100
AcDbCircle
 10
0
 20
0
 40
0.850766
  0
ENDBLK
  5
4B5
330
4B3
100
AcDbEntity
  8
0
100
AcDbBlockEnd
  0
BLOCK
  5
4B7
330
4B6
100
AcDbEntity
  8
0
100
AcDbBlockBegin
  2
AI9-BLK377
 70
    0
 10
0
 20
0
  3
AI9-BLK377
  1

  0
INSERT
  5
6E9
100
AcDbEntity
  8
LAYER_1
  6
ByLayer
 62
    7
370
   -1
100
AcDbBlockReference
  2
AI9-BLK378
 10
0
 20
0
 30
0
 41
1
 42
1
 43
0
 50
0
 70
    1
 71
    1
 44
0
 45
0
  0
ENDBLK
  5
4B8
330
4B6
100
AcDbEntity
  8
0
100
AcDbBlockEnd
  0
BLOCK
  5
4BA
330
4B9
100
AcDbEntity
  8
0
100
AcDbBlockBegin
  2
AI9-BLK378
 70
    0
 10
0
 20
0
  3
AI9-BLK378
  1

  0
CIRCLE
  5
6EA
100
AcDbEntity
  8
LAYER_1
  6
ByLayer
 62
    7
370
   -1
100
AcDbCircle
 10
0
 20
0
 40
0.850766
  0
ENDBLK
  5
4BB
330
4B9
100
AcDbEntity
  8
0
100
AcDbBlockEnd
  0
BLOCK
  5
4BD
330
4BC
100
AcDbEntity
  8
0
100
AcDbBlockBegin
  2
AI9-BLK379
 70
    0
 10
0
 20
0
  3
AI9-BLK379
  1

  0
INSERT
  5
6EB
100
AcDbEntity
  8
LAYER_1
  6
ByLayer
 62
    7
370
   -1
100
AcDbBlockReference
  2
AI9-BLK380
 10
0
 20
0
 30
0
 41
1
 42
1
 43
0
 50
0
 70
    1
 71
    1
 44
0
 45
0
  0
ENDBLK
  5
4BE
330
4BC
100
AcDbEntity
  8
0
100
AcDbBlockEnd
  0
BLOCK
  5
4C0
330
4BF
100
AcDbEntity
  8
0
100
AcDbBlockBegin
  2
AI9-BLK380
 70
    0
 10
0
 20
0
  3
AI9-BLK380
  1

  0
CIRCLE
  5
6EC
100
AcDbEntity
  8
LAYER_1
  6
ByLayer
 62
    7
370
   -1
100
AcDbCircle
 10
0
 20
0
 40
1.474845
  0
ENDBLK
  5
4C1
330
4BF
100
AcDbEntity
  8
0
100
AcDbBlockEnd
  0
BLOCK
  5
4C3
330
4C2
100
AcDbEntity
  8
0
100
AcDbBlockBegin
  2
AI9-BLK381
 70
    0
 10
0
 20
0
  3
AI9-BLK381
  1

  0
INSERT
  5
6ED
100
AcDbEntity
  8
LAYER_1
  6
ByLayer
 62
    7
370
   -1
100
AcDbBlockReference
  2
AI9-BLK382
 10
0
 20
0
 30
0
 41
1
 42
1
 43
0
 50
0
 70
    1
 71
    1
 44
0
 45
0
  0
ENDBLK
  5
4C4
330
4C2
100
AcDbEntity
  8
0
100
AcDbBlockEnd
  0
BLOCK
  5
4C6
330
4C5
100
AcDbEntity
  8
0
100
AcDbBlockBegin
  2
AI9-BLK382
 70
    0
 10
0
 20
0
  3
AI9-BLK382
  1

  0
CIRCLE
  5
6EE
100
AcDbEntity
  8
LAYER_1
  6
ByLayer
 62
    7
370
   -1
100
AcDbCircle
 10
0
 20
0
 40
1.474845
  0
ENDBLK
  5
4C7
330
4C5
100
AcDbEntity
  8
0
100
AcDbBlockEnd
  0
BLOCK
  5
4C9
330
4C8
100
AcDbEntity
  8
0
100
AcDbBlockBegin
  2
AI9-BLK383
 70
    0
 10
0
 20
0
  3
AI9-BLK383
  1

  0
INSERT
  5
6EF
100
AcDbEntity
  8
LAYER_1
  6
ByLayer
 62
    7
370
   -1
100
AcDbBlockReference
  2
AI9-BLK384
 10
0
 20
0
 30
0
 41
1
 42
1
 43
0
 50
0
 70
    1
 71
    1
 44
0
 45
0
  0
ENDBLK
  5
4CA
330
4C8
100
AcDbEntity
  8
0
100
AcDbBlockEnd
  0
BLOCK
  5
4CC
330
4CB
100
AcDbEntity
  8
0
100
AcDbBlockBegin
  2
AI9-BLK384
 70
    0
 10
0
 20
0
  3
AI9-BLK384
  1

  0
CIRCLE
  5
6F0
100
AcDbEntity
  8
LAYER_1
  6
ByLayer
 62
    7
370
   -1
100
AcDbCircle
 10
-0.000345
 20
0
 40
1.999878
  0
ENDBLK
  5
4CD
330
4CB
100
AcDbEntity
  8
0
100
AcDbBlockEnd
  0
BLOCK
  5
4CF
330
4CE
100
AcDbEntity
  8
0
100
AcDbBlockBegin
  2
AI9-BLK385
 70
    0
 10
0
 20
0
  3
AI9-BLK385
  1

  0
INSERT
  5
6F1
100
AcDbEntity
  8
LAYER_1
  6
ByLayer
 62
    7
370
   -1
100
AcDbBlockReference
  2
AI9-BLK386
 10
0
 20
0
 30
0
 41
1
 42
1
 43
0
 50
0
 70
    1
 71
    1
 44
0
 45
0
  0
ENDBLK
  5
4D0
330
4CE
100
AcDbEntity
  8
0
100
AcDbBlockEnd
  0
BLOCK
  5
4D2
330
4D1
100
AcDbEntity
  8
0
100
AcDbBlockBegin
  2
AI9-BLK386
 70
    0
 10
0
 20
0
  3
AI9-BLK386
  1

  0
CIRCLE
  5
6F2
100
AcDbEntity
  8
LAYER_1
  6
ByLayer
 62
    7
370
   -1
100
AcDbCircle
 10
0
 20
0
 40
0.850766
  0
ENDBLK
  5
4D3
330
4D1
100
AcDbEntity
  8
0
100
AcDbBlockEnd
  0
BLOCK
  5
4D5
330
4D4
100
AcDbEntity
  8
0
100
AcDbBlockBegin
  2
AI9-BLK387
 70
    0
 10
0
 20
0
  3
AI9-BLK387
  1

  0
INSERT
  5
6F3
100
AcDbEntity
  8
LAYER_1
  6
ByLayer
 62
    7
370
   -1
100
AcDbBlockReference
  2
AI9-BLK388
 10
0
 20
0
 30
0
 41
1
 42
1
 43
0
 50
0
 70
    1
 71
    1
 44
0
 45
0
  0
ENDBLK
  5
4D6
330
4D4
100
AcDbEntity
  8
0
100
AcDbBlockEnd
  0
BLOCK
  5
4D8
330
4D7
100
AcDbEntity
  8
0
100
AcDbBlockBegin
  2
AI9-BLK388
 70
    0
 10
0
 20
0
  3
AI9-BLK388
  1

  0
CIRCLE
  5
6F4
100
AcDbEntity
  8
LAYER_1
  6
ByLayer
 62
    7
370
   -1
100
AcDbCircle
 10
0
 20
0
 40
0.850766
  0
ENDBLK
  5
4D9
330
4D7
100
AcDbEntity
  8
0
100
AcDbBlockEnd
  0
BLOCK
  5
4DB
330
4DA
100
AcDbEntity
  8
0
100
AcDbBlockBegin
  2
AI9-BLK389
 70
    0
 10
0
 20
0
  3
AI9-BLK389
  1

  0
INSERT
  5
6F5
100
AcDbEntity
  8
LAYER_1
  6
ByLayer
 62
    7
370
   -1
100
AcDbBlockReference
  2
AI9-BLK390
 10
0
 20
0
 30
0
 41
1
 42
1
 43
0
 50
0
 70
    1
 71
    1
 44
0
 45
0
  0
ENDBLK
  5
4DC
330
4DA
100
AcDbEntity
  8
0
100
AcDbBlockEnd
  0
BLOCK
  5
4DE
330
4DD
100
AcDbEntity
  8
0
100
AcDbBlockBegin
  2
AI9-BLK390
 70
    0
 10
0
 20
0
  3
AI9-BLK390
  1

  0
CIRCLE
  5
6F6
100
AcDbEntity
  8
LAYER_1
  6
ByLayer
 62
    7
370
   -1
100
AcDbCircle
 10
0.000172
 20
0
 40
1.474845
  0
ENDBLK
  5
4DF
330
4DD
100
AcDbEntity
  8
0
100
AcDbBlockEnd
  0
BLOCK
  5
4E1
330
4E0
100
AcDbEntity
  8
0
100
AcDbBlockBegin
  2
AI9-BLK391
 70
    0
 10
0
 20
0
  3
AI9-BLK391
  1

  0
INSERT
  5
6F7
100
AcDbEntity
  8
LAYER_1
  6
ByLayer
 62
    7
370
   -1
100
AcDbBlockReference
  2
AI9-BLK392
 10
0
 20
0
 30
0
 41
1
 42
1
 43
0
 50
0
 70
    1
 71
    1
 44
0
 45
0
  0
ENDBLK
  5
4E2
330
4E0
100
AcDbEntity
  8
0
100
AcDbBlockEnd
  0
BLOCK
  5
4E4
330
4E3
100
AcDbEntity
  8
0
100
AcDbBlockBegin
  2
AI9-BLK392
 70
    0
 10
0
 20
0
  3
AI9-BLK392
  1

  0
CIRCLE
  5
6F8
100
AcDbEntity
  8
LAYER_1
  6
ByLayer
 62
    7
370
   -1
100
AcDbCircle
 10
0
 20
0
 40
1.474845
  0
ENDBLK
  5
4E5
330
4E3
100
AcDbEntity
  8
0
100
AcDbBlockEnd
  0
BLOCK
  5
4E7
330
4E6
100
AcDbEntity
  8
0
100
AcDbBlockBegin
  2
AI9-BLK393
 70
    0
 10
0
 20
0
  3
AI9-BLK393
  1

  0
INSERT
  5
6F9
100
AcDbEntity
  8
LAYER_1
  6
ByLayer
 62
    7
370
   -1
100
AcDbBlockReference
  2
AI9-BLK394
 10
0
 20
0
 30
0
 41
1
 42
1
 43
0
 50
0
 70
    1
 71
    1
 44
0
 45
0
  0
ENDBLK
  5
4E8
330
4E6
100
AcDbEntity
  8
0
100
AcDbBlockEnd
  0
BLOCK
  5
4EA
330
4E9
100
AcDbEntity
  8
0
100
AcDbBlockBegin
  2
AI9-BLK394
 70
    0
 10
0
 20
0
  3
AI9-BLK394
  1

  0
CIRCLE
  5
6FA
100
AcDbEntity
  8
LAYER_1
  6
ByLayer
 62
    7
370
   -1
100
AcDbCircle
 10
0
 20
0
 40
1.999878
  0
ENDBLK
  5
4EB
330
4E9
100
AcDbEntity
  8
0
100
AcDbBlockEnd
  0
BLOCK
  5
4ED
330
4EC
100
AcDbEntity
  8
0
100
AcDbBlockBegin
  2
AI9-BLK395
 70
    0
 10
0
 20
0
  3
AI9-BLK395
  1

  0
INSERT
  5
6FB
100
AcDbEntity
  8
LAYER_1
  6
ByLayer
 62
    7
370
   -1
100
AcDbBlockReference
  2
AI9-BLK396
 10
0
 20
0
 30
0
 41
1
 42
1
 43
0
 50
0
 70
    1
 71
    1
 44
0
 45
0
  0
ENDBLK
  5
4EE
330
4EC
100
AcDbEntity
  8
0
100
AcDbBlockEnd
  0
BLOCK
  5
4F0
330
4EF
100
AcDbEntity
  8
0
100
AcDbBlockBegin
  2
AI9-BLK396
 70
    0
 10
0
 20
0
  3
AI9-BLK396
  1

  0
CIRCLE
  5
6FC
100
AcDbEntity
  8
LAYER_1
  6
ByLayer
 62
    7
370
   -1
100
AcDbCircle
 10
0
 20
0
 40
0.850766
  0
ENDBLK
  5
4F1
330
4EF
100
AcDbEntity
  8
0
100
AcDbBlockEnd
  0
BLOCK
  5
4F3
330
4F2
100
AcDbEntity
  8
0
100
AcDbBlockBegin
  2
AI9-BLK397
 70
    0
 10
0
 20
0
  3
AI9-BLK397
  1

  0
INSERT
  5
6FD
100
AcDbEntity
  8
LAYER_1
  6
ByLayer
 62
    7
370
   -1
100
AcDbBlockReference
  2
AI9-BLK398
 10
0
 20
0
 30
0
 41
1
 42
1
 43
0
 50
0
 70
    1
 71
    1
 44
0
 45
0
  0
ENDBLK
  5
4F4
330
4F2
100
AcDbEntity
  8
0
100
AcDbBlockEnd
  0
BLOCK
  5
4F6
330
4F5
100
AcDbEntity
  8
0
100
AcDbBlockBegin
  2
AI9-BLK398
 70
    0
 10
0
 20
0
  3
AI9-BLK398
  1

  0
CIRCLE
  5
6FE
100
AcDbEntity
  8
LAYER_1
  6
ByLayer
 62
    7
370
   -1
100
AcDbCircle
 10
-0.000172
 20
0
 40
0.850766
  0
ENDBLK
  5
4F7
330
4F5
100
AcDbEntity
  8
0
100
AcDbBlockEnd
  0
BLOCK
  5
4F9
330
4F8
100
AcDbEntity
  8
0
100
AcDbBlockBegin
  2
AI9-BLK399
 70
    0
 10
0
 20
0
  3
AI9-BLK399
  1

  0
INSERT
  5
6FF
100
AcDbEntity
  8
LAYER_1
  6
ByLayer
 62
    7
370
   -1
100
AcDbBlockReference
  2
AI9-BLK400
 10
0
 20
0
 30
0
 41
1
 42
1
 43
0
 50
0
 70
    1
 71
    1
 44
0
 45
0
  0
ENDBLK
  5
4FA
330
4F8
100
AcDbEntity
  8
0
100
AcDbBlockEnd
  0
BLOCK
  5
4FC
330
4FB
100
AcDbEntity
  8
0
100
AcDbBlockBegin
  2
AI9-BLK400
 70
    0
 10
0
 20
0
  3
AI9-BLK400
  1

  0
CIRCLE
  5
700
100
AcDbEntity
  8
LAYER_1
  6
ByLayer
 62
    7
370
   -1
100
AcDbCircle
 10
0.000172
 20
0
 40
1.474845
  0
ENDBLK
  5
4FD
330
4FB
100
AcDbEntity
  8
0
100
AcDbBlockEnd
  0
BLOCK
  5
4FF
330
4FE
100
AcDbEntity
  8
0
100
AcDbBlockBegin
  2
AI9-BLK401
 70
    0
 10
0
 20
0
  3
AI9-BLK401
  1

  0
INSERT
  5
701
100
AcDbEntity
  8
LAYER_1
  6
ByLayer
 62
    7
370
   -1
100
AcDbBlockReference
  2
AI9-BLK402
 10
0
 20
0
 30
0
 41
1
 42
1
 43
0
 50
0
 70
    1
 71
    1
 44
0
 45
0
  0
ENDBLK
  5
500
330
4FE
100
AcDbEntity
  8
0
100
AcDbBlockEnd
  0
BLOCK
  5
502
330
501
100
AcDbEntity
  8
0
100
AcDbBlockBegin
  2
AI9-BLK402
 70
    0
 10
0
 20
0
  3
AI9-BLK402
  1

  0
CIRCLE
  5
702
100
AcDbEntity
  8
LAYER_1
  6
ByLayer
 62
    7
370
   -1
100
AcDbCircle
 10
-0.000172
 20
0
 40
1.474845
  0
ENDBLK
  5
503
330
501
100
AcDbEntity
  8
0
100
AcDbBlockEnd
  0
BLOCK
  5
505
330
504
100
AcDbEntity
  8
0
100
AcDbBlockBegin
  2
AI9-BLK403
 70
    0
 10
0
 20
0
  3
AI9-BLK403
  1

  0
INSERT
  5
703
100
AcDbEntity
  8
LAYER_1
  6
ByLayer
 62
    7
370
   -1
100
AcDbBlockReference
  2
AI9-BLK404
 10
0
 20
0
 30
0
 41
1
 42
1
 43
0
 50
0
 70
    1
 71
    1
 44
0
 45
0
  0
ENDBLK
  5
506
330
504
100
AcDbEntity
  8
0
100
AcDbBlockEnd
  0
BLOCK
  5
508
330
507
100
AcDbEntity
  8
0
100
AcDbBlockBegin
  2
AI9-BLK404
 70
    0
 10
0
 20
0
  3
AI9-BLK404
  1

  0
CIRCLE
  5
704
100
AcDbEntity
  8
LAYER_1
  6
ByLayer
 62
    7
370
   -1
100
AcDbCircle
 10
0
 20
0
 40
1.999878
  0
ENDBLK
  5
509
330
507
100
AcDbEntity
  8
0
100
AcDbBlockEnd
  0
BLOCK
  5
50B
330
50A
100
AcDbEntity
  8
0
100
AcDbBlockBegin
  2
AI9-BLK405
 70
    0
 10
0
 20
0
  3
AI9-BLK405
  1

  0
INSERT
  5
705
100
AcDbEntity
  8
LAYER_1
  6
ByLayer
 62
    7
370
   -1
100
AcDbBlockReference
  2
AI9-BLK406
 10
0
 20
0
 30
0
 41
1
 42
1
 43
0
 50
0
 70
    1
 71
    1
 44
0
 45
0
  0
ENDBLK
  5
50C
330
50A
100
AcDbEntity
  8
0
100
AcDbBlockEnd
  0
BLOCK
  5
50E
330
50D
100
AcDbEntity
  8
0
100
AcDbBlockBegin
  2
AI9-BLK406
 70
    0
 10
0
 20
0
  3
AI9-BLK406
  1

  0
CIRCLE
  5
706
100
AcDbEntity
  8
LAYER_1
  6
ByLayer
 62
    7
370
   -1
100
AcDbCircle
 10
0
 20
0
 40
0.850766
  0
ENDBLK
  5
50F
330
50D
100
AcDbEntity
  8
0
100
AcDbBlockEnd
  0
BLOCK
  5
511
330
510
100
AcDbEntity
  8
0
100
AcDbBlockBegin
  2
AI9-BLK407
 70
    0
 10
0
 20
0
  3
AI9-BLK407
  1

  0
INSERT
  5
707
100
AcDbEntity
  8
LAYER_1
  6
ByLayer
 62
    7
370
   -1
100
AcDbBlockReference
  2
AI9-BLK408
 10
0
 20
0
 30
0
 41
1
 42
1
 43
0
 50
0
 70
    1
 71
    1
 44
0
 45
0
  0
ENDBLK
  5
512
330
510
100
AcDbEntity
  8
0
100
AcDbBlockEnd
  0
BLOCK
  5
514
330
513
100
AcDbEntity
  8
0
100
AcDbBlockBegin
  2
AI9-BLK408
 70
    0
 10
0
 20
0
  3
AI9-BLK408
  1

  0
CIRCLE
  5
708
100
AcDbEntity
  8
LAYER_1
  6
ByLayer
 62
    7
370
   -1
100
AcDbCircle
 10
0
 20
0
 40
0.850766
  0
ENDBLK
  5
515
330
513
100
AcDbEntity
  8
0
100
AcDbBlockEnd
  0
BLOCK
  5
517
330
516
100
AcDbEntity
  8
0
100
AcDbBlockBegin
  2
AI9-BLK409
 70
    0
 10
0
 20
0
  3
AI9-BLK409
  1

  0
INSERT
  5
709
100
AcDbEntity
  8
LAYER_1
  6
ByLayer
 62
    7
370
   -1
100
AcDbBlockReference
  2
AI9-BLK410
 10
0
 20
0
 30
0
 41
1
 42
1
 43
0
 50
0
 70
    1
 71
    1
 44
0
 45
0
  0
ENDBLK
  5
518
330
516
100
AcDbEntity
  8
0
100
AcDbBlockEnd
  0
BLOCK
  5
51A
330
519
100
AcDbEntity
  8
0
100
AcDbBlockBegin
  2
AI9-BLK410
 70
    0
 10
0
 20
0
  3
AI9-BLK410
  1

  0
CIRCLE
  5
70A
100
AcDbEntity
  8
LAYER_1
  6
ByLayer
 62
    7
370
   -1
100
AcDbCircle
 10
0
 20
0
 40
1.474845
  0
ENDBLK
  5
51B
330
519
100
AcDbEntity
  8
0
100
AcDbBlockEnd
  0
BLOCK
  5
51D
330
51C
100
AcDbEntity
  8
0
100
AcDbBlockBegin
  2
AI9-BLK411
 70
    0
 10
0
 20
0
  3
AI9-BLK411
  1

  0
INSERT
  5
70B
100
AcDbEntity
  8
LAYER_1
  6
ByLayer
 62
    7
370
   -1
100
AcDbBlockReference
  2
AI9-BLK412
 10
0
 20
0
 30
0
 41
1
 42
1
 43
0
 50
0
 70
    1
 71
    1
 44
0
 45
0
  0
ENDBLK
  5
51E
330
51C
100
AcDbEntity
  8
0
100
AcDbBlockEnd
  0
BLOCK
  5
520
330
51F
100
AcDbEntity
  8
0
100
AcDbBlockBegin
  2
AI9-BLK412
 70
    0
 10
0
 20
0
  3
AI9-BLK412
  1

  0
CIRCLE
  5
70C
100
AcDbEntity
  8
LAYER_1
  6
ByLayer
 62
    7
370
   -1
100
AcDbCircle
 10
-0.000172
 20
0
 40
1.474845
  0
ENDBLK
  5
521
330
51F
100
AcDbEntity
  8
0
100
AcDbBlockEnd
  0
BLOCK
  5
523
330
522
100
AcDbEntity
  8
0
100
AcDbBlockBegin
  2
AI9-BLK413
 70
    0
 10
0
 20
0
  3
AI9-BLK413
  1

  0
INSERT
  5
70D
100
AcDbEntity
  8
LAYER_1
  6
ByLayer
 62
    7
370
   -1
100
AcDbBlockReference
  2
AI9-BLK414
 10
0
 20
0
 30
0
 41
1
 42
1
 43
0
 50
0
 70
    1
 71
    1
 44
0
 45
0
  0
ENDBLK
  5
524
330
522
100
AcDbEntity
  8
0
100
AcDbBlockEnd
  0
BLOCK
  5
526
330
525
100
AcDbEntity
  8
0
100
AcDbBlockBegin
  2
AI9-BLK414
 70
    0
 10
0
 20
0
  3
AI9-BLK414
  1

  0
CIRCLE
  5
70E
100
AcDbEntity
  8
LAYER_1
  6
ByLayer
 62
    7
370
   -1
100
AcDbCircle
 10
0.000172
 20
0
 40
1.999878
  0
ENDBLK
  5
527
330
525
100
AcDbEntity
  8
0
100
AcDbBlockEnd
  0
BLOCK
  5
529
330
528
100
AcDbEntity
  8
0
100
AcDbBlockBegin
  2
AI9-BLK415
 70
    0
 10
0
 20
0
  3
AI9-BLK415
  1

  0
INSERT
  5
70F
100
AcDbEntity
  8
LAYER_1
  6
ByLayer
 62
    7
370
   -1
100
AcDbBlockReference
  2
AI9-BLK416
 10
0
 20
0
 30
0
 41
1
 42
1
 43
0
 50
0
 70
    1
 71
    1
 44
0
 45
0
  0
ENDBLK
  5
52A
330
528
100
AcDbEntity
  8
0
100
AcDbBlockEnd
  0
BLOCK
  5
52C
330
52B
100
AcDbEntity
  8
0
100
AcDbBlockBegin
  2
AI9-BLK416
 70
    0
 10
0
 20
0
  3
AI9-BLK416
  1

  0
CIRCLE
  5
710
100
AcDbEntity
  8
LAYER_1
  6
ByLayer
 62
    7
370
   -1
100
AcDbCircle
 10
0
 20
0
 40
0.850766
  0
ENDBLK
  5
52D
330
52B
100
AcDbEntity
  8
0
100
AcDbBlockEnd
  0
BLOCK
  5
52F
330
52E
100
AcDbEntity
  8
0
100
AcDbBlockBegin
  2
AI9-BLK417
 70
    0
 10
0
 20
0
  3
AI9-BLK417
  1

  0
INSERT
  5
711
100
AcDbEntity
  8
LAYER_1
  6
ByLayer
 62
    7
370
   -1
100
AcDbBlockReference
  2
AI9-BLK418
 10
0
 20
0
 30
0
 41
1
 42
1
 43
0
 50
0
 70
    1
 71
    1
 44
0
 45
0
  0
ENDBLK
  5
530
330
52E
100
AcDbEntity
  8
0
100
AcDbBlockEnd
  0
BLOCK
  5
532
330
531
100
AcDbEntity
  8
0
100
AcDbBlockBegin
  2
AI9-BLK418
 70
    0
 10
0
 20
0
  3
AI9-BLK418
  1

  0
CIRCLE
  5
712
100
AcDbEntity
  8
LAYER_1
  6
ByLayer
 62
    7
370
   -1
100
AcDbCircle
 10
0.000172
 20
0
 40
0.850766
  0
ENDBLK
  5
533
330
531
100
AcDbEntity
  8
0
100
AcDbBlockEnd
  0
BLOCK
  5
535
330
534
100
AcDbEntity
  8
0
100
AcDbBlockBegin
  2
AI9-BLK419
 70
    0
 10
0
 20
0
  3
AI9-BLK419
  1

  0
INSERT
  5
713
100
AcDbEntity
  8
LAYER_1
  6
ByLayer
 62
    7
370
   -1
100
AcDbBlockReference
  2
AI9-BLK420
 10
0
 20
0
 30
0
 41
1
 42
1
 43
0
 50
0
 70
    1
 71
    1
 44
0
 45
0
  0
ENDBLK
  5
536
330
534
100
AcDbEntity
  8
0
100
AcDbBlockEnd
  0
BLOCK
  5
538
330
537
100
AcDbEntity
  8
0
100
AcDbBlockBegin
  2
AI9-BLK420
 70
    0
 10
0
 20
0
  3
AI9-BLK420
  1

  0
CIRCLE
  5
714
100
AcDbEntity
  8
LAYER_1
  6
ByLayer
 62
    7
370
   -1
100
AcDbCircle
 10
0
 20
0
 40
1.474845
  0
ENDBLK
  5
539
330
537
100
AcDbEntity
  8
0
100
AcDbBlockEnd
  0
BLOCK
  5
53B
330
53A
100
AcDbEntity
  8
0
100
AcDbBlockBegin
  2
AI9-BLK421
 70
    0
 10
0
 20
0
  3
AI9-BLK421
  1

  0
INSERT
  5
715
100
AcDbEntity
  8
LAYER_1
  6
ByLayer
 62
    7
370
   -1
100
AcDbBlockReference
  2
AI9-BLK422
 10
0
 20
0
 30
0
 41
1
 42
1
 43
0
 50
0
 70
    1
 71
    1
 44
0
 45
0
  0
ENDBLK
  5
53C
330
53A
100
AcDbEntity
  8
0
100
AcDbBlockEnd
  0
BLOCK
  5
53E
330
53D
100
AcDbEntity
  8
0
100
AcDbBlockBegin
  2
AI9-BLK422
 70
    0
 10
0
 20
0
  3
AI9-BLK422
  1

  0
CIRCLE
  5
716
100
AcDbEntity
  8
LAYER_1
  6
ByLayer
 62
    7
370
   -1
100
AcDbCircle
 10
0
 20
0
 40
1.474845
  0
ENDBLK
  5
53F
330
53D
100
AcDbEntity
  8
0
100
AcDbBlockEnd
  0
BLOCK
  5
541
330
540
100
AcDbEntity
  8
0
100
AcDbBlockBegin
  2
AI9-BLK423
 70
    0
 10
0
 20
0
  3
AI9-BLK423
  1

  0
INSERT
  5
717
100
AcDbEntity
  8
LAYER_1
  6
ByLayer
 62
    7
370
   -1
100
AcDbBlockReference
  2
AI9-BLK424
 10
0
 20
0
 30
0
 41
1
 42
1
 43
0
 50
0
 70
    1
 71
    1
 44
0
 45
0
  0
ENDBLK
  5
542
330
540
100
AcDbEntity
  8
0
100
AcDbBlockEnd
  0
BLOCK
  5
544
330
543
100
AcDbEntity
  8
0
100
AcDbBlockBegin
  2
AI9-BLK424
 70
    0
 10
0
 20
0
  3
AI9-BLK424
  1

  0
CIRCLE
  5
718
100
AcDbEntity
  8
LAYER_1
  6
ByLayer
 62
    7
370
   -1
100
AcDbCircle
 10
0.000172
 20
0
 40
1.999878
  0
ENDBLK
  5
545
330
543
100
AcDbEntity
  8
0
100
AcDbBlockEnd
  0
BLOCK
  5
547
330
546
100
AcDbEntity
  8
0
100
AcDbBlockBegin
  2
AI9-BLK425
 70
    0
 10
0
 20
0
  3
AI9-BLK425
  1

  0
LINE
  5
719
100
AcDbEntity
  8
LAYER_1
  6
ByLayer
 62
    7
370
   -1
100
AcDbLine
 10
0
 20
-0.299723
 11
0
 21
0.300068
  0
LINE
  5
71A
100
AcDbEntity
  8
LAYER_1
  6
ByLayer
 62
    7
370
   -1
100
AcDbLine
 10
0
 20
0.300068
 11
0
 21
-0.300068
  0
ENDBLK
  5
548
330
546
100
AcDbEntity
  8
0
100
AcDbBlockEnd
  0
BLOCK
  5
54A
330
549
100
AcDbEntity
  8
0
100
AcDbBlockBegin
  2
AI9-BLK426
 70
    0
 10
0
 20
0
  3
AI9-BLK426
  1

  0
LINE
  5
71B
100
AcDbEntity
  8
LAYER_1
  6
ByLayer
 62
    7
370
   -1
100
AcDbLine
 10
0
 20
-0.399976
 11
0
 21
0.399976
  0
LINE
  5
71C
100
AcDbEntity
  8
LAYER_1
  6
ByLayer
 62
    7
370
   -1
100
AcDbLine
 10
0
 20
0.399976
 11
0
 21
-0.399976
  0
ENDBLK
  5
54B
330
549
100
AcDbEntity
  8
0
100
AcDbBlockEnd
  0
BLOCK
  5
54D
330
54C
100
AcDbEntity
  8
0
100
AcDbBlockBegin
  2
AI9-BLK427
 70
    0
 10
0
 20
0
  3
AI9-BLK427
  1

  0
LINE
  5
71D
100
AcDbEntity
  8
LAYER_1
  6
ByLayer
 62
    7
370
   -1
100
AcDbLine
 10
0
 20
-0.399976
 11
0
 21
0.399976
  0
LINE
  5
71E
100
AcDbEntity
  8
LAYER_1
  6
ByLayer
 62
    7
370
   -1
100
AcDbLine
 10
0
 20
0.399976
 11
0
 21
-0.399976
  0
ENDBLK
  5
54E
330
54C
100
AcDbEntity
  8
0
100
AcDbBlockEnd
  0
BLOCK
  5
550
330
54F
100
AcDbEntity
  8
0
100
AcDbBlockBegin
  2
AI9-BLK428
 70
    0
 10
0
 20
0
  3
AI9-BLK428
  1

  0
LINE
  5
71F
100
AcDbEntity
  8
LAYER_1
  6
ByLayer
 62
    7
370
   -1
100
AcDbLine
 10
0
 20
-0.299723
 11
0
 21
0.300068
  0
LINE
  5
720
100
AcDbEntity
  8
LAYER_1
  6
ByLayer
 62
    7
370
   -1
100
AcDbLine
 10
0
 20
0.300068
 11
0
 21
-0.300068
  0
ENDBLK
  5
551
330
54F
100
AcDbEntity
  8
0
100
AcDbBlockEnd
  0
BLOCK
  5
553
330
552
100
AcDbEntity
  8
0
100
AcDbBlockBegin
  2
AI9-BLK429
 70
    0
 10
0
 20
0
  3
AI9-BLK429
  1

  0
CIRCLE
  5
721
100
AcDbEntity
  8
LAYER_1
  6
ByLayer
 62
    7
370
   -1
100
AcDbCircle
 10
-0.000172
 20
0
 40
2.500106
  0
CIRCLE
  5
722
100
AcDbEntity
  8
LAYER_1
  6
ByLayer
 62
    7
370
   -1
100
AcDbCircle
 10
-0.000172
 20
0
 40
1.100019
  0
ENDBLK
  5
554
330
552
100
AcDbEntity
  8
0
100
AcDbBlockEnd
  0
BLOCK
  5
556
330
555
100
AcDbEntity
  8
0
100
AcDbBlockBegin
  2
AI9-BLK430
 70
    0
 10
0
 20
0
  3
AI9-BLK430
  1

  0
CIRCLE
  5
723
100
AcDbEntity
  8
LAYER_1
  6
ByLayer
 62
    7
370
   -1
100
AcDbCircle
 10
-0.000172
 20
0
 40
2.500106
  0
CIRCLE
  5
724
100
AcDbEntity
  8
LAYER_1
  6
ByLayer
 62
    7
370
   -1
100
AcDbCircle
 10
-0.000172
 20
0
 40
1.100019
  0
ENDBLK
  5
557
330
555
100
AcDbEntity
  8
0
100
AcDbBlockEnd
  0
BLOCK
  5
559
330
558
100
AcDbEntity
  8
0
100
AcDbBlockBegin
  2
AI9-BLK431
 70
    0
 10
0
 20
0
  3
AI9-BLK431
  1

  0
CIRCLE
  5
725
100
AcDbEntity
  8
LAYER_1
  6
ByLayer
 62
    7
370
   -1
100
AcDbCircle
 10
0.000172
 20
0
 40
2.500106
  0
CIRCLE
  5
726
100
AcDbEntity
  8
LAYER_1
  6
ByLayer
 62
    7
370
   -1
100
AcDbCircle
 10
0.000172
 20
0
 40
1.100019
  0
ENDBLK
  5
55A
330
558
100
AcDbEntity
  8
0
100
AcDbBlockEnd
  0
BLOCK
  5
55C
330
55B
100
AcDbEntity
  8
0
100
AcDbBlockBegin
  2
AI9-BLK432
 70
    0
 10
0
 20
0
  3
AI9-BLK432
  1

  0
CIRCLE
  5
727
100
AcDbEntity
  8
LAYER_1
  6
ByLayer
 62
    7
370
   -1
100
AcDbCircle
 10
0.000172
 20
0
 40
2.500106
  0
CIRCLE
  5
728
100
AcDbEntity
  8
LAYER_1
  6
ByLayer
 62
    7
370
   -1
100
AcDbCircle
 10
0.000172
 20
0
 40
1.100019
  0
ENDBLK
  5
55D
330
55B
100
AcDbEntity
  8
0
100
AcDbBlockEnd
  0
BLOCK
  5
55F
330
55E
100
AcDbEntity
  8
0
100
AcDbBlockBegin
  2
AI9-BLK433
 70
    0
 10
0
 20
0
  3
AI9-BLK433
  1

  0
CIRCLE
  5
729
100
AcDbEntity
  8
LAYER_1
  6
ByLayer
 62
    7
370
   -1
100
AcDbCircle
 10
-0.000172
 20
0
 40
2.499934
  0
CIRCLE
  5
72A
100
AcDbEntity
  8
LAYER_1
  6
ByLayer
 62
    7
370
   -1
100
AcDbCircle
 10
-0.000172
 20
-0.000172
 40
1.100019
  0
ENDBLK
  5
560
330
55E
100
AcDbEntity
  8
0
100
AcDbBlockEnd
  0
ENDSEC
  0
SECTION
  2
ENTITIES
  0
LINE
  5
72B
100
AcDbEntity
  8
LAYER_1
  6
ByLayer
 62
    7
370
   -1
100
AcDbLine
 10
-49.933558
 20
121.815993
 11
-49.933558
 21
125.995927
  0
LINE
  5
72C
100
AcDbEntity
  8
LAYER_1
  6
ByLayer
 62
    7
370
   -1
100
AcDbLine
 10
-49.933558
 20
125.995927
 11
-41.293604
 21
125.995927
  0
LINE
  5
72D
100
AcDbEntity
  8
LAYER_1
  6
ByLayer
 62
    7
370
   -1
100
AcDbLine
 10
-41.293604
 20
125.995927
 11
-41.293604
 21
121.815993
  0
INSERT
  5
72E
100
AcDbEntity
  8
LAYER_1
  6
ByLayer
 62
    7
370
   -1
100
AcDbBlockReference
  2
AI9-BLK433
 10
-64.66358099999999
 20
109.528887
 30
0
 41
1
 42
1
 43
0
 50
0
 70
    1
 71
    1
 44
0
 45
0
  0
INSERT
  5
72F
100
AcDbEntity
  8
LAYER_1
  6
ByLayer
 62
    7
370
   -1
100
AcDbBlockReference
  2
AI9-BLK432
 10
-64.602603
 20
71.35998499999999
 30
0
 41
1
 42
1
 43
0
 50
0
 70
    1
 71
    1
 44
0
 45
0
  0
INSERT
  5
730
100
AcDbEntity
  8
LAYER_1
  6
ByLayer
 62
    7
370
   -1
100
AcDbBlockReference
  2
AI9-BLK431
 10
87.796708
 20
109.459813
 30
0
 41
1
 42
1
 43
0
 50
0
 70
    1
 71
    1
 44
0
 45
0
  0
INSERT
  5
731
100
AcDbEntity
  8
LAYER_1
  6
ByLayer
 62
    7
370
   -1
100
AcDbBlockReference
  2
AI9-BLK430
 10
87.73573
 20
71.428887
 30
0
 41
1
 42
1
 43
0
 50
0
 70
    1
 71
    1
 44
0
 45
0
  0
INSERT
  5
732
100
AcDbEntity
  8
LAYER_1
  6
ByLayer
 62
    7
370
   -1
100
AcDbBlockReference
  2
AI9-BLK429
 10
11.597053
 20
90.409813
 30
0
 41
1
 42
1
 43
0
 50
0
 70
    1
 71
    1
 44
0
 45
0
  0
CIRCLE
  5
733
100
AcDbEntity
  8
LAYER_1
  6
ByLayer
 62
    7
370
   -1
100
AcDbCircle
 10
104.626516
 20
94.542894
 40
0.457164
  0
CIRCLE
  5
734
100
AcDbEntity
  8
LAYER_1
  6
ByLayer
 62
    7
370
   -1
100
AcDbCircle
 10
104.626516
 20
92.002825
 40
0.457164
  0
CIRCLE
  5
735
100
AcDbEntity
  8
LAYER_1
  6
ByLayer
 62
    7
370
   -1
100
AcDbCircle
 10
104.626516
 20
89.462929
 40
0.457336
  0
CIRCLE
  5
736
100
AcDbEntity
  8
LAYER_1
  6
ByLayer
 62
    7
370
   -1
100
AcDbCircle
 10
104.626516
 20
86.92286
 40
0.457336
  0
CIRCLE
  5
737
100
AcDbEntity
  8
LAYER_1
  6
ByLayer
 62
    7
370
   -1
100
AcDbCircle
 10
104.626516
 20
84.382963
 40
0.457164
  0
CIRCLE
  5
738
100
AcDbEntity
  8
LAYER_1
  6
ByLayer
 62
    7
370
   -1
100
AcDbCircle
 10
104.626516
 20
81.842894
 40
0.457164
  0
INSERT
  5
739
100
AcDbEntity
  8
LAYER_1
  6
ByLayer
 62
    7
370
   -1
100
AcDbBlockReference
  2
AI9-BLK428
 10
-41.293604
 20
125.995927
 30
0
 41
1
 42
1
 43
0
 50
0
 70
    1
 71
    1
 44
0
 45
0
  0
INSERT
  5
73A
100
AcDbEntity
  8
LAYER_1
  6
ByLayer
 62
    7
370
   -1
100
AcDbBlockReference
  2
AI9-BLK427
 10
-41.293604
 20
121.815993
 30
0
 41
1
 42
1
 43
0
 50
0
 70
    1
 71
    1
 44
0
 45
0
  0
INSERT
  5
73B
100
AcDbEntity
  8
LAYER_1
  6
ByLayer
 62
    7
370
   -1
100
AcDbBlockReference
  2
AI9-BLK426
 10
-49.933558
 20
121.815993
 30
0
 41
1
 42
1
 43
0
 50
0
 70
    1
 71
    1
 44
0
 45
0
  0
INSERT
  5
73C
100
AcDbEntity
  8
LAYER_1
  6
ByLayer
 62
    7
370
   -1
100
AcDbBlockReference
  2
AI9-BLK425
 10
-49.933558
 20
125.995927
 30
0
 41
1
 42
1
 43
0
 50
0
 70
    1
 71
    1
 44
0
 45
0
  0
INSERT
  5
73D
100
AcDbEntity
  8
LAYER_1
  6
ByLayer
 62
    7
370
   -1
100
AcDbBlockReference
  2
AI9-BLK423
 10
-74.12760299999999
 20
119.064739
 30
0
 41
1
 42
1
 43
0
 50
0
 70
    1
 71
    1
 44
0
 45
0
  0
INSERT
  5
73E
100
AcDbEntity
  8
LAYER_1
  6
ByLayer
 62
    7
370
   -1
100
AcDbBlockReference
  2
AI9-BLK421
 10
-70.317499
 20
116.444744
 30
0
 41
1
 42
1
 43
0
 50
0
 70
    1
 71
    1
 44
0
 45
0
  0
INSERT
  5
73F
100
AcDbEntity
  8
LAYER_1
  6
ByLayer
 62
    7
370
   -1
100
AcDbBlockReference
  2
AI9-BLK419
 10
-76.67749000000001
 20
113.904675
 30
0
 41
1
 42
1
 43
0
 50
0
 70
    1
 71
    1
 44
0
 45
0
  0
INSERT
  5
740
100
AcDbEntity
  8
LAYER_1
  6
ByLayer
 62
    7
370
   -1
100
AcDbBlockReference
  2
AI9-BLK417
 10
-69.047465
 20
118.984641
 30
0
 41
1
 42
1
 43
0
 50
0
 70
    1
 71
    1
 44
0
 45
0
  0
INSERT
  5
741
100
AcDbEntity
  8
LAYER_1
  6
ByLayer
 62
    7
370
   -1
100
AcDbBlockReference
  2
AI9-BLK415
 10
-79.20756799999999
 20
118.984641
 30
0
 41
1
 42
1
 43
0
 50
0
 70
    1
 71
    1
 44
0
 45
0
  0
INSERT
  5
742
100
AcDbEntity
  8
LAYER_1
  6
ByLayer
 62
    7
370
   -1
100
AcDbBlockReference
  2
AI9-BLK413
 10
-55.077603
 20
119.064739
 30
0
 41
1
 42
1
 43
0
 50
0
 70
    1
 71
    1
 44
0
 45
0
  0
INSERT
  5
743
100
AcDbEntity
  8
LAYER_1
  6
ByLayer
 62
    7
370
   -1
100
AcDbBlockReference
  2
AI9-BLK411
 10
-51.267672
 20
116.444744
 30
0
 41
1
 42
1
 43
0
 50
0
 70
    1
 71
    1
 44
0
 45
0
  0
INSERT
  5
744
100
AcDbEntity
  8
LAYER_1
  6
ByLayer
 62
    7
370
   -1
100
AcDbBlockReference
  2
AI9-BLK409
 10
-57.62749
 20
113.904675
 30
0
 41
1
 42
1
 43
0
 50
0
 70
    1
 71
    1
 44
0
 45
0
  0
INSERT
  5
745
100
AcDbEntity
  8
LAYER_1
  6
ByLayer
 62
    7
370
   -1
100
AcDbBlockReference
  2
AI9-BLK407
 10
-49.997637
 20
118.984641
 30
0
 41
1
 42
1
 43
0
 50
0
 70
    1
 71
    1
 44
0
 45
0
  0
INSERT
  5
746
100
AcDbEntity
  8
LAYER_1
  6
ByLayer
 62
    7
370
   -1
100
AcDbBlockReference
  2
AI9-BLK405
 10
-60.157568
 20
118.984641
 30
0
 41
1
 42
1
 43
0
 50
0
 70
    1
 71
    1
 44
0
 45
0
  0
INSERT
  5
747
100
AcDbEntity
  8
LAYER_1
  6
ByLayer
 62
    7
370
   -1
100
AcDbBlockReference
  2
AI9-BLK403
 10
-36.027775
 20
119.064739
 30
0
 41
1
 42
1
 43
0
 50
0
 70
    1
 71
    1
 44
0
 45
0
  0
INSERT
  5
748
100
AcDbEntity
  8
LAYER_1
  6
ByLayer
 62
    7
370
   -1
100
AcDbBlockReference
  2
AI9-BLK401
 10
-32.217672
 20
116.444744
 30
0
 41
1
 42
1
 43
0
 50
0
 70
    1
 71
    1
 44
0
 45
0
  0
INSERT
  5
749
100
AcDbEntity
  8
LAYER_1
  6
ByLayer
 62
    7
370
   -1
100
AcDbBlockReference
  2
AI9-BLK399
 10
-38.577662
 20
113.904675
 30
0
 41
1
 42
1
 43
0
 50
0
 70
    1
 71
    1
 44
0
 45
0
  0
INSERT
  5
74A
100
AcDbEntity
  8
LAYER_1
  6
ByLayer
 62
    7
370
   -1
100
AcDbBlockReference
  2
AI9-BLK397
 10
-30.94781
 20
118.984641
 30
0
 41
1
 42
1
 43
0
 50
0
 70
    1
 71
    1
 44
0
 45
0
  0
INSERT
  5
74B
100
AcDbEntity
  8
LAYER_1
  6
ByLayer
 62
    7
370
   -1
100
AcDbBlockReference
  2
AI9-BLK395
 10
-41.107568
 20
118.984641
 30
0
 41
1
 42
1
 43
0
 50
0
 70
    1
 71
    1
 44
0
 45
0
  0
INSERT
  5
74C
100
AcDbEntity
  8
LAYER_1
  6
ByLayer
 62
    7
370
   -1
100
AcDbBlockReference
  2
AI9-BLK393
 10
-16.977775
 20
119.064739
 30
0
 41
1
 42
1
 43
0
 50
0
 70
    1
 71
    1
 44
0
 45
0
  0
INSERT
  5
74D
100
AcDbEntity
  8
LAYER_1
  6
ByLayer
 62
    7
370
   -1
100
AcDbBlockReference
  2
AI9-BLK391
 10
-13.167844
 20
116.444744
 30
0
 41
1
 42
1
 43
0
 50
0
 70
    1
 71
    1
 44
0
 45
0
  0
INSERT
  5
74E
100
AcDbEntity
  8
LAYER_1
  6
ByLayer
 62
    7
370
   -1
100
AcDbBlockReference
  2
AI9-BLK389
 10
-19.527662
 20
113.904675
 30
0
 41
1
 42
1
 43
0
 50
0
 70
    1
 71
    1
 44
0
 45
0
  0
INSERT
  5
74F
100
AcDbEntity
  8
LAYER_1
  6
ByLayer
 62
    7
370
   -1
100
AcDbBlockReference
  2
AI9-BLK387
 10
-11.897982
 20
118.984641
 30
0
 41
1
 42
1
 43
0
 50
0
 70
    1
 71
    1
 44
0
 45
0
  0
INSERT
  5
750
100
AcDbEntity
  8
LAYER_1
  6
ByLayer
 62
    7
370
   -1
100
AcDbBlockReference
  2
AI9-BLK385
 10
-22.057568
 20
118.984641
 30
0
 41
1
 42
1
 43
0
 50
0
 70
    1
 71
    1
 44
0
 45
0
  0
INSERT
  5
751
100
AcDbEntity
  8
LAYER_1
  6
ByLayer
 62
    7
370
   -1
100
AcDbBlockReference
  2
AI9-BLK383
 10
2.072225
 20
119.064739
 30
0
 41
1
 42
1
 43
0
 50
0
 70
    1
 71
    1
 44
0
 45
0
  0
INSERT
  5
752
100
AcDbEntity
  8
LAYER_1
  6
ByLayer
 62
    7
370
   -1
100
AcDbBlockReference
  2
AI9-BLK381
 10
5.882156
 20
116.444744
 30
0
 41
1
 42
1
 43
0
 50
0
 70
    1
 71
    1
 44
0
 45
0
  0
INSERT
  5
753
100
AcDbEntity
  8
LAYER_1
  6
ByLayer
 62
    7
370
   -1
100
AcDbBlockReference
  2
AI9-BLK379
 10
-0.477835
 20
113.904675
 30
0
 41
1
 42
1
 43
0
 50
0
 70
    1
 71
    1
 44
0
 45
0
  0
INSERT
  5
754
100
AcDbEntity
  8
LAYER_1
  6
ByLayer
 62
    7
370
   -1
100
AcDbBlockReference
  2
AI9-BLK377
 10
7.152018
 20
118.984641
 30
0
 41
1
 42
1
 43
0
 50
0
 70
    1
 71
    1
 44
0
 45
0
  0
INSERT
  5
755
100
AcDbEntity
  8
LAYER_1
  6
ByLayer
 62
    7
370
   -1
100
AcDbBlockReference
  2
AI9-BLK375
 10
-3.007913
 20
118.984641
 30
0
 41
1
 42
1
 43
0
 50
0
 70
    1
 71
    1
 44
0
 45
0
  0
INSERT
  5
756
100
AcDbEntity
  8
LAYER_1
  6
ByLayer
 62
    7
370
   -1
100
AcDbBlockReference
  2
AI9-BLK373
 10
21.122053
 20
119.064739
 30
0
 41
1
 42
1
 43
0
 50
0
 70
    1
 71
    1
 44
0
 45
0
  0
INSERT
  5
757
100
AcDbEntity
  8
LAYER_1
  6
ByLayer
 62
    7
370
   -1
100
AcDbBlockReference
  2
AI9-BLK371
 10
24.931984
 20
116.444744
 30
0
 41
1
 42
1
 43
0
 50
0
 70
    1
 71
    1
 44
0
 45
0
  0
INSERT
  5
758
100
AcDbEntity
  8
LAYER_1
  6
ByLayer
 62
    7
370
   -1
100
AcDbBlockReference
  2
AI9-BLK369
 10
18.572165
 20
113.904675
 30
0
 41
1
 42
1
 43
0
 50
0
 70
    1
 71
    1
 44
0
 45
0
  0
INSERT
  5
759
100
AcDbEntity
  8
LAYER_1
  6
ByLayer
 62
    7
370
   -1
100
AcDbBlockReference
  2
AI9-BLK367
 10
26.202018
 20
118.984641
 30
0
 41
1
 42
1
 43
0
 50
0
 70
    1
 71
    1
 44
0
 45
0
  0
INSERT
  5
75A
100
AcDbEntity
  8
LAYER_1
  6
ByLayer
 62
    7
370
   -1
100
AcDbBlockReference
  2
AI9-BLK365
 10
16.042087
 20
118.984641
 30
0
 41
1
 42
1
 43
0
 50
0
 70
    1
 71
    1
 44
0
 45
0
  0
INSERT
  5
75B
100
AcDbEntity
  8
LAYER_1
  6
ByLayer
 62
    7
370
   -1
100
AcDbBlockReference
  2
AI9-BLK363
 10
40.172053
 20
119.064739
 30
0
 41
1
 42
1
 43
0
 50
0
 70
    1
 71
    1
 44
0
 45
0
  0
INSERT
  5
75C
100
AcDbEntity
  8
LAYER_1
  6
ByLayer
 62
    7
370
   -1
100
AcDbBlockReference
  2
AI9-BLK361
 10
43.981812
 20
116.444744
 30
0
 41
1
 42
1
 43
0
 50
0
 70
    1
 71
    1
 44
0
 45
0
  0
INSERT
  5
75D
100
AcDbEntity
  8
LAYER_1
  6
ByLayer
 62
    7
370
   -1
100
AcDbBlockReference
  2
AI9-BLK359
 10
37.621993
 20
113.904675
 30
0
 41
1
 42
1
 43
0
 50
0
 70
    1
 71
    1
 44
0
 45
0
  0
INSERT
  5
75E
100
AcDbEntity
  8
LAYER_1
  6
ByLayer
 62
    7
370
   -1
100
AcDbBlockReference
  2
AI9-BLK357
 10
45.252018
 20
118.984641
 30
0
 41
1
 42
1
 43
0
 50
0
 70
    1
 71
    1
 44
0
 45
0
  0
INSERT
  5
75F
100
AcDbEntity
  8
LAYER_1
  6
ByLayer
 62
    7
370
   -1
100
AcDbBlockReference
  2
AI9-BLK355
 10
35.091743
 20
118.984641
 30
0
 41
1
 42
1
 43
0
 50
0
 70
    1
 71
    1
 44
0
 45
0
  0
INSERT
  5
760
100
AcDbEntity
  8
LAYER_1
  6
ByLayer
 62
    7
370
   -1
100
AcDbBlockReference
  2
AI9-BLK353
 10
59.221708
 20
119.064739
 30
0
 41
1
 42
1
 43
0
 50
0
 70
    1
 71
    1
 44
0
 45
0
  0
INSERT
  5
761
100
AcDbEntity
  8
LAYER_1
  6
ByLayer
 62
    7
370
   -1
100
AcDbBlockReference
  2
AI9-BLK351
 10
63.031812
 20
116.444744
 30
0
 41
1
 42
1
 43
0
 50
0
 70
    1
 71
    1
 44
0
 45
0
  0
INSERT
  5
762
100
AcDbEntity
  8
LAYER_1
  6
ByLayer
 62
    7
370
   -1
100
AcDbBlockReference
  2
AI9-BLK349
 10
56.671993
 20
113.904675
 30
0
 41
1
 42
1
 43
0
 50
0
 70
    1
 71
    1
 44
0
 45
0
  0
INSERT
  5
763
100
AcDbEntity
  8
LAYER_1
  6
ByLayer
 62
    7
370
   -1
100
AcDbBlockReference
  2
AI9-BLK347
 10
64.302018
 20
118.984641
 30
0
 41
1
 42
1
 43
0
 50
0
 70
    1
 71
    1
 44
0
 45
0
  0
INSERT
  5
764
100
AcDbEntity
  8
LAYER_1
  6
ByLayer
 62
    7
370
   -1
100
AcDbBlockReference
  2
AI9-BLK345
 10
54.141743
 20
118.984641
 30
0
 41
1
 42
1
 43
0
 50
0
 70
    1
 71
    1
 44
0
 45
0
  0
INSERT
  5
765
100
AcDbEntity
  8
LAYER_1
  6
ByLayer
 62
    7
370
   -1
100
AcDbBlockReference
  2
AI9-BLK343
 10
78.271708
 20
119.064739
 30
0
 41
1
 42
1
 43
0
 50
0
 70
    1
 71
    1
 44
0
 45
0
  0
INSERT
  5
766
100
AcDbEntity
  8
LAYER_1
  6
ByLayer
 62
    7
370
   -1
100
AcDbBlockReference
  2
AI9-BLK341
 10
82.081812
 20
116.444744
 30
0
 41
1
 42
1
 43
0
 50
0
 70
    1
 71
    1
 44
0
 45
0
  0
INSERT
  5
767
100
AcDbEntity
  8
LAYER_1
  6
ByLayer
 62
    7
370
   -1
100
AcDbBlockReference
  2
AI9-BLK339
 10
75.72182100000001
 20
113.904675
 30
0
 41
1
 42
1
 43
0
 50
0
 70
    1
 71
    1
 44
0
 45
0
  0
INSERT
  5
768
100
AcDbEntity
  8
LAYER_1
  6
ByLayer
 62
    7
370
   -1
100
AcDbBlockReference
  2
AI9-BLK337
 10
83.351674
 20
118.984641
 30
0
 41
1
 42
1
 43
0
 50
0
 70
    1
 71
    1
 44
0
 45
0
  0
INSERT
  5
769
100
AcDbEntity
  8
LAYER_1
  6
ByLayer
 62
    7
370
   -1
100
AcDbBlockReference
  2
AI9-BLK335
 10
73.191743
 20
118.984641
 30
0
 41
1
 42
1
 43
0
 50
0
 70
    1
 71
    1
 44
0
 45
0
  0
INSERT
  5
76A
100
AcDbEntity
  8
LAYER_1
  6
ByLayer
 62
    7
370
   -1
100
AcDbBlockReference
  2
AI9-BLK333
 10
97.32153599999999
 20
119.064739
 30
0
 41
1
 42
1
 43
0
 50
0
 70
    1
 71
    1
 44
0
 45
0
  0
INSERT
  5
76B
100
AcDbEntity
  8
LAYER_1
  6
ByLayer
 62
    7
370
   -1
100
AcDbBlockReference
  2
AI9-BLK331
 10
101.131639
 20
116.444744
 30
0
 41
1
 42
1
 43
0
 50
0
 70
    1
 71
    1
 44
0
 45
0
  0
INSERT
  5
76C
100
AcDbEntity
  8
LAYER_1
  6
ByLayer
 62
    7
370
   -1
100
AcDbBlockReference
  2
AI9-BLK329
 10
94.771648
 20
113.904675
 30
0
 41
1
 42
1
 43
0
 50
0
 70
    1
 71
    1
 44
0
 45
0
  0
INSERT
  5
76D
100
AcDbEntity
  8
LAYER_1
  6
ByLayer
 62
    7
370
   -1
100
AcDbBlockReference
  2
AI9-BLK327
 10
102.401674
 20
118.984641
 30
0
 41
1
 42
1
 43
0
 50
0
 70
    1
 71
    1
 44
0
 45
0
  0
INSERT
  5
76E
100
AcDbEntity
  8
LAYER_1
  6
ByLayer
 62
    7
370
   -1
100
AcDbBlockReference
  2
AI9-BLK325
 10
92.241743
 20
118.984641
 30
0
 41
1
 42
1
 43
0
 50
0
 70
    1
 71
    1
 44
0
 45
0
  0
INSERT
  5
76F
100
AcDbEntity
  8
LAYER_1
  6
ByLayer
 62
    7
370
   -1
100
AcDbBlockReference
  2
AI9-BLK323
 10
-74.12760299999999
 20
100.014739
 30
0
 41
1
 42
1
 43
0
 50
0
 70
    1
 71
    1
 44
0
 45
0
  0
INSERT
  5
770
100
AcDbEntity
  8
LAYER_1
  6
ByLayer
 62
    7
370
   -1
100
AcDbBlockReference
  2
AI9-BLK321
 10
-70.317499
 20
97.39491599999999
 30
0
 41
1
 42
1
 43
0
 50
0
 70
    1
 71
    1
 44
0
 45
0
  0
INSERT
  5
771
100
AcDbEntity
  8
LAYER_1
  6
ByLayer
 62
    7
370
   -1
100
AcDbBlockReference
  2
AI9-BLK319
 10
-76.67749000000001
 20
94.854848
 30
0
 41
1
 42
1
 43
0
 50
0
 70
    1
 71
    1
 44
0
 45
0
  0
INSERT
  5
772
100
AcDbEntity
  8
LAYER_1
  6
ByLayer
 62
    7
370
   -1
100
AcDbBlockReference
  2
AI9-BLK317
 10
-69.047465
 20
99.93481300000001
 30
0
 41
1
 42
1
 43
0
 50
0
 70
    1
 71
    1
 44
0
 45
0
  0
INSERT
  5
773
100
AcDbEntity
  8
LAYER_1
  6
ByLayer
 62
    7
370
   -1
100
AcDbBlockReference
  2
AI9-BLK315
 10
-79.20756799999999
 20
99.93481300000001
 30
0
 41
1
 42
1
 43
0
 50
0
 70
    1
 71
    1
 44
0
 45
0
  0
INSERT
  5
774
100
AcDbEntity
  8
LAYER_1
  6
ByLayer
 62
    7
370
   -1
100
AcDbBlockReference
  2
AI9-BLK313
 10
-55.077603
 20
100.014739
 30
0
 41
1
 42
1
 43
0
 50
0
 70
    1
 71
    1
 44
0
 45
0
  0
INSERT
  5
775
100
AcDbEntity
  8
LAYER_1
  6
ByLayer
 62
    7
370
   -1
100
AcDbBlockReference
  2
AI9-BLK311
 10
-51.267672
 20
97.39491599999999
 30
0
 41
1
 42
1
 43
0
 50
0
 70
    1
 71
    1
 44
0
 45
0
  0
INSERT
  5
776
100
AcDbEntity
  8
LAYER_1
  6
ByLayer
 62
    7
370
   -1
100
AcDbBlockReference
  2
AI9-BLK309
 10
-57.62749
 20
94.854848
 30
0
 41
1
 42
1
 43
0
 50
0
 70
    1
 71
    1
 44
0
 45
0
  0
INSERT
  5
777
100
AcDbEntity
  8
LAYER_1
  6
ByLayer
 62
    7
370
   -1
100
AcDbBlockReference
  2
AI9-BLK307
 10
-49.997637
 20
99.93481300000001
 30
0
 41
1
 42
1
 43
0
 50
0
 70
    1
 71
    1
 44
0
 45
0
  0
INSERT
  5
778
100
AcDbEntity
  8
LAYER_1
  6
ByLayer
 62
    7
370
   -1
100
AcDbBlockReference
  2
AI9-BLK305
 10
-60.157568
 20
99.93481300000001
 30
0
 41
1
 42
1
 43
0
 50
0
 70
    1
 71
    1
 44
0
 45
0
  0
INSERT
  5
779
100
AcDbEntity
  8
LAYER_1
  6
ByLayer
 62
    7
370
   -1
100
AcDbBlockReference
  2
AI9-BLK303
 10
-36.027775
 20
100.014739
 30
0
 41
1
 42
1
 43
0
 50
0
 70
    1
 71
    1
 44
0
 45
0
  0
INSERT
  5
77A
100
AcDbEntity
  8
LAYER_1
  6
ByLayer
 62
    7
370
   -1
100
AcDbBlockReference
  2
AI9-BLK301
 10
-32.217672
 20
97.39491599999999
 30
0
 41
1
 42
1
 43
0
 50
0
 70
    1
 71
    1
 44
0
 45
0
  0
INSERT
  5
77B
100
AcDbEntity
  8
LAYER_1
  6
ByLayer
 62
    7
370
   -1
100
AcDbBlockReference
  2
AI9-BLK299
 10
-38.577662
 20
94.854848
 30
0
 41
1
 42
1
 43
0
 50
0
 70
    1
 71
    1
 44
0
 45
0
  0
INSERT
  5
77C
100
AcDbEntity
  8
LAYER_1
  6
ByLayer
 62
    7
370
   -1
100
AcDbBlockReference
  2
AI9-BLK297
 10
-30.94781
 20
99.93481300000001
 30
0
 41
1
 42
1
 43
0
 50
0
 70
    1
 71
    1
 44
0
 45
0
  0
INSERT
  5
77D
100
AcDbEntity
  8
LAYER_1
  6
ByLayer
 62
    7
370
   -1
100
AcDbBlockReference
  2
AI9-BLK295
 10
-41.107568
 20
99.93481300000001
 30
0
 41
1
 42
1
 43
0
 50
0
 70
    1
 71
    1
 44
0
 45
0
  0
INSERT
  5
77E
100
AcDbEntity
  8
LAYER_1
  6
ByLayer
 62
    7
370
   -1
100
AcDbBlockReference
  2
AI9-BLK293
 10
-16.977775
 20
100.014739
 30
0
 41
1
 42
1
 43
0
 50
0
 70
    1
 71
    1
 44
0
 45
0
  0
INSERT
  5
77F
100
AcDbEntity
  8
LAYER_1
  6
ByLayer
 62
    7
370
   -1
100
AcDbBlockReference
  2
AI9-BLK291
 10
-13.167844
 20
97.39491599999999
 30
0
 41
1
 42
1
 43
0
 50
0
 70
    1
 71
    1
 44
0
 45
0
  0
INSERT
  5
780
100
AcDbEntity
  8
LAYER_1
  6
ByLayer
 62
    7
370
   -1
100
AcDbBlockReference
  2
AI9-BLK289
 10
-19.527662
 20
94.854848
 30
0
 41
1
 42
1
 43
0
 50
0
 70
    1
 71
    1
 44
0
 45
0
  0
INSERT
  5
781
100
AcDbEntity
  8
LAYER_1
  6
ByLayer
 62
    7
370
   -1
100
AcDbBlockReference
  2
AI9-BLK287
 10
-11.897982
 20
99.93481300000001
 30
0
 41
1
 42
1
 43
0
 50
0
 70
    1
 71
    1
 44
0
 45
0
  0
INSERT
  5
782
100
AcDbEntity
  8
LAYER_1
  6
ByLayer
 62
    7
370
   -1
100
AcDbBlockReference
  2
AI9-BLK285
 10
-22.057568
 20
99.93481300000001
 30
0
 41
1
 42
1
 43
0
 50
0
 70
    1
 71
    1
 44
0
 45
0
  0
INSERT
  5
783
100
AcDbEntity
  8
LAYER_1
  6
ByLayer
 62
    7
370
   -1
100
AcDbBlockReference
  2
AI9-BLK283
 10
2.072225
 20
100.014739
 30
0
 41
1
 42
1
 43
0
 50
0
 70
    1
 71
    1
 44
0
 45
0
  0
INSERT
  5
784
100
AcDbEntity
  8
LAYER_1
  6
ByLayer
 62
    7
370
   -1
100
AcDbBlockReference
  2
AI9-BLK281
 10
5.882156
 20
97.39491599999999
 30
0
 41
1
 42
1
 43
0
 50
0
 70
    1
 71
    1
 44
0
 45
0
  0
INSERT
  5
785
100
AcDbEntity
  8
LAYER_1
  6
ByLayer
 62
    7
370
   -1
100
AcDbBlockReference
  2
AI9-BLK279
 10
-0.477835
 20
94.854848
 30
0
 41
1
 42
1
 43
0
 50
0
 70
    1
 71
    1
 44
0
 45
0
  0
INSERT
  5
786
100
AcDbEntity
  8
LAYER_1
  6
ByLayer
 62
    7
370
   -1
100
AcDbBlockReference
  2
AI9-BLK277
 10
7.152018
 20
99.93481300000001
 30
0
 41
1
 42
1
 43
0
 50
0
 70
    1
 71
    1
 44
0
 45
0
  0
INSERT
  5
787
100
AcDbEntity
  8
LAYER_1
  6
ByLayer
 62
    7
370
   -1
100
AcDbBlockReference
  2
AI9-BLK275
 10
-3.007913
 20
99.93481300000001
 30
0
 41
1
 42
1
 43
0
 50
0
 70
    1
 71
    1
 44
0
 45
0
  0
INSERT
  5
788
100
AcDbEntity
  8
LAYER_1
  6
ByLayer
 62
    7
370
   -1
100
AcDbBlockReference
  2
AI9-BLK273
 10
21.122053
 20
100.014739
 30
0
 41
1
 42
1
 43
0
 50
0
 70
    1
 71
    1
 44
0
 45
0
  0
INSERT
  5
789
100
AcDbEntity
  8
LAYER_1
  6
ByLayer
 62
    7
370
   -1
100
AcDbBlockReference
  2
AI9-BLK271
 10
24.931984
 20
97.39491599999999
 30
0
 41
1
 42
1
 43
0
 50
0
 70
    1
 71
    1
 44
0
 45
0
  0
INSERT
  5
78A
100
AcDbEntity
  8
LAYER_1
  6
ByLayer
 62
    7
370
   -1
100
AcDbBlockReference
  2
AI9-BLK269
 10
18.572165
 20
94.854848
 30
0
 41
1
 42
1
 43
0
 50
0
 70
    1
 71
    1
 44
0
 45
0
  0
INSERT
  5
78B
100
AcDbEntity
  8
LAYER_1
  6
ByLayer
 62
    7
370
   -1
100
AcDbBlockReference
  2
AI9-BLK267
 10
26.202018
 20
99.93481300000001
 30
0
 41
1
 42
1
 43
0
 50
0
 70
    1
 71
    1
 44
0
 45
0
  0
INSERT
  5
78C
100
AcDbEntity
  8
LAYER_1
  6
ByLayer
 62
    7
370
   -1
100
AcDbBlockReference
  2
AI9-BLK265
 10
16.042087
 20
99.93481300000001
 30
0
 41
1
 42
1
 43
0
 50
0
 70
    1
 71
    1
 44
0
 45
0
  0
INSERT
  5
78D
100
AcDbEntity
  8
LAYER_1
  6
ByLayer
 62
    7
370
   -1
100
AcDbBlockReference
  2
AI9-BLK263
 10
40.172053
 20
100.014739
 30
0
 41
1
 42
1
 43
0
 50
0
 70
    1
 71
    1
 44
0
 45
0
  0
INSERT
  5
78E
100
AcDbEntity
  8
LAYER_1
  6
ByLayer
 62
    7
370
   -1
100
AcDbBlockReference
  2
AI9-BLK261
 10
43.981812
 20
97.39491599999999
 30
0
 41
1
 42
1
 43
0
 50
0
 70
    1
 71
    1
 44
0
 45
0
  0
INSERT
  5
78F
100
AcDbEntity
  8
LAYER_1
  6
ByLayer
 62
    7
370
   -1
100
AcDbBlockReference
  2
AI9-BLK259
 10
37.621993
 20
94.854848
 30
0
 41
1
 42
1
 43
0
 50
0
 70
    1
 71
    1
 44
0
 45
0
  0
INSERT
  5
790
100
AcDbEntity
  8
LAYER_1
  6
ByLayer
 62
    7
370
   -1
100
AcDbBlockReference
  2
AI9-BLK257
 10
45.252018
 20
99.93481300000001
 30
0
 41
1
 42
1
 43
0
 50
0
 70
    1
 71
    1
 44
0
 45
0
  0
INSERT
  5
791
100
AcDbEntity
  8
LAYER_1
  6
ByLayer
 62
    7
370
   -1
100
AcDbBlockReference
  2
AI9-BLK255
 10
35.091743
 20
99.93481300000001
 30
0
 41
1
 42
1
 43
0
 50
0
 70
    1
 71
    1
 44
0
 45
0
  0
INSERT
  5
792
100
AcDbEntity
  8
LAYER_1
  6
ByLayer
 62
    7
370
   -1
100
AcDbBlockReference
  2
AI9-BLK253
 10
59.221708
 20
100.014739
 30
0
 41
1
 42
1
 43
0
 50
0
 70
    1
 71
    1
 44
0
 45
0
  0
INSERT
  5
793
100
AcDbEntity
  8
LAYER_1
  6
ByLayer
 62
    7
370
   -1
100
AcDbBlockReference
  2
AI9-BLK251
 10
63.031812
 20
97.39491599999999
 30
0
 41
1
 42
1
 43
0
 50
0
 70
    1
 71
    1
 44
0
 45
0
  0
INSERT
  5
794
100
AcDbEntity
  8
LAYER_1
  6
ByLayer
 62
    7
370
   -1
100
AcDbBlockReference
  2
AI9-BLK249
 10
56.671993
 20
94.854848
 30
0
 41
1
 42
1
 43
0
 50
0
 70
    1
 71
    1
 44
0
 45
0
  0
INSERT
  5
795
100
AcDbEntity
  8
LAYER_1
  6
ByLayer
 62
    7
370
   -1
100
AcDbBlockReference
  2
AI9-BLK247
 10
64.302018
 20
99.93481300000001
 30
0
 41
1
 42
1
 43
0
 50
0
 70
    1
 71
    1
 44
0
 45
0
  0
INSERT
  5
796
100
AcDbEntity
  8
LAYER_1
  6
ByLayer
 62
    7
370
   -1
100
AcDbBlockReference
  2
AI9-BLK245
 10
54.141743
 20
99.93481300000001
 30
0
 41
1
 42
1
 43
0
 50
0
 70
    1
 71
    1
 44
0
 45
0
  0
INSERT
  5
797
100
AcDbEntity
  8
LAYER_1
  6
ByLayer
 62
    7
370
   -1
100
AcDbBlockReference
  2
AI9-BLK243
 10
78.271708
 20
100.014739
 30
0
 41
1
 42
1
 43
0
 50
0
 70
    1
 71
    1
 44
0
 45
0
  0
INSERT
  5
798
100
AcDbEntity
  8
LAYER_1
  6
ByLayer
 62
    7
370
   -1
100
AcDbBlockReference
  2
AI9-BLK241
 10
82.081812
 20
97.39491599999999
 30
0
 41
1
 42
1
 43
0
 50
0
 70
    1
 71
    1
 44
0
 45
0
  0
INSERT
  5
799
100
AcDbEntity
  8
LAYER_1
  6
ByLayer
 62
    7
370
   -1
100
AcDbBlockReference
  2
AI9-BLK239
 10
75.72182100000001
 20
94.854848
 30
0
 41
1
 42
1
 43
0
 50
0
 70
    1
 71
    1
 44
0
 45
0
  0
INSERT
  5
79A
100
AcDbEntity
  8
LAYER_1
  6
ByLayer
 62
    7
370
   -1
100
AcDbBlockReference
  2
AI9-BLK237
 10
83.351674
 20
99.93481300000001
 30
0
 41
1
 42
1
 43
0
 50
0
 70
    1
 71
    1
 44
0
 45
0
  0
INSERT
  5
79B
100
AcDbEntity
  8
LAYER_1
  6
ByLayer
 62
    7
370
   -1
100
AcDbBlockReference
  2
AI9-BLK235
 10
73.191743
 20
99.93481300000001
 30
0
 41
1
 42
1
 43
0
 50
0
 70
    1
 71
    1
 44
0
 45
0
  0
INSERT
  5
79C
100
AcDbEntity
  8
LAYER_1
  6
ByLayer
 62
    7
370
   -1
100
AcDbBlockReference
  2
AI9-BLK233
 10
97.32153599999999
 20
100.014739
 30
0
 41
1
 42
1
 43
0
 50
0
 70
    1
 71
    1
 44
0
 45
0
  0
INSERT
  5
79D
100
AcDbEntity
  8
LAYER_1
  6
ByLayer
 62
    7
370
   -1
100
AcDbBlockReference
  2
AI9-BLK231
 10
101.131639
 20
97.39491599999999
 30
0
 41
1
 42
1
 43
0
 50
0
 70
    1
 71
    1
 44
0
 45
0
  0
INSERT
  5
79E
100
AcDbEntity
  8
LAYER_1
  6
ByLayer
 62
    7
370
   -1
100
AcDbBlockReference
  2
AI9-BLK229
 10
94.771648
 20
94.854848
 30
0
 41
1
 42
1
 43
0
 50
0
 70
    1
 71
    1
 44
0
 45
0
  0
INSERT
  5
79F
100
AcDbEntity
  8
LAYER_1
  6
ByLayer
 62
    7
370
   -1
100
AcDbBlockReference
  2
AI9-BLK227
 10
102.401674
 20
99.93481300000001
 30
0
 41
1
 42
1
 43
0
 50
0
 70
    1
 71
    1
 44
0
 45
0
  0
INSERT
  5
7A0
100
AcDbEntity
  8
LAYER_1
  6
ByLayer
 62
    7
370
   -1
100
AcDbBlockReference
  2
AI9-BLK225
 10
92.241743
 20
99.93481300000001
 30
0
 41
1
 42
1
 43
0
 50
0
 70
    1
 71
    1
 44
0
 45
0
  0
INSERT
  5
7A1
100
AcDbEntity
  8
LAYER_1
  6
ByLayer
 62
    7
370
   -1
100
AcDbBlockReference
  2
AI9-BLK223
 10
-74.12760299999999
 20
80.964912
 30
0
 41
1
 42
1
 43
0
 50
0
 70
    1
 71
    1
 44
0
 45
0
  0
INSERT
  5
7A2
100
AcDbEntity
  8
LAYER_1
  6
ByLayer
 62
    7
370
   -1
100
AcDbBlockReference
  2
AI9-BLK221
 10
-70.317499
 20
78.344916
 30
0
 41
1
 42
1
 43
0
 50
0
 70
    1
 71
    1
 44
0
 45
0
  0
INSERT
  5
7A3
100
AcDbEntity
  8
LAYER_1
  6
ByLayer
 62
    7
370
   -1
100
AcDbBlockReference
  2
AI9-BLK219
 10
-76.67749000000001
 20
75.804934
 30
0
 41
1
 42
1
 43
0
 50
0
 70
    1
 71
    1
 44
0
 45
0
  0
INSERT
  5
7A4
100
AcDbEntity
  8
LAYER_1
  6
ByLayer
 62
    7
370
   -1
100
AcDbBlockReference
  2
AI9-BLK217
 10
-69.047465
 20
80.88481299999999
 30
0
 41
1
 42
1
 43
0
 50
0
 70
    1
 71
    1
 44
0
 45
0
  0
INSERT
  5
7A5
100
AcDbEntity
  8
LAYER_1
  6
ByLayer
 62
    7
370
   -1
100
AcDbBlockReference
  2
AI9-BLK215
 10
-79.20756799999999
 20
80.88481299999999
 30
0
 41
1
 42
1
 43
0
 50
0
 70
    1
 71
    1
 44
0
 45
0
  0
INSERT
  5
7A6
100
AcDbEntity
  8
LAYER_1
  6
ByLayer
 62
    7
370
   -1
100
AcDbBlockReference
  2
AI9-BLK213
 10
-55.077603
 20
80.964912
 30
0
 41
1
 42
1
 43
0
 50
0
 70
    1
 71
    1
 44
0
 45
0
  0
INSERT
  5
7A7
100
AcDbEntity
  8
LAYER_1
  6
ByLayer
 62
    7
370
   -1
100
AcDbBlockReference
  2
AI9-BLK211
 10
-51.267672
 20
78.344916
 30
0
 41
1
 42
1
 43
0
 50
0
 70
    1
 71
    1
 44
0
 45
0
  0
INSERT
  5
7A8
100
AcDbEntity
  8
LAYER_1
  6
ByLayer
 62
    7
370
   -1
100
AcDbBlockReference
  2
AI9-BLK209
 10
-57.62749
 20
75.804934
 30
0
 41
1
 42
1
 43
0
 50
0
 70
    1
 71
    1
 44
0
 45
0
  0
INSERT
  5
7A9
100
AcDbEntity
  8
LAYER_1
  6
ByLayer
 62
    7
370
   -1
100
AcDbBlockReference
  2
AI9-BLK207
 10
-49.997637
 20
80.88481299999999
 30
0
 41
1
 42
1
 43
0
 50
0
 70
    1
 71
    1
 44
0
 45
0
  0
INSERT
  5
7AA
100
AcDbEntity
  8
LAYER_1
  6
ByLayer
 62
    7
370
   -1
100
AcDbBlockReference
  2
AI9-BLK205
 10
-60.157568
 20
80.88481299999999
 30
0
 41
1
 42
1
 43
0
 50
0
 70
    1
 71
    1
 44
0
 45
0
  0
INSERT
  5
7AB
100
AcDbEntity
  8
LAYER_1
  6
ByLayer
 62
    7
370
   -1
100
AcDbBlockReference
  2
AI9-BLK203
 10
-36.027775
 20
80.964912
 30
0
 41
1
 42
1
 43
0
 50
0
 70
    1
 71
    1
 44
0
 45
0
  0
INSERT
  5
7AC
100
AcDbEntity
  8
LAYER_1
  6
ByLayer
 62
    7
370
   -1
100
AcDbBlockReference
  2
AI9-BLK201
 10
-32.217672
 20
78.344916
 30
0
 41
1
 42
1
 43
0
 50
0
 70
    1
 71
    1
 44
0
 45
0
  0
INSERT
  5
7AD
100
AcDbEntity
  8
LAYER_1
  6
ByLayer
 62
    7
370
   -1
100
AcDbBlockReference
  2
AI9-BLK199
 10
-38.577662
 20
75.804934
 30
0
 41
1
 42
1
 43
0
 50
0
 70
    1
 71
    1
 44
0
 45
0
  0
INSERT
  5
7AE
100
AcDbEntity
  8
LAYER_1
  6
ByLayer
 62
    7
370
   -1
100
AcDbBlockReference
  2
AI9-BLK197
 10
-30.94781
 20
80.88481299999999
 30
0
 41
1
 42
1
 43
0
 50
0
 70
    1
 71
    1
 44
0
 45
0
  0
INSERT
  5
7AF
100
AcDbEntity
  8
LAYER_1
  6
ByLayer
 62
    7
370
   -1
100
AcDbBlockReference
  2
AI9-BLK195
 10
-41.107568
 20
80.88481299999999
 30
0
 41
1
 42
1
 43
0
 50
0
 70
    1
 71
    1
 44
0
 45
0
  0
INSERT
  5
7B0
100
AcDbEntity
  8
LAYER_1
  6
ByLayer
 62
    7
370
   -1
100
AcDbBlockReference
  2
AI9-BLK193
 10
-16.977775
 20
80.964912
 30
0
 41
1
 42
1
 43
0
 50
0
 70
    1
 71
    1
 44
0
 45
0
  0
INSERT
  5
7B1
100
AcDbEntity
  8
LAYER_1
  6
ByLayer
 62
    7
370
   -1
100
AcDbBlockReference
  2
AI9-BLK191
 10
-13.167844
 20
78.344916
 30
0
 41
1
 42
1
 43
0
 50
0
 70
    1
 71
    1
 44
0
 45
0
  0
INSERT
  5
7B2
100
AcDbEntity
  8
LAYER_1
  6
ByLayer
 62
    7
370
   -1
100
AcDbBlockReference
  2
AI9-BLK189
 10
-19.527662
 20
75.804934
 30
0
 41
1
 42
1
 43
0
 50
0
 70
    1
 71
    1
 44
0
 45
0
  0
INSERT
  5
7B3
100
AcDbEntity
  8
LAYER_1
  6
ByLayer
 62
    7
370
   -1
100
AcDbBlockReference
  2
AI9-BLK187
 10
-11.897982
 20
80.88481299999999
 30
0
 41
1
 42
1
 43
0
 50
0
 70
    1
 71
    1
 44
0
 45
0
  0
INSERT
  5
7B4
100
AcDbEntity
  8
LAYER_1
  6
ByLayer
 62
    7
370
   -1
100
AcDbBlockReference
  2
AI9-BLK185
 10
-22.057568
 20
80.88481299999999
 30
0
 41
1
 42
1
 43
0
 50
0
 70
    1
 71
    1
 44
0
 45
0
  0
INSERT
  5
7B5
100
AcDbEntity
  8
LAYER_1
  6
ByLayer
 62
    7
370
   -1
100
AcDbBlockReference
  2
AI9-BLK183
 10
2.072225
 20
80.964912
 30
0
 41
1
 42
1
 43
0
 50
0
 70
    1
 71
    1
 44
0
 45
0
  0
INSERT
  5
7B6
100
AcDbEntity
  8
LAYER_1
  6
ByLayer
 62
    7
370
   -1
100
AcDbBlockReference
  2
AI9-BLK181
 10
5.882156
 20
78.344916
 30
0
 41
1
 42
1
 43
0
 50
0
 70
    1
 71
    1
 44
0
 45
0
  0
INSERT
  5
7B7
100
AcDbEntity
  8
LAYER_1
  6
ByLayer
 62
    7
370
   -1
100
AcDbBlockReference
  2
AI9-BLK179
 10
-0.477835
 20
75.804934
 30
0
 41
1
 42
1
 43
0
 50
0
 70
    1
 71
    1
 44
0
 45
0
  0
INSERT
  5
7B8
100
AcDbEntity
  8
LAYER_1
  6
ByLayer
 62
    7
370
   -1
100
AcDbBlockReference
  2
AI9-BLK177
 10
7.152018
 20
80.88481299999999
 30
0
 41
1
 42
1
 43
0
 50
0
 70
    1
 71
    1
 44
0
 45
0
  0
INSERT
  5
7B9
100
AcDbEntity
  8
LAYER_1
  6
ByLayer
 62
    7
370
   -1
100
AcDbBlockReference
  2
AI9-BLK175
 10
-3.007913
 20
80.88481299999999
 30
0
 41
1
 42
1
 43
0
 50
0
 70
    1
 71
    1
 44
0
 45
0
  0
INSERT
  5
7BA
100
AcDbEntity
  8
LAYER_1
  6
ByLayer
 62
    7
370
   -1
100
AcDbBlockReference
  2
AI9-BLK173
 10
21.122053
 20
80.964912
 30
0
 41
1
 42
1
 43
0
 50
0
 70
    1
 71
    1
 44
0
 45
0
  0
INSERT
  5
7BB
100
AcDbEntity
  8
LAYER_1
  6
ByLayer
 62
    7
370
   -1
100
AcDbBlockReference
  2
AI9-BLK171
 10
24.931984
 20
78.344916
 30
0
 41
1
 42
1
 43
0
 50
0
 70
    1
 71
    1
 44
0
 45
0
  0
INSERT
  5
7BC
100
AcDbEntity
  8
LAYER_1
  6
ByLayer
 62
    7
370
   -1
100
AcDbBlockReference
  2
AI9-BLK169
 10
18.572165
 20
75.804934
 30
0
 41
1
 42
1
 43
0
 50
0
 70
    1
 71
    1
 44
0
 45
0
  0
INSERT
  5
7BD
100
AcDbEntity
  8
LAYER_1
  6
ByLayer
 62
    7
370
   -1
100
AcDbBlockReference
  2
AI9-BLK167
 10
26.202018
 20
80.88481299999999
 30
0
 41
1
 42
1
 43
0
 50
0
 70
    1
 71
    1
 44
0
 45
0
  0
INSERT
  5
7BE
100
AcDbEntity
  8
LAYER_1
  6
ByLayer
 62
    7
370
   -1
100
AcDbBlockReference
  2
AI9-BLK165
 10
16.042087
 20
80.88481299999999
 30
0
 41
1
 42
1
 43
0
 50
0
 70
    1
 71
    1
 44
0
 45
0
  0
INSERT
  5
7BF
100
AcDbEntity
  8
LAYER_1
  6
ByLayer
 62
    7
370
   -1
100
AcDbBlockReference
  2
AI9-BLK163
 10
40.172053
 20
80.964912
 30
0
 41
1
 42
1
 43
0
 50
0
 70
    1
 71
    1
 44
0
 45
0
  0
INSERT
  5
7C0
100
AcDbEntity
  8
LAYER_1
  6
ByLayer
 62
    7
370
   -1
100
AcDbBlockReference
  2
AI9-BLK161
 10
43.981812
 20
78.344916
 30
0
 41
1
 42
1
 43
0
 50
0
 70
    1
 71
    1
 44
0
 45
0
  0
INSERT
  5
7C1
100
AcDbEntity
  8
LAYER_1
  6
ByLayer
 62
    7
370
   -1
100
AcDbBlockReference
  2
AI9-BLK159
 10
37.621993
 20
75.804934
 30
0
 41
1
 42
1
 43
0
 50
0
 70
    1
 71
    1
 44
0
 45
0
  0
INSERT
  5
7C2
100
AcDbEntity
  8
LAYER_1
  6
ByLayer
 62
    7
370
   -1
100
AcDbBlockReference
  2
AI9-BLK157
 10
45.252018
 20
80.88481299999999
 30
0
 41
1
 42
1
 43
0
 50
0
 70
    1
 71
    1
 44
0
 45
0
  0
INSERT
  5
7C3
100
AcDbEntity
  8
LAYER_1
  6
ByLayer
 62
    7
370
   -1
100
AcDbBlockReference
  2
AI9-BLK155
 10
35.091743
 20
80.88481299999999
 30
0
 41
1
 42
1
 43
0
 50
0
 70
    1
 71
    1
 44
0
 45
0
  0
INSERT
  5
7C4
100
AcDbEntity
  8
LAYER_1
  6
ByLayer
 62
    7
370
   -1
100
AcDbBlockReference
  2
AI9-BLK153
 10
59.221708
 20
80.964912
 30
0
 41
1
 42
1
 43
0
 50
0
 70
    1
 71
    1
 44
0
 45
0
  0
INSERT
  5
7C5
100
AcDbEntity
  8
LAYER_1
  6
ByLayer
 62
    7
370
   -1
100
AcDbBlockReference
  2
AI9-BLK151
 10
63.031812
 20
78.344916
 30
0
 41
1
 42
1
 43
0
 50
0
 70
    1
 71
    1
 44
0
 45
0
  0
INSERT
  5
7C6
100
AcDbEntity
  8
LAYER_1
  6
ByLayer
 62
    7
370
   -1
100
AcDbBlockReference
  2
AI9-BLK149
 10
56.671993
 20
75.804934
 30
0
 41
1
 42
1
 43
0
 50
0
 70
    1
 71
    1
 44
0
 45
0
  0
INSERT
  5
7C7
100
AcDbEntity
  8
LAYER_1
  6
ByLayer
 62
    7
370
   -1
100
AcDbBlockReference
  2
AI9-BLK147
 10
64.302018
 20
80.88481299999999
 30
0
 41
1
 42
1
 43
0
 50
0
 70
    1
 71
    1
 44
0
 45
0
  0
INSERT
  5
7C8
100
AcDbEntity
  8
LAYER_1
  6
ByLayer
 62
    7
370
   -1
100
AcDbBlockReference
  2
AI9-BLK145
 10
54.141743
 20
80.88481299999999
 30
0
 41
1
 42
1
 43
0
 50
0
 70
    1
 71
    1
 44
0
 45
0
  0
INSERT
  5
7C9
100
AcDbEntity
  8
LAYER_1
  6
ByLayer
 62
    7
370
   -1
100
AcDbBlockReference
  2
AI9-BLK143
 10
78.271708
 20
80.964912
 30
0
 41
1
 42
1
 43
0
 50
0
 70
    1
 71
    1
 44
0
 45
0
  0
INSERT
  5
7CA
100
AcDbEntity
  8
LAYER_1
  6
ByLayer
 62
    7
370
   -1
100
AcDbBlockReference
  2
AI9-BLK141
 10
82.081812
 20
78.344916
 30
0
 41
1
 42
1
 43
0
 50
0
 70
    1
 71
    1
 44
0
 45
0
  0
INSERT
  5
7CB
100
AcDbEntity
  8
LAYER_1
  6
ByLayer
 62
    7
370
   -1
100
AcDbBlockReference
  2
AI9-BLK139
 10
75.72182100000001
 20
75.804934
 30
0
 41
1
 42
1
 43
0
 50
0
 70
    1
 71
    1
 44
0
 45
0
  0
INSERT
  5
7CC
100
AcDbEntity
  8
LAYER_1
  6
ByLayer
 62
    7
370
   -1
100
AcDbBlockReference
  2
AI9-BLK137
 10
83.351674
 20
80.88481299999999
 30
0
 41
1
 42
1
 43
0
 50
0
 70
    1
 71
    1
 44
0
 45
0
  0
INSERT
  5
7CD
100
AcDbEntity
  8
LAYER_1
  6
ByLayer
 62
    7
370
   -1
100
AcDbBlockReference
  2
AI9-BLK135
 10
73.191743
 20
80.88481299999999
 30
0
 41
1
 42
1
 43
0
 50
0
 70
    1
 71
    1
 44
0
 45
0
  0
INSERT
  5
7CE
100
AcDbEntity
  8
LAYER_1
  6
ByLayer
 62
    7
370
   -1
100
AcDbBlockReference
  2
AI9-BLK133
 10
97.32153599999999
 20
80.964912
 30
0
 41
1
 42
1
 43
0
 50
0
 70
    1
 71
    1
 44
0
 45
0
  0
INSERT
  5
7CF
100
AcDbEntity
  8
LAYER_1
  6
ByLayer
 62
    7
370
   -1
100
AcDbBlockReference
  2
AI9-BLK131
 10
101.131639
 20
78.344916
 30
0
 41
1
 42
1
 43
0
 50
0
 70
    1
 71
    1
 44
0
 45
0
  0
INSERT
  5
7D0
100
AcDbEntity
  8
LAYER_1
  6
ByLayer
 62
    7
370
   -1
100
AcDbBlockReference
  2
AI9-BLK129
 10
94.771648
 20
75.804934
 30
0
 41
1
 42
1
 43
0
 50
0
 70
    1
 71
    1
 44
0
 45
0
  0
INSERT
  5
7D1
100
AcDbEntity
  8
LAYER_1
  6
ByLayer
 62
    7
370
   -1
100
AcDbBlockReference
  2
AI9-BLK127
 10
102.401674
 20
80.88481299999999
 30
0
 41
1
 42
1
 43
0
 50
0
 70
    1
 71
    1
 44
0
 45
0
  0
INSERT
  5
7D2
100
AcDbEntity
  8
LAYER_1
  6
ByLayer
 62
    7
370
   -1
100
AcDbBlockReference
  2
AI9-BLK125
 10
92.241743
 20
80.88481299999999
 30
0
 41
1
 42
1
 43
0
 50
0
 70
    1
 71
    1
 44
0
 45
0
  0
INSERT
  5
7D3
100
AcDbEntity
  8
LAYER_1
  6
ByLayer
 62
    7
370
   -1
100
AcDbBlockReference
  2
AI9-BLK123
 10
-74.12760299999999
 20
61.914912
 30
0
 41
1
 42
1
 43
0
 50
0
 70
    1
 71
    1
 44
0
 45
0
  0
INSERT
  5
7D4
100
AcDbEntity
  8
LAYER_1
  6
ByLayer
 62
    7
370
   -1
100
AcDbBlockReference
  2
AI9-BLK121
 10
-70.317499
 20
59.295261
 30
0
 41
1
 42
1
 43
0
 50
0
 70
    1
 71
    1
 44
0
 45
0
  0
INSERT
  5
7D5
100
AcDbEntity
  8
LAYER_1
  6
ByLayer
 62
    7
370
   -1
100
AcDbBlockReference
  2
AI9-BLK119
 10
-76.67749000000001
 20
56.754848
 30
0
 41
1
 42
1
 43
0
 50
0
 70
    1
 71
    1
 44
0
 45
0
  0
INSERT
  5
7D6
100
AcDbEntity
  8
LAYER_1
  6
ByLayer
 62
    7
370
   -1
100
AcDbBlockReference
  2
AI9-BLK117
 10
-69.047465
 20
61.83533
 30
0
 41
1
 42
1
 43
0
 50
0
 70
    1
 71
    1
 44
0
 45
0
  0
INSERT
  5
7D7
100
AcDbEntity
  8
LAYER_1
  6
ByLayer
 62
    7
370
   -1
100
AcDbBlockReference
  2
AI9-BLK115
 10
-79.20756799999999
 20
61.83533
 30
0
 41
1
 42
1
 43
0
 50
0
 70
    1
 71
    1
 44
0
 45
0
  0
INSERT
  5
7D8
100
AcDbEntity
  8
LAYER_1
  6
ByLayer
 62
    7
370
   -1
100
AcDbBlockReference
  2
AI9-BLK113
 10
-55.077603
 20
61.914912
 30
0
 41
1
 42
1
 43
0
 50
0
 70
    1
 71
    1
 44
0
 45
0
  0
INSERT
  5
7D9
100
AcDbEntity
  8
LAYER_1
  6
ByLayer
 62
    7
370
   -1
100
AcDbBlockReference
  2
AI9-BLK111
 10
-51.267672
 20
59.295261
 30
0
 41
1
 42
1
 43
0
 50
0
 70
    1
 71
    1
 44
0
 45
0
  0
INSERT
  5
7DA
100
AcDbEntity
  8
LAYER_1
  6
ByLayer
 62
    7
370
   -1
100
AcDbBlockReference
  2
AI9-BLK109
 10
-57.62749
 20
56.754848
 30
0
 41
1
 42
1
 43
0
 50
0
 70
    1
 71
    1
 44
0
 45
0
  0
INSERT
  5
7DB
100
AcDbEntity
  8
LAYER_1
  6
ByLayer
 62
    7
370
   -1
100
AcDbBlockReference
  2
AI9-BLK107
 10
-49.997637
 20
61.83533
 30
0
 41
1
 42
1
 43
0
 50
0
 70
    1
 71
    1
 44
0
 45
0
  0
INSERT
  5
7DC
100
AcDbEntity
  8
LAYER_1
  6
ByLayer
 62
    7
370
   -1
100
AcDbBlockReference
  2
AI9-BLK105
 10
-60.157568
 20
61.83533
 30
0
 41
1
 42
1
 43
0
 50
0
 70
    1
 71
    1
 44
0
 45
0
  0
INSERT
  5
7DD
100
AcDbEntity
  8
LAYER_1
  6
ByLayer
 62
    7
370
   -1
100
AcDbBlockReference
  2
AI9-BLK103
 10
-36.027775
 20
61.914912
 30
0
 41
1
 42
1
 43
0
 50
0
 70
    1
 71
    1
 44
0
 45
0
  0
INSERT
  5
7DE
100
AcDbEntity
  8
LAYER_1
  6
ByLayer
 62
    7
370
   -1
100
AcDbBlockReference
  2
AI9-BLK101
 10
-32.217672
 20
59.295261
 30
0
 41
1
 42
1
 43
0
 50
0
 70
    1
 71
    1
 44
0
 45
0
  0
INSERT
  5
7DF
100
AcDbEntity
  8
LAYER_1
  6
ByLayer
 62
    7
370
   -1
100
AcDbBlockReference
  2
AI9-BLK99
 10
-38.577662
 20
56.754848
 30
0
 41
1
 42
1
 43
0
 50
0
 70
    1
 71
    1
 44
0
 45
0
  0
INSERT
  5
7E0
100
AcDbEntity
  8
LAYER_1
  6
ByLayer
 62
    7
370
   -1
100
AcDbBlockReference
  2
AI9-BLK97
 10
-30.94781
 20
61.83533
 30
0
 41
1
 42
1
 43
0
 50
0
 70
    1
 71
    1
 44
0
 45
0
  0
INSERT
  5
7E1
100
AcDbEntity
  8
LAYER_1
  6
ByLayer
 62
    7
370
   -1
100
AcDbBlockReference
  2
AI9-BLK95
 10
-41.107568
 20
61.83533
 30
0
 41
1
 42
1
 43
0
 50
0
 70
    1
 71
    1
 44
0
 45
0
  0
INSERT
  5
7E2
100
AcDbEntity
  8
LAYER_1
  6
ByLayer
 62
    7
370
   -1
100
AcDbBlockReference
  2
AI9-BLK93
 10
-16.977775
 20
61.914912
 30
0
 41
1
 42
1
 43
0
 50
0
 70
    1
 71
    1
 44
0
 45
0
  0
INSERT
  5
7E3
100
AcDbEntity
  8
LAYER_1
  6
ByLayer
 62
    7
370
   -1
100
AcDbBlockReference
  2
AI9-BLK91
 10
-13.167844
 20
59.295261
 30
0
 41
1
 42
1
 43
0
 50
0
 70
    1
 71
    1
 44
0
 45
0
  0
INSERT
  5
7E4
100
AcDbEntity
  8
LAYER_1
  6
ByLayer
 62
    7
370
   -1
100
AcDbBlockReference
  2
AI9-BLK89
 10
-19.527662
 20
56.754848
 30
0
 41
1
 42
1
 43
0
 50
0
 70
    1
 71
    1
 44
0
 45
0
  0
INSERT
  5
7E5
100
AcDbEntity
  8
LAYER_1
  6
ByLayer
 62
    7
370
   -1
100
AcDbBlockReference
  2
AI9-BLK87
 10
-11.897982
 20
61.83533
 30
0
 41
1
 42
1
 43
0
 50
0
 70
    1
 71
    1
 44
0
 45
0
  0
INSERT
  5
7E6
100
AcDbEntity
  8
LAYER_1
  6
ByLayer
 62
    7
370
   -1
100
AcDbBlockReference
  2
AI9-BLK85
 10
-22.057568
 20
61.83533
 30
0
 41
1
 42
1
 43
0
 50
0
 70
    1
 71
    1
 44
0
 45
0
  0
INSERT
  5
7E7
100
AcDbEntity
  8
LAYER_1
  6
ByLayer
 62
    7
370
   -1
100
AcDbBlockReference
  2
AI9-BLK83
 10
2.072225
 20
61.914912
 30
0
 41
1
 42
1
 43
0
 50
0
 70
    1
 71
    1
 44
0
 45
0
  0
INSERT
  5
7E8
100
AcDbEntity
  8
LAYER_1
  6
ByLayer
 62
    7
370
   -1
100
AcDbBlockReference
  2
AI9-BLK81
 10
5.882156
 20
59.295261
 30
0
 41
1
 42
1
 43
0
 50
0
 70
    1
 71
    1
 44
0
 45
0
  0
INSERT
  5
7E9
100
AcDbEntity
  8
LAYER_1
  6
ByLayer
 62
    7
370
   -1
100
AcDbBlockReference
  2
AI9-BLK79
 10
-0.477835
 20
56.754848
 30
0
 41
1
 42
1
 43
0
 50
0
 70
    1
 71
    1
 44
0
 45
0
  0
INSERT
  5
7EA
100
AcDbEntity
  8
LAYER_1
  6
ByLayer
 62
    7
370
   -1
100
AcDbBlockReference
  2
AI9-BLK77
 10
7.152018
 20
61.83533
 30
0
 41
1
 42
1
 43
0
 50
0
 70
    1
 71
    1
 44
0
 45
0
  0
INSERT
  5
7EB
100
AcDbEntity
  8
LAYER_1
  6
ByLayer
 62
    7
370
   -1
100
AcDbBlockReference
  2
AI9-BLK75
 10
-3.007913
 20
61.83533
 30
0
 41
1
 42
1
 43
0
 50
0
 70
    1
 71
    1
 44
0
 45
0
  0
INSERT
  5
7EC
100
AcDbEntity
  8
LAYER_1
  6
ByLayer
 62
    7
370
   -1
100
AcDbBlockReference
  2
AI9-BLK73
 10
21.122053
 20
61.914912
 30
0
 41
1
 42
1
 43
0
 50
0
 70
    1
 71
    1
 44
0
 45
0
  0
INSERT
  5
7ED
100
AcDbEntity
  8
LAYER_1
  6
ByLayer
 62
    7
370
   -1
100
AcDbBlockReference
  2
AI9-BLK71
 10
24.931984
 20
59.295261
 30
0
 41
1
 42
1
 43
0
 50
0
 70
    1
 71
    1
 44
0
 45
0
  0
INSERT
  5
7EE
100
AcDbEntity
  8
LAYER_1
  6
ByLayer
 62
    7
370
   -1
100
AcDbBlockReference
  2
AI9-BLK69
 10
18.572165
 20
56.754848
 30
0
 41
1
 42
1
 43
0
 50
0
 70
    1
 71
    1
 44
0
 45
0
  0
INSERT
  5
7EF
100
AcDbEntity
  8
LAYER_1
  6
ByLayer
 62
    7
370
   -1
100
AcDbBlockReference
  2
AI9-BLK67
 10
26.202018
 20
61.83533
 30
0
 41
1
 42
1
 43
0
 50
0
 70
    1
 71
    1
 44
0
 45
0
  0
INSERT
  5
7F0
100
AcDbEntity
  8
LAYER_1
  6
ByLayer
 62
    7
370
   -1
100
AcDbBlockReference
  2
AI9-BLK65
 10
16.042087
 20
61.83533
 30
0
 41
1
 42
1
 43
0
 50
0
 70
    1
 71
    1
 44
0
 45
0
  0
INSERT
  5
7F1
100
AcDbEntity
  8
LAYER_1
  6
ByLayer
 62
    7
370
   -1
100
AcDbBlockReference
  2
AI9-BLK63
 10
40.172053
 20
61.914912
 30
0
 41
1
 42
1
 43
0
 50
0
 70
    1
 71
    1
 44
0
 45
0
  0
INSERT
  5
7F2
100
AcDbEntity
  8
LAYER_1
  6
ByLayer
 62
    7
370
   -1
100
AcDbBlockReference
  2
AI9-BLK61
 10
43.981812
 20
59.295261
 30
0
 41
1
 42
1
 43
0
 50
0
 70
    1
 71
    1
 44
0
 45
0
  0
INSERT
  5
7F3
100
AcDbEntity
  8
LAYER_1
  6
ByLayer
 62
    7
370
   -1
100
AcDbBlockReference
  2
AI9-BLK59
 10
37.621993
 20
56.754848
 30
0
 41
1
 42
1
 43
0
 50
0
 70
    1
 71
    1
 44
0
 45
0
  0
INSERT
  5
7F4
100
AcDbEntity
  8
LAYER_1
  6
ByLayer
 62
    7
370
   -1
100
AcDbBlockReference
  2
AI9-BLK57
 10
45.252018
 20
61.83533
 30
0
 41
1
 42
1
 43
0
 50
0
 70
    1
 71
    1
 44
0
 45
0
  0
INSERT
  5
7F5
100
AcDbEntity
  8
LAYER_1
  6
ByLayer
 62
    7
370
   -1
100
AcDbBlockReference
  2
AI9-BLK55
 10
35.091743
 20
61.83533
 30
0
 41
1
 42
1
 43
0
 50
0
 70
    1
 71
    1
 44
0
 45
0
  0
INSERT
  5
7F6
100
AcDbEntity
  8
LAYER_1
  6
ByLayer
 62
    7
370
   -1
100
AcDbBlockReference
  2
AI9-BLK53
 10
59.221708
 20
61.914912
 30
0
 41
1
 42
1
 43
0
 50
0
 70
    1
 71
    1
 44
0
 45
0
  0
INSERT
  5
7F7
100
AcDbEntity
  8
LAYER_1
  6
ByLayer
 62
    7
370
   -1
100
AcDbBlockReference
  2
AI9-BLK51
 10
63.031812
 20
59.295261
 30
0
 41
1
 42
1
 43
0
 50
0
 70
    1
 71
    1
 44
0
 45
0
  0
INSERT
  5
7F8
100
AcDbEntity
  8
LAYER_1
  6
ByLayer
 62
    7
370
   -1
100
AcDbBlockReference
  2
AI9-BLK49
 10
56.671993
 20
56.754848
 30
0
 41
1
 42
1
 43
0
 50
0
 70
    1
 71
    1
 44
0
 45
0
  0
INSERT
  5
7F9
100
AcDbEntity
  8
LAYER_1
  6
ByLayer
 62
    7
370
   -1
100
AcDbBlockReference
  2
AI9-BLK47
 10
64.302018
 20
61.83533
 30
0
 41
1
 42
1
 43
0
 50
0
 70
    1
 71
    1
 44
0
 45
0
  0
INSERT
  5
7FA
100
AcDbEntity
  8
LAYER_1
  6
ByLayer
 62
    7
370
   -1
100
AcDbBlockReference
  2
AI9-BLK45
 10
54.141743
 20
61.83533
 30
0
 41
1
 42
1
 43
0
 50
0
 70
    1
 71
    1
 44
0
 45
0
  0
INSERT
  5
7FB
100
AcDbEntity
  8
LAYER_1
  6
ByLayer
 62
    7
370
   -1
100
AcDbBlockReference
  2
AI9-BLK43
 10
78.271708
 20
61.914912
 30
0
 41
1
 42
1
 43
0
 50
0
 70
    1
 71
    1
 44
0
 45
0
  0
INSERT
  5
7FC
100
AcDbEntity
  8
LAYER_1
  6
ByLayer
 62
    7
370
   -1
100
AcDbBlockReference
  2
AI9-BLK41
 10
82.081812
 20
59.295261
 30
0
 41
1
 42
1
 43
0
 50
0
 70
    1
 71
    1
 44
0
 45
0
  0
INSERT
  5
7FD
100
AcDbEntity
  8
LAYER_1
  6
ByLayer
 62
    7
370
   -1
100
AcDbBlockReference
  2
AI9-BLK39
 10
75.72182100000001
 20
56.754848
 30
0
 41
1
 42
1
 43
0
 50
0
 70
    1
 71
    1
 44
0
 45
0
  0
INSERT
  5
7FE
100
AcDbEntity
  8
LAYER_1
  6
ByLayer
 62
    7
370
   -1
100
AcDbBlockReference
  2
AI9-BLK37
 10
83.351674
 20
61.83533
 30
0
 41
1
 42
1
 43
0
 50
0
 70
    1
 71
    1
 44
0
 45
0
  0
INSERT
  5
7FF
100
AcDbEntity
  8
LAYER_1
  6
ByLayer
 62
    7
370
   -1
100
AcDbBlockReference
  2
AI9-BLK35
 10
73.191743
 20
61.83533
 30
0
 41
1
 42
1
 43
0
 50
0
 70
    1
 71
    1
 44
0
 45
0
  0
INSERT
  5
800
100
AcDbEntity
  8
LAYER_1
  6
ByLayer
 62
    7
370
   -1
100
AcDbBlockReference
  2
AI9-BLK33
 10
97.32153599999999
 20
61.914912
 30
0
 41
1
 42
1
 43
0
 50
0
 70
    1
 71
    1
 44
0
 45
0
  0
INSERT
  5
801
100
AcDbEntity
  8
LAYER_1
  6
ByLayer
 62
    7
370
   -1
100
AcDbBlockReference
  2
AI9-BLK31
 10
101.131639
 20
59.295261
 30
0
 41
1
 42
1
 43
0
 50
0
 70
    1
 71
    1
 44
0
 45
0
  0
INSERT
  5
802
100
AcDbEntity
  8
LAYER_1
  6
ByLayer
 62
    7
370
   -1
100
AcDbBlockReference
  2
AI9-BLK29
 10
94.771648
 20
56.754848
 30
0
 41
1
 42
1
 43
0
 50
0
 70
    1
 71
    1
 44
0
 45
0
  0
INSERT
  5
803
100
AcDbEntity
  8
LAYER_1
  6
ByLayer
 62
    7
370
   -1
100
AcDbBlockReference
  2
AI9-BLK27
 10
102.401674
 20
61.83533
 30
0
 41
1
 42
1
 43
0
 50
0
 70
    1
 71
    1
 44
0
 45
0
  0
INSERT
  5
804
100
AcDbEntity
  8
LAYER_1
  6
ByLayer
 62
    7
370
   -1
100
AcDbBlockReference
  2
AI9-BLK25
 10
92.241743
 20
61.83533
 30
0
 41
1
 42
1
 43
0
 50
0
 70
    1
 71
    1
 44
0
 45
0
  0
INSERT
  5
805
100
AcDbEntity
  8
LAYER_1
  6
ByLayer
 62
    7
370
   -1
100
AcDbBlockReference
  2
AI9-BLK23
 10
11.535902
 20
61.914912
 30
0
 41
1
 42
1
 43
0
 50
0
 70
    1
 71
    1
 44
0
 45
0
  0
INSERT
  5
806
100
AcDbEntity
  8
LAYER_1
  6
ByLayer
 62
    7
370
   -1
100
AcDbBlockReference
  2
AI9-BLK21
 10
15.346006
 20
59.295261
 30
0
 41
1
 42
1
 43
0
 50
0
 70
    1
 71
    1
 44
0
 45
0
  0
INSERT
  5
807
100
AcDbEntity
  8
LAYER_1
  6
ByLayer
 62
    7
370
   -1
100
AcDbBlockReference
  2
AI9-BLK19
 10
8.986186999999999
 20
56.754848
 30
0
 41
1
 42
1
 43
0
 50
0
 70
    1
 71
    1
 44
0
 45
0
  0
INSERT
  5
808
100
AcDbEntity
  8
LAYER_1
  6
ByLayer
 62
    7
370
   -1
100
AcDbBlockReference
  2
AI9-BLK17
 10
16.61604
 20
61.83533
 30
0
 41
1
 42
1
 43
0
 50
0
 70
    1
 71
    1
 44
0
 45
0
  0
INSERT
  5
809
100
AcDbEntity
  8
LAYER_1
  6
ByLayer
 62
    7
370
   -1
100
AcDbBlockReference
  2
AI9-BLK15
 10
6.456109
 20
61.83533
 30
0
 41
1
 42
1
 43
0
 50
0
 70
    1
 71
    1
 44
0
 45
0
  0
INSERT
  5
80A
100
AcDbEntity
  8
LAYER_1
  6
ByLayer
 62
    7
370
   -1
100
AcDbBlockReference
  2
AI9-BLK13
 10
-48.503672
 20
122.346021
 30
0
 41
1
 42
1
 43
0
 50
0
 70
    1
 71
    1
 44
0
 45
0
  0
INSERT
  5
80B
100
AcDbEntity
  8
LAYER_1
  6
ByLayer
 62
    7
370
   -1
100
AcDbBlockReference
  2
AI9-BLK11
 10
-42.723663
 20
122.346021
 30
0
 41
1
 42
1
 43
0
 50
0
 70
    1
 71
    1
 44
0
 45
0
  0
INSERT
  5
80C
100
AcDbEntity
  8
LAYER_1
  6
ByLayer
 62
    7
370
   -1
100
AcDbBlockReference
  2
AI9-BLK9
 10
-0.488687
 20
70.297173
 30
0
 41
1
 42
1
 43
0
 50
0
 70
    1
 71
    1
 44
0
 45
0
  0
INSERT
  5
80D
100
AcDbEntity
  8
LAYER_1
  6
ByLayer
 62
    7
370
   -1
100
AcDbBlockReference
  2
AI9-BLK7
 10
23.561008
 20
70.297173
 30
0
 41
1
 42
1
 43
0
 50
0
 70
    1
 71
    1
 44
0
 45
0
  0
INSERT
  5
80E
100
AcDbEntity
  8
LAYER_1
  6
ByLayer
 62
    7
370
   -1
100
AcDbBlockReference
  2
AI9-BLK5
 10
23.561008
 20
55.057104
 30
0
 41
1
 42
1
 43
0
 50
0
 70
    1
 71
    1
 44
0
 45
0
  0
INSERT
  5
80F
100
AcDbEntity
  8
LAYER_1
  6
ByLayer
 62
    7
370
   -1
100
AcDbBlockReference
  2
AI9-BLK3
 10
-0.488687
 20
55.057104
 30
0
 41
1
 42
1
 43
0
 50
0
 70
    1
 71
    1
 44
0
 45
0
  0
LINE
  5
810
100
AcDbEntity
  8
LAYER_1
  6
ByLayer
 62
    7
370
   -1
100
AcDbLine
 10
-81.79139000000001
 20
128.354095
 11
104.692318
 21
128.354095
  0
LINE
  5
811
100
AcDbEntity
  8
LAYER_1
  6
ByLayer
 62
    7
370
   -1
100
AcDbLine
 10
-83.81090500000001
 20
126.413128
 11
-83.81090500000001
 21
54.213401
  0
LINE
  5
812
100
AcDbEntity
  8
LAYER_1
  6
ByLayer
 62
    7
370
   -1
100
AcDbLine
 10
-81.792079
 20
52.213178
 11
104.692318
 21
52.213178
  0
LINE
  5
813
100
AcDbEntity
  8
LAYER_1
  6
ByLayer
 62
    7
370
   -1
100
AcDbLine
 10
106.630528
 20
126.354217
 11
106.630528
 21
54.251297
  0
SPLINE
  5
814
100
AcDbEntity
  8
LAYER_1
  6
ByLayer
 62
    7
370
   -1
100
AcDbSpline
210
0
220
0
230
0
 70
    8
 71
    3
 72
   11
 73
    7
 74
    0
 42
1e-007
 43
1e-007
 40
0
 40
0
 40
0
 40
0
 40
1
 40
1
 40
1
 40
2
 40
2
 40
2
 40
2
 10
104.6227267795139
 20
128.3382473415799
 30
0
 10
105.7272243923611
 20
128.3382473415799
 30
0
 10
106.6222601996528
 20
127.4428670247396
 30
0
 10
106.6222601996528
 20
126.3383694118923
 30
0
 10
106.6222601996528
 20
126.3383694118923
 30
0
 10
106.6222601996528
 20
126.3383694118923
 30
0
 10
106.6222601996528
 20
126.3383694118923
 30
0
  0
SPLINE
  5
815
100
AcDbEntity
  8
LAYER_1
  6
ByLayer
 62
    7
370
   -1
100
AcDbSpline
210
0
220
0
230
0
 70
    8
 71
    3
 72
   11
 73
    7
 74
    0
 42
1e-007
 43
1e-007
 40
0
 40
0
 40
0
 40
0
 40
1
 40
1
 40
1
 40
2
 40
2
 40
2
 40
2
 10
106.6222601996528
 20
54.21340060763888
 30
0
 10
106.6222601996528
 20
53.10890299479166
 30
0
 10
105.7272243923611
 20
52.21317816840277
 30
0
 10
104.6227267795139
 20
52.21317816840277
 30
0
 10
104.6227267795139
 20
52.21317816840277
 30
0
 10
104.6227267795139
 20
52.21317816840277
 30
0
 10
104.6227267795139
 20
52.21317816840277
 30
0
  0
SPLINE
  5
816
100
AcDbEntity
  8
LAYER_1
  6
ByLayer
 62
    7
370
   -1
100
AcDbSpline
210
0
220
0
230
0
 70
    8
 71
    3
 72
    8
 73
    4
 74
    0
 42
1e-007
 43
1e-007
 40
0
 40
0
 40
0
 40
0
 40
1
 40
1
 40
1
 40
1
 10
-83.8122829861111
 20
126.3383694118923
 30
0
 10
-83.8122829861111
 20
127.4428670247396
 30
0
 10
-82.91690266927083
 20
128.3382473415799
 30
0
 10
-81.8124050564236
 20
128.3382473415799
 30
0
  0
SPLINE
  5
817
100
AcDbEntity
  8
LAYER_1
  6
ByLayer
 62
    7
370
   -1
100
AcDbSpline
210
0
220
0
230
0
 70
    8
 71
    3
 72
    8
 73
    4
 74
    0
 42
1e-007
 43
1e-007
 40
0
 40
0
 40
0
 40
0
 40
1
 40
1
 40
1
 40
1
 10
-81.8124050564236
 20
52.21317816840277
 30
0
 10
-82.91690266927083
 20
52.21386718749999
 30
0
 10
-83.8122829861111
 20
53.10890299479166
 30
0
 10
-83.8122829861111
 20
54.21340060763888
 30
0
  0
ENDSEC
  0
SECTION
  2
OBJECTS
  0
DICTIONARY
  5
C
330
0
100
AcDbDictionary
281
    1
  3
ACAD_GROUP
350
D
  0
DICTIONARY
  5
D
330
C
100
AcDbDictionary
281
    1
  0
ENDSEC
  0
EOF
