{
    "name": "P38 Keyboard",
    "vendorId": "0x0566",
    "productId": "0xC6CE",
    "lighting": "qmk_rgblight", 
    "matrix": {
        "rows": 7,
        "cols": 6
    },
    "layouts": {
        "labels":[
          "Less 1 Encoder"
        ],
        "keymap": [
  [
    {
      "y": 0.25,
      "f": 1
    },
    "0,0"
  ],
  [
    {
      "y": -0.89,
      "x": 10.75
    },
    "3,4"
  ],
  [
    {
      "y": -0.10999999999999988,
      "x": 0.15
    },
    "1,0",
    {
      "x": 11.6,
      "f": 3
    },
    "0,0\n\n\n0,0\n\n\n\n\n\ne",
    "0,1\n\n\n0,0\n\n\n\n\n\ne"
  ],
  [
    {
      "y": -0.8999999999999999,
      "x": 11.1,
      "f": 1
    },
    "3,5"
  ],
  [
    {
      "y": -0.8500000000000001,
      "x": 5.5,
      "f": 3,
      "fa": [
        1,
        0,
        0,
        0,
        0,
        0,
        0,
        0,
        0,
        1
      ]
    },
    "6,0\n\n\n0,0\n\n\n\n\n\ne0"
  ],
  [
    {
      "y": -0.25,
      "x": 0.5,
      "f": 1
    },
    "2,0"
  ],
  [
    {
      "y": -0.9199999999999999,
      "x": 10.75
    },
    "4,5"
  ],
  [
    {
      "y": -0.08000000000000007,
      "w": 1.25
    },
    "2,3"
  ],
  [
    {
      "y": -0.9300000000000002,
      "x": 10.85,
      "w": 1.25
    },
    "5,5"
  ],
  [
    {
      "y": -0.8200000000000003,
      "x": 12.75,
      "f": 3
    },
    "1,0\n\n\n\n\n\n\n\n\ne",
    "1,1\n\n\n\n\n\n\n\n\ne"
  ],
  [
    {
      "y": -0.9999999999999996,
      "x": 5.5,
      "fa": [
        1,
        0,
        0,
        0,
        0,
        0,
        0,
        0,
        0,
        1
      ]
    },
    "6,1\n\n\n\n\n\n\n\n\ne1"
  ],
  [
    {
      "r": 3,
      "rx": 3,
      "ry": 4.25,
      "y": -3.88,
      "x": -2.19,
      "f": 1
    },
    "0,1"
  ],
  [
    {
      "y": -0.020000000000000018,
      "x": -2
    },
    "1,1"
  ],
  [
    {
      "r": 4,
      "y": 0.009999999999999787,
      "x": -1.62
    },
    "2,1"
  ],
  [
    {
      "y": 0.010000000000000231,
      "x": -1.78,
      "w": 1.25
    },
    "2,4"
  ],
  [
    {
      "r": 6,
      "y": -3.94,
      "x": -1.37
    },
    "0,2"
  ],
  [
    {
      "y": -0.02000000000000024,
      "x": -1.15
    },
    "1,2"
  ],
  [
    {
      "r": 7,
      "y": 0.009999999999999787,
      "x": -0.7000000000000002
    },
    "2,2"
  ],
  [
    {
      "r": 9,
      "y": -2.9699999999999998,
      "x": -0.5499999999999998
    },
    "0,3"
  ],
  [
    {
      "y": -0.010000000000000231,
      "x": -0.2799999999999998
    },
    "1,3"
  ],
  [
    {
      "r": 10,
      "y": -0.020000000000000018,
      "x": 0.20000000000000018
    },
    "1,4"
  ],
  [
    {
      "r": 10.5,
      "x": -0.5499999999999998,
      "w": 2.75
    },
    "2,5"
  ],
  [
    {
      "r": 11,
      "y": -3.9699999999999998,
      "x": 0.31999999999999984
    },
    "0,4"
  ],
  [
    {
      "y": -0.02000000000000024,
      "x": 0.6299999999999999
    },
    "0,5"
  ],
  [
    {
      "y": -0.019999999999999574,
      "x": 1.17
    },
    "1,5"
  ],
  [
    {
      "r": -11,
      "rx": 12.5,
      "y": -4.25,
      "x": -5.1
    },
    "3,0"
  ],
  [
    {
      "y": -0.030000000000000027,
      "x": -4.91
    },
    "4,0"
  ],
  [
    {
      "y": -0.030000000000000027,
      "x": -5.45
    },
    "5,0"
  ],
  [
    {
      "r": -10,
      "y": -0.94,
      "x": -4.48
    },
    "5,1"
  ],
  [
    {
      "x": -5.12,
      "w": 2.25
    },
    "5,3"
  ],
  [
    {
      "r": -9,
      "y": -3.91,
      "x": -4.219999999999999
    },
    "3,1"
  ],
  [
    {
      "y": -0.020000000000000018,
      "x": -4.01
    },
    "4,1"
  ],
  [
    {
      "r": -6,
      "y": -1.85,
      "x": -3.4000000000000004
    },
    "3,2"
  ],
  [
    {
      "y": -0.020000000000000018,
      "x": -3.1500000000000004
    },
    "4,2"
  ],
  [
    {
      "x": -3.5999999999999996
    },
    "5,2"
  ],
  [
    {
      "r": -4,
      "y": -0.9499999999999997,
      "x": -2.6500000000000004
    },
    "4,4"
  ],
  [
    {
      "y": 0.009999999999999787,
      "x": -2.879999999999999,
      "w": 1.25
    },
    "5,4"
  ],
  [
    {
      "r": -3,
      "y": -3.94,
      "x": -2.58
    },
    "3,3"
  ],
  [
    {
      "y": -0.020000000000000018,
      "x": -2.2799999999999994
    },
    "4,3"
  ]
]

    },
    "vial": {
        "midi": "advanced"
    }
}

